outcome,T/N,N,T,S,event time,att estimate,confidence interval_l,confidence interval_u
hom_all_rate,5.27272727272727,33,174,78,1,0.0742704955059054,-0.677043576216636,0.639105315205833
hom_all_rate,5.27272727272727,33,174,78,2,2.1327195591498,1.38627583523939,2.75156638582296
hom_all_rate,5.27272727272727,33,174,78,3,1.95806978695475,1.27099148611466,2.57691661362791
hom_all_rate,5.27272727272727,33,174,78,4,0.823595515862152,0.136517215022057,1.44244234253531
hom_all_rate,5.27272727272727,33,174,78,5,0.257662298127649,-0.422956703932467,0.998929051522547
hom_all_rate,5.27272727272727,33,174,78,6,-0.250527925369943,-0.911179040320387,0.499143270955384
hom_all_rate,5.27272727272727,33,174,78,7,0.695586699761295,0.0330731304701336,1.44525789608662
hom_all_rate,5.27272727272727,33,174,78,8,0.0137025760442692,-0.648810993246893,0.763373772369596
hom_all_rate,5.27272727272727,33,174,78,9,2.60573392794493,1.94322035865377,3.35540512427026
hom_all_rate,5.27272727272727,33,174,78,10,1.5662435738484,0.903730004557242,2.31591477017373
hom_all_rate,5.27272727272727,33,174,78,11,0.7587676254511,-0.0214548007264791,1.50843882177643
hom_all_rate,5.27272727272727,33,174,78,12,0.350573593016768,-0.429648833160811,1.10024478934209
hom_all_rate,5.27272727272727,33,174,78,13,-0.630791672894128,-1.41101409907171,0.118879523431198
hom_all_rate,5.27272727272727,33,174,78,14,-0.46596368239303,-1.24618610857061,0.283707513932297
hom_all_rate,5.27272727272727,33,174,78,15,-0.468133547364734,-1.25280967484502,0.277852690966298
hom_all_rate,5.27272727272727,33,174,78,16,0.924793767857286,0.144494913995352,1.67495176193165
hom_all_rate,5.27272727272727,33,174,78,17,-0.717999176856514,-1.49829803071845,0.0321588172178537
hom_all_rate,5.27272727272727,33,174,78,18,-0.606178384989204,-1.38647723885114,0.143979609085164
hom_all_rate,5.27272727272727,33,174,78,19,1.91972228595342,1.14143377894437,2.66676322715411
hom_all_rate,5.27272727272727,33,174,78,20,-1.12897058610838,-1.89030520517161,-0.387546432578556
hom_all_rate,5.27272727272727,33,174,78,21,2.70783767756428,1.92753214784946,3.45440074958017
hom_all_rate,5.27272727272727,33,174,78,22,0.407319585323386,-0.385408530761727,1.15388265733928
hom_all_rate,5.27272727272727,33,174,78,23,-2.35864186450797,-3.15136998059308,-1.61207879249207
hom_all_rate,5.27272727272727,33,174,78,24,1.2615607369824,0.468832620897286,2.0081238089983
hom_all_rate,5.27272727272727,33,174,78,25,4.16187030283796,3.36914218675285,4.90843337485386
hom_all_rate,5.27272727272727,33,174,78,26,-0.447072818976498,-1.23980093506161,0.299490253039398
hom_all_rate,5.27272727272727,33,174,78,27,-2.7926827011149,-3.58541081720002,-2.04611962909901
hom_all_rate,5.27272727272727,33,174,78,28,2.24489311150523,1.45216499542012,2.99145618352113
hom_all_rate,5.27272727272727,33,174,78,29,-3.49138160464427,-4.28410972072938,-2.74481853262837
hom_all_rate,5.27272727272727,33,174,78,30,1.16034591709863,0.367617801013513,1.90690898911452
hom_all_rate,5.27272727272727,33,174,78,31,1.52117552360258,0.728447407517464,2.26773859561847
hom_all_rate,5.27272727272727,33,174,78,32,1.00667920170727,0.213951085622158,1.75324227372317
hom_all_rate,5.27272727272727,33,174,78,33,0.729158499777132,-0.0635696163079805,1.47572157179303
hom_all_rate,5.27272727272727,33,174,78,34,1.27238528406348,0.479657167978369,2.01894835607938
hom_all_rate,5.27272727272727,33,174,78,35,1.54534389832269,0.752615782237577,2.29190697033859
hom_all_rate,5.27272727272727,33,174,78,36,0.151946340762673,-0.64078177532244,0.898509412778569
hom_all_rate,5.27272727272727,33,174,78,37,0.496911096600897,-0.295817019484216,1.24347416861679
hom_all_rate,5.27272727272727,33,174,78,38,3.50802589013874,2.71529777405363,4.25458896215464
hom_all_rate,5.27272727272727,33,174,78,39,-0.456590103494312,-1.24931821957942,0.289972968521584
hom_all_rate,5.27272727272727,33,174,78,40,2.25775423323399,1.46502611714887,3.00431730524988
hom_all_rate,5.27272727272727,33,174,78,41,-0.478294786047679,-1.27102290213279,0.268268285968217
hom_all_rate,5.27272727272727,33,174,78,42,-0.327323908680963,-1.12005202476608,0.419239163334933
hom_all_rate,5.27272727272727,33,174,78,43,0.721954615355451,-0.0707735007296619,1.46851768737135
hom_all_rate,5.27272727272727,33,174,78,44,0.346958884000825,-0.51152181734413,1.09352195601672
hom_all_rate,5.27272727272727,33,174,78,45,0.87381216052294,0.0153314591779846,1.62037523253884
hom_all_rate,5.27272727272727,33,174,78,46,4.89670678406685,4.0382260827219,5.64326985608275
hom_all_rate,5.27272727272727,33,174,78,47,-2.93757489618303,-3.84586866039358,-2.19101182416713
hom_all_rate,5.27272727272727,33,174,78,48,-1.66695321461734,-2.57524697882789,-0.920390142601443
hom_all_rate,5.27272727272727,33,174,78,49,0.364545610913488,-0.543748153297065,1.11110868292938
hom_all_rate,5.27272727272727,33,174,78,50,0.0875106281722806,-0.820783136038272,0.834073700188177
hom_all_rate,5.27272727272727,33,174,78,51,0.195731551263977,-0.712562212946577,0.942294623279873
hom_all_rate,5.27272727272727,33,174,78,52,2.91576725904516,2.0074734948346,3.66233033106105
hom_all_rate,5.27272727272727,33,174,78,53,0.372638808766329,-0.535654955444224,1.11920188078223
hom_all_rate,5.27272727272727,33,174,78,54,0.808885303757688,-0.0994084604528651,1.55544837577358
hom_all_rate,5.27272727272727,33,174,78,55,0.247560628918293,-0.66073313529226,0.994123700934189
hom_all_rate,5.27272727272727,33,174,78,56,-0.81389570390934,-1.72218946811989,-0.0673326318934433
hom_all_rate,5.27272727272727,33,174,78,57,-1.66103053202071,-2.56932429623127,-0.914467460004818
hom_all_rate,5.27272727272727,33,174,78,58,-2.10997110123447,-3.01826486544502,-1.37078923836665
hom_all_rate,5.27272727272727,33,174,78,59,-0.674343127394701,-1.71232497805894,0.234862036075792
hom_all_rate,5.27272727272727,33,174,78,60,-1.44039136251026,-2.60800630797028,-0.698447432828964
hom_all_rate,5.27272727272727,33,174,78,61,-3.16825769880859,-4.33587264426861,-2.42631376912729
hom_all_rate,5.27272727272727,33,174,78,62,-1.1137451493419,-2.28136009480192,-0.371801219660604
hom_all_rate,5.27272727272727,33,174,78,63,1.21727226096042,0.0496573155004068,1.95921619064172
hom_all_rate,5.27272727272727,33,174,78,64,-1.0562068981986,-2.93296124182228,-0.0936932681740759
hom_all_rate,5.27272727272727,33,174,78,65,0.0122329353152577,-1.86452140830842,0.974746565339781
hom_all_rate,5.27272727272727,33,174,78,66,2.00515764983626,0.128403306212582,3.00367367525604
hom_all_rate,5.27272727272727,33,174,78,67,0.230787009526831,-1.64596733409685,1.22930303494661
hom_all_rate,5.27272727272727,33,174,78,68,-2.15965376200463,-4.03640810562831,-1.16113773658485
hom_all_rate,5.27272727272727,33,174,78,69,-2.02932068149154,-3.90607502511522,-0.966812912684821
hom_all_rate,5.27272727272727,33,174,78,70,-0.270170621014345,-2.14692496463803,0.792337147792375
hom_all_rate,5.27272727272727,33,174,78,71,1.9756311074868,0.0988767638631165,3.03813887629352
hom_all_rate,5.27272727272727,33,174,78,72,3.007985682389,1.13123133876531,4.07049345119571
hom_all_rate,5.27272727272727,33,174,78,73,1.43029635545026,-0.446457988173426,2.49280412425697
hom_all_rate,5.27272727272727,33,174,78,74,-0.0470143362260989,-1.92376867984978,1.01549343258062
hom_all_rate,5.27272727272727,33,174,78,75,1.59354524586616,-0.283209097757523,2.65605301467288
hom_all_rate,5.27272727272727,33,174,78,76,-0.442971114460892,-2.31972545808457,0.630067815875023
hom_all_rate,5.27272727272727,33,174,78,77,9.18556963268711,7.30881528906342,10.258608563023
hom_all_rate,5.27272727272727,33,174,78,78,6.20488487517844,4.19674501571662,7.54607443198008
hom_ym_rate,5.27272727272727,33,174,78,1,0.160154304316564,-0.380155617562487,0.488131111522146
hom_ym_rate,5.27272727272727,33,174,78,2,1.00430453037871,0.467461747780517,1.33384507670216
hom_ym_rate,5.27272727272727,33,174,78,3,0.700953111546138,0.164110328947941,1.03049365786959
hom_ym_rate,5.27272727272727,33,174,78,4,-0.23877660200875,-0.775619384606947,0.0907639443146978
hom_ym_rate,5.27272727272727,33,174,78,5,0.426454710052061,-0.109271119827785,0.793739828016381
hom_ym_rate,5.27272727272727,33,174,78,6,-0.172992157361022,-0.699454488856512,0.123310478563725
hom_ym_rate,5.27272727272727,33,174,78,7,-0.356011418571738,-0.882473750067228,-0.0597087826469909
hom_ym_rate,5.27272727272727,33,174,78,8,-0.437475911690603,-0.963938243186093,-0.141173275765856
hom_ym_rate,5.27272727272727,33,174,78,9,1.29085760102769,0.764395269532199,1.58716023695244
hom_ym_rate,5.27272727272727,33,174,78,10,1.63275945598767,1.10629712449218,1.92906209191242
hom_ym_rate,5.27272727272727,33,174,78,11,0.781838327551738,0.255375996056248,1.07814096347649
hom_ym_rate,5.27272727272727,33,174,78,12,0.431597383679895,-0.0948649478155957,0.727900019604642
hom_ym_rate,5.27272727272727,33,174,78,13,0.236804662622388,-0.289657668873102,0.533107298547135
hom_ym_rate,5.27272727272727,33,174,78,14,-0.179851864774399,-0.70631419626989,0.116450771150348
hom_ym_rate,5.27272727272727,33,174,78,15,0.318450446912284,-0.208945595047522,0.615008054856283
hom_ym_rate,5.27272727272727,33,174,78,16,0.485082706968907,-0.0377012501412679,0.784136500402492
hom_ym_rate,5.27272727272727,33,174,78,17,-0.345759394093769,-0.868543351203944,-0.0467056006601848
hom_ym_rate,5.27272727272727,33,174,78,18,0.101128233073815,-0.42165572403636,0.400182026507399
hom_ym_rate,5.27272727272727,33,174,78,19,1.20905764860792,0.685414221515927,1.50863251309819
hom_ym_rate,5.27272727272727,33,174,78,20,0.138664126605658,-0.37459024733906,0.445043245316765
hom_ym_rate,5.27272727272727,33,174,78,21,1.96777103200179,1.46065390822265,2.27869580278308
hom_ym_rate,5.27272727272727,33,174,78,22,0.354840144979587,-0.291897150201027,0.665764915760872
hom_ym_rate,5.27272727272727,33,174,78,23,-0.322119340174147,-0.968856635354761,-0.0111945693928616
hom_ym_rate,5.27272727272727,33,174,78,24,0.893480372789281,0.246743077608667,1.20440514357057
hom_ym_rate,5.27272727272727,33,174,78,25,2.47835674724356,1.83161945206295,2.78928151802484
hom_ym_rate,5.27272727272727,33,174,78,26,-0.341370738769539,-0.988108033950153,-0.00852705316915042
hom_ym_rate,5.27272727272727,33,174,78,27,-1.11880307396527,-1.76554036914589,-0.785959388364886
hom_ym_rate,5.27272727272727,33,174,78,28,0.830117850479334,0.18338055529872,1.16296153607972
hom_ym_rate,5.27272727272727,33,174,78,29,-0.571001158979974,-1.21773845416059,-0.238157473379585
hom_ym_rate,5.27272727272727,33,174,78,30,1.94455190435954,1.29781460917893,2.27739558995993
hom_ym_rate,5.27272727272727,33,174,78,31,2.53532144796369,1.88858415278307,2.86816513356408
hom_ym_rate,5.27272727272727,33,174,78,32,1.21780121882895,0.57106392364834,1.55064490442934
hom_ym_rate,5.27272727272727,33,174,78,33,0.269494330547627,-0.377242964632987,0.602338016148016
hom_ym_rate,5.27272727272727,33,174,78,34,0.935684304909711,0.288947009729097,1.2685279905101
hom_ym_rate,5.27272727272727,33,174,78,35,1.29980553903126,0.653068243850643,1.63264922463165
hom_ym_rate,5.27272727272727,33,174,78,36,1.34987247693028,0.703135181749667,1.68271616253067
hom_ym_rate,5.27272727272727,33,174,78,37,1.5330437124144,0.886306417233789,1.86588739801479
hom_ym_rate,5.27272727272727,33,174,78,38,1.43854947281911,0.791812177638492,1.7713931584195
hom_ym_rate,5.27272727272727,33,174,78,39,0.113077359023823,-0.533659936156791,0.445921044624212
hom_ym_rate,5.27272727272727,33,174,78,40,1.80660235869911,1.1598650635185,2.1394460442995
hom_ym_rate,5.27272727272727,33,174,78,41,0.333163507260497,-0.313573787920117,0.666007192860886
hom_ym_rate,5.27272727272727,33,174,78,42,0.447543872468711,-0.199193422711903,0.7803875580691
hom_ym_rate,5.27272727272727,33,174,78,43,0.161470028451385,-0.485267266729229,0.494313714051773
hom_ym_rate,5.27272727272727,33,174,78,44,0.182022225726457,-0.464715069454157,0.514865911326846
hom_ym_rate,5.27272727272727,33,174,78,45,0.176377595382723,-0.470359699797891,0.509221280983112
hom_ym_rate,5.27272727272727,33,174,78,46,1.08293949651485,0.436202201334235,1.41578318211524
hom_ym_rate,5.27272727272727,33,174,78,47,-0.278659846879446,-1.02762993149647,0.054183838720943
hom_ym_rate,5.27272727272727,33,174,78,48,-1.32346706452564,-2.07243714914266,-0.99062337892525
hom_ym_rate,5.27272727272727,33,174,78,49,-0.0134678446362441,-0.762437929253265,0.319375840964145
hom_ym_rate,5.27272727272727,33,174,78,50,-0.925622702688472,-1.67459278730549,-0.592779017088084
hom_ym_rate,5.27272727272727,33,174,78,51,0.234656222494879,-0.514313862122143,0.572125830857753
hom_ym_rate,5.27272727272727,33,174,78,52,1.82376270070261,1.07479261608559,2.16123230906549
hom_ym_rate,5.27272727272727,33,174,78,53,0.427786266956972,-0.32118381766005,0.765255875319846
hom_ym_rate,5.27272727272727,33,174,78,54,0.0353971738202307,-0.713572910796791,0.410681484006216
hom_ym_rate,5.27272727272727,33,174,78,55,1.41761127368007,0.668641189063046,1.79289558386605
hom_ym_rate,5.27272727272727,33,174,78,56,-1.01288624423962,-1.76185632885664,-0.637601934053632
hom_ym_rate,5.27272727272727,33,174,78,57,-0.44336263469831,-1.19233271931533,-0.0680783245123241
hom_ym_rate,5.27272727272727,33,174,78,58,-0.190923407999043,-0.939893492616064,0.184360902186943
hom_ym_rate,5.27272727272727,33,174,78,59,0.626273092205925,0.0797770150854954,1.06710384390654
hom_ym_rate,5.27272727272727,33,174,78,60,-1.06652258968949,-1.69459250705769,-0.565562675829768
hom_ym_rate,5.27272727272727,33,174,78,61,-0.762244458806181,-1.39031437617438,-0.261284544946456
hom_ym_rate,5.27272727272727,33,174,78,62,0.829263939581927,0.201194022213725,1.33022385344165
hom_ym_rate,5.27272727272727,33,174,78,63,1.7713840866893,1.14331416932109,2.27234400054902
hom_ym_rate,5.27272727272727,33,174,78,64,0.392165218396093,-0.379874710156665,1.05533276579567
hom_ym_rate,5.27272727272727,33,174,78,65,-0.432898638701937,-1.20493856725469,0.230268908697642
hom_ym_rate,5.27272727272727,33,174,78,66,-0.292441588689004,-1.06448151724176,0.370725958710574
hom_ym_rate,5.27272727272727,33,174,78,67,0.46933218833742,-0.302707740215337,1.10832643354775
hom_ym_rate,5.27272727272727,33,174,78,68,0.0761021913754467,-0.695937737177311,0.694565421111583
hom_ym_rate,5.27272727272727,33,174,78,69,-1.21237404051159,-1.98441396906435,-0.588363824536715
hom_ym_rate,5.27272727272727,33,174,78,70,-0.0659341476413719,-0.837974076194129,0.558076068333502
hom_ym_rate,5.27272727272727,33,174,78,71,1.63233040276998,0.860290474217221,2.25634061874485
hom_ym_rate,5.27272727272727,33,174,78,72,1.83285344703959,1.06081351848683,2.45686366301446
hom_ym_rate,5.27272727272727,33,174,78,73,-0.0286714380562173,-0.917491572104557,0.595338777918656
hom_ym_rate,5.27272727272727,33,174,78,74,3.3762217632898,2.48740162924146,4.00023197926467
hom_ym_rate,5.27272727272727,33,174,78,75,3.82129948865862,2.93247935461028,4.46047839896243
hom_ym_rate,5.27272727272727,33,174,78,76,0.593495046933541,-0.295325087114799,1.23267395723735
hom_ym_rate,5.27272727272727,33,174,78,77,2.17112060018656,1.28230046613822,2.81809181687275
hom_ym_rate,5.27272727272727,33,174,78,78,4.16435936783889,3.14293027515051,4.8720010667372
theft_violent_rate,1.27272727272727,33,42,90,1,-0.898187132423928,NaN,NaN
theft_violent_rate,1.27272727272727,33,42,90,2,-1.61468375220871,NaN,NaN
theft_violent_rate,1.27272727272727,33,42,90,3,-2.03257359030925,NaN,NaN
theft_violent_rate,1.27272727272727,33,42,90,4,-2.02938974785654,NaN,NaN
theft_violent_rate,1.27272727272727,33,42,90,5,-1.10708772725973,NaN,NaN
theft_violent_rate,1.27272727272727,33,42,90,6,-1.26389356753328,NaN,NaN
theft_violent_rate,1.27272727272727,33,42,90,7,-1.31345400811601,NaN,NaN
theft_violent_rate,1.27272727272727,33,42,90,8,-2.12563466909557,NaN,NaN
theft_violent_rate,1.27272727272727,33,42,90,9,-1.6648380813372,NaN,NaN
theft_violent_rate,1.27272727272727,33,42,90,10,-1.62168154619959,NaN,NaN
theft_violent_rate,1.27272727272727,33,42,90,11,-1.59826723130168,NaN,NaN
theft_violent_rate,1.27272727272727,33,42,90,12,-2.14532380232639,NaN,NaN
theft_violent_rate,1.27272727272727,33,42,90,13,-2.14382735966429,NaN,NaN
theft_violent_rate,1.27272727272727,33,42,90,14,-1.98273319868299,NaN,NaN
theft_violent_rate,1.27272727272727,33,42,90,15,-1.76889471784065,NaN,NaN
theft_violent_rate,1.27272727272727,33,42,90,16,-1.81607039233993,NaN,NaN
theft_violent_rate,1.27272727272727,33,42,90,17,-0.841114483322388,NaN,NaN
theft_violent_rate,1.27272727272727,33,42,90,18,-1.48954522279004,NaN,NaN
theft_violent_rate,1.27272727272727,33,42,90,19,-1.83165215423628,NaN,NaN
theft_violent_rate,1.27272727272727,33,42,90,20,-2.10769675376604,NaN,NaN
theft_violent_rate,1.27272727272727,33,42,90,21,-1.05009069289994,NaN,NaN
theft_violent_rate,1.27272727272727,33,42,90,22,-1.48104475214922,NaN,NaN
theft_violent_rate,1.27272727272727,33,42,90,23,-1.84812316920257,NaN,NaN
theft_violent_rate,1.27272727272727,33,42,90,24,-2.08345000955937,NaN,NaN
theft_violent_rate,1.27272727272727,33,42,90,25,-0.13886844043359,NaN,NaN
theft_violent_rate,1.27272727272727,33,42,90,26,-1.27164155856305,NaN,NaN
theft_violent_rate,1.27272727272727,33,42,90,27,-2.08678276975606,NaN,NaN
theft_violent_rate,1.27272727272727,33,42,90,28,-2.79486230261374,NaN,NaN
theft_violent_rate,1.27272727272727,33,42,90,29,-2.31620903741966,NaN,NaN
theft_violent_rate,1.27272727272727,33,42,90,30,-2.42929093581391,NaN,NaN
theft_violent_rate,1.27272727272727,33,42,90,31,-1.45462220319778,NaN,NaN
theft_violent_rate,1.27272727272727,33,42,90,32,-1.91617857699014,NaN,NaN
theft_violent_rate,1.27272727272727,33,42,90,33,-2.85686635987597,NaN,NaN
theft_violent_rate,1.27272727272727,33,42,90,34,-2.34036757829415,NaN,NaN
theft_violent_rate,1.27272727272727,33,42,90,35,-3.15513318564912,NaN,NaN
theft_violent_rate,1.27272727272727,33,42,90,36,-2.7882391282977,NaN,NaN
theft_violent_rate,1.27272727272727,33,42,90,37,-2.80952399118355,NaN,NaN
theft_violent_rate,1.27272727272727,33,42,90,38,-1.46000287537704,NaN,NaN
theft_violent_rate,1.27272727272727,33,42,90,39,-2.0704685418058,NaN,NaN
theft_violent_rate,1.27272727272727,33,42,90,40,-3.02654206880987,NaN,NaN
theft_violent_rate,1.27272727272727,33,42,90,41,-2.4419089487228,NaN,NaN
theft_violent_rate,1.27272727272727,33,42,90,42,-2.55443505816345,NaN,NaN
theft_violent_rate,1.27272727272727,33,42,90,43,-2.48320215029026,NaN,NaN
theft_violent_rate,1.27272727272727,33,42,90,44,-2.31659771865058,NaN,NaN
theft_violent_rate,1.27272727272727,33,42,90,45,-2.14597646007355,NaN,NaN
theft_violent_rate,1.27272727272727,33,42,90,46,-2.36690143678315,NaN,NaN
theft_violent_rate,1.27272727272727,33,42,90,47,-2.41868284853108,NaN,NaN
theft_violent_rate,1.27272727272727,33,42,90,48,-3.0105646716359,NaN,NaN
theft_violent_rate,1.27272727272727,33,42,90,49,-1.67247549467011,NaN,NaN
theft_violent_rate,1.27272727272727,33,42,90,50,-2.45713791714952,NaN,NaN
theft_violent_rate,1.27272727272727,33,42,90,51,-1.14431216109107,NaN,NaN
theft_violent_rate,1.27272727272727,33,42,90,52,-1.76538667064907,NaN,NaN
theft_violent_rate,1.27272727272727,33,42,90,53,-2.16202412137419,NaN,NaN
theft_violent_rate,1.27272727272727,33,42,90,54,-1.86311473001182,NaN,NaN
theft_violent_rate,1.27272727272727,33,42,90,55,-2.5426978448543,NaN,NaN
theft_violent_rate,1.27272727272727,33,42,90,56,-1.94975546059802,NaN,NaN
theft_violent_rate,1.27272727272727,33,42,90,57,-0.959569190611396,NaN,NaN
theft_violent_rate,1.27272727272727,33,42,90,58,-2.14762209698663,NaN,NaN
theft_violent_rate,1.27272727272727,33,42,90,59,-1.39741133926451,NaN,NaN
theft_violent_rate,1.27272727272727,33,42,90,60,-2.29314022520883,NaN,NaN
theft_violent_rate,1.27272727272727,33,42,90,61,-1.27249855005775,NaN,NaN
theft_violent_rate,1.27272727272727,33,42,90,62,-1.66234014256101,NaN,NaN
theft_violent_rate,1.27272727272727,33,42,90,63,-1.19357709282975,NaN,NaN
theft_violent_rate,1.27272727272727,33,42,90,64,-0.928383589353876,NaN,NaN
theft_violent_rate,1.27272727272727,33,42,90,65,-1.32707116201254,NaN,NaN
theft_violent_rate,1.27272727272727,33,42,90,66,-1.00992013077659,NaN,NaN
theft_violent_rate,1.27272727272727,33,42,90,67,-1.84593423875493,NaN,NaN
theft_violent_rate,1.27272727272727,33,42,90,68,-0.832663422373035,NaN,NaN
theft_violent_rate,1.27272727272727,33,42,90,69,-0.830281297522251,NaN,NaN
theft_violent_rate,1.27272727272727,33,42,90,70,-0.919285906520062,NaN,NaN
theft_violent_rate,1.27272727272727,33,42,90,71,-1.06075661517599,NaN,NaN
theft_violent_rate,1.27272727272727,33,42,90,72,-1.13574777216642,NaN,NaN
theft_violent_rate,1.27272727272727,33,42,90,73,-1.21163437990488,NaN,NaN
theft_violent_rate,1.27272727272727,33,42,90,74,-1.02754151167067,NaN,NaN
theft_violent_rate,1.27272727272727,33,42,90,75,-1.95419495001389,NaN,NaN
theft_violent_rate,1.27272727272727,33,42,90,76,-1.77887890196849,NaN,NaN
theft_violent_rate,1.27272727272727,33,42,90,77,-1.39064846249377,NaN,NaN
theft_violent_rate,1.27272727272727,33,42,90,78,-1.50013970126772,NaN,NaN
theft_violent_rate,1.27272727272727,33,42,90,79,-1.78096494140566,NaN,NaN
theft_violent_rate,1.27272727272727,33,42,90,80,-1.42396834970663,NaN,NaN
theft_violent_rate,1.27272727272727,33,42,90,81,-1.42640944747217,NaN,NaN
theft_violent_rate,1.27272727272727,33,42,90,82,-0.963717527017727,NaN,NaN
theft_violent_rate,1.27272727272727,33,42,90,83,-1.13209375170274,NaN,NaN
theft_violent_rate,1.27272727272727,33,42,90,84,-1.66351450680183,NaN,NaN
theft_violent_rate,1.27272727272727,33,42,90,85,-1.26197356232343,NaN,NaN
theft_violent_rate,1.27272727272727,33,42,90,86,-0.94803158586653,NaN,NaN
theft_violent_rate,1.27272727272727,33,42,90,87,-1.68107412006081,NaN,NaN
theft_violent_rate,1.27272727272727,33,42,90,88,-0.571775858887505,NaN,NaN
theft_violent_rate,1.27272727272727,33,42,90,89,-1.43224448165864,NaN,NaN
theft_violent_rate,1.27272727272727,33,42,90,90,-1.74811020925709,NaN,NaN
theft_nonviolent_rate,1.27272727272727,33,42,90,1,-2.02204284591207,NaN,NaN
theft_nonviolent_rate,1.27272727272727,33,42,90,2,-0.847368109851885,NaN,NaN
theft_nonviolent_rate,1.27272727272727,33,42,90,3,0.0249102290236537,NaN,NaN
theft_nonviolent_rate,1.27272727272727,33,42,90,4,-1.55758345674784,NaN,NaN
theft_nonviolent_rate,1.27272727272727,33,42,90,5,-1.63623798954672,NaN,NaN
theft_nonviolent_rate,1.27272727272727,33,42,90,6,-0.241874707170358,NaN,NaN
theft_nonviolent_rate,1.27272727272727,33,42,90,7,2.17022804035143,NaN,NaN
theft_nonviolent_rate,1.27272727272727,33,42,90,8,0.687425955653682,NaN,NaN
theft_nonviolent_rate,1.27272727272727,33,42,90,9,-1.81351843975146,NaN,NaN
theft_nonviolent_rate,1.27272727272727,33,42,90,10,-0.170784886137464,NaN,NaN
theft_nonviolent_rate,1.27272727272727,33,42,90,11,-1.39611892362181,NaN,NaN
theft_nonviolent_rate,1.27272727272727,33,42,90,12,0.19171629960875,NaN,NaN
theft_nonviolent_rate,1.27272727272727,33,42,90,13,1.02731388706008,NaN,NaN
theft_nonviolent_rate,1.27272727272727,33,42,90,14,0.142991493536851,NaN,NaN
theft_nonviolent_rate,1.27272727272727,33,42,90,15,1.40104985931712,NaN,NaN
theft_nonviolent_rate,1.27272727272727,33,42,90,16,0.922835602418152,NaN,NaN
theft_nonviolent_rate,1.27272727272727,33,42,90,17,2.41293731480337,NaN,NaN
theft_nonviolent_rate,1.27272727272727,33,42,90,18,-1.03091891697404,NaN,NaN
theft_nonviolent_rate,1.27272727272727,33,42,90,19,1.16288873380569,NaN,NaN
theft_nonviolent_rate,1.27272727272727,33,42,90,20,-0.456860514118749,NaN,NaN
theft_nonviolent_rate,1.27272727272727,33,42,90,21,-1.58974578379637,NaN,NaN
theft_nonviolent_rate,1.27272727272727,33,42,90,22,-1.23000671423271,NaN,NaN
theft_nonviolent_rate,1.27272727272727,33,42,90,23,0.496593794688308,NaN,NaN
theft_nonviolent_rate,1.27272727272727,33,42,90,24,-1.14841612476685,NaN,NaN
theft_nonviolent_rate,1.27272727272727,33,42,90,25,1.83114609646893,NaN,NaN
theft_nonviolent_rate,1.27272727272727,33,42,90,26,-0.582023931305902,NaN,NaN
theft_nonviolent_rate,1.27272727272727,33,42,90,27,-1.19594671016697,NaN,NaN
theft_nonviolent_rate,1.27272727272727,33,42,90,28,-2.0466020487816,NaN,NaN
theft_nonviolent_rate,1.27272727272727,33,42,90,29,-1.86047720570832,NaN,NaN
theft_nonviolent_rate,1.27272727272727,33,42,90,30,-2.28156756774432,NaN,NaN
theft_nonviolent_rate,1.27272727272727,33,42,90,31,-2.29971721433327,NaN,NaN
theft_nonviolent_rate,1.27272727272727,33,42,90,32,-2.9749416272055,NaN,NaN
theft_nonviolent_rate,1.27272727272727,33,42,90,33,-1.42780404193222,NaN,NaN
theft_nonviolent_rate,1.27272727272727,33,42,90,34,-1.0440438076169,NaN,NaN
theft_nonviolent_rate,1.27272727272727,33,42,90,35,-3.74182061817958,NaN,NaN
theft_nonviolent_rate,1.27272727272727,33,42,90,36,-0.197137556331427,NaN,NaN
theft_nonviolent_rate,1.27272727272727,33,42,90,37,-0.203105169656732,NaN,NaN
theft_nonviolent_rate,1.27272727272727,33,42,90,38,-4.68173254770096,NaN,NaN
theft_nonviolent_rate,1.27272727272727,33,42,90,39,-4.29175392541294,NaN,NaN
theft_nonviolent_rate,1.27272727272727,33,42,90,40,-3.99941372907952,NaN,NaN
theft_nonviolent_rate,1.27272727272727,33,42,90,41,-2.71833854529588,NaN,NaN
theft_nonviolent_rate,1.27272727272727,33,42,90,42,-3.21297547177135,NaN,NaN
theft_nonviolent_rate,1.27272727272727,33,42,90,43,-1.39665835251768,NaN,NaN
theft_nonviolent_rate,1.27272727272727,33,42,90,44,-3.00911738105639,NaN,NaN
theft_nonviolent_rate,1.27272727272727,33,42,90,45,-4.64693077501427,NaN,NaN
theft_nonviolent_rate,1.27272727272727,33,42,90,46,-2.76740272793082,NaN,NaN
theft_nonviolent_rate,1.27272727272727,33,42,90,47,-4.36442628823307,NaN,NaN
theft_nonviolent_rate,1.27272727272727,33,42,90,48,-1.99340678379573,NaN,NaN
theft_nonviolent_rate,1.27272727272727,33,42,90,49,-3.98247942648088,NaN,NaN
theft_nonviolent_rate,1.27272727272727,33,42,90,50,-2.48460583717917,NaN,NaN
theft_nonviolent_rate,1.27272727272727,33,42,90,51,-2.84981104615943,NaN,NaN
theft_nonviolent_rate,1.27272727272727,33,42,90,52,-1.9658083892978,NaN,NaN
theft_nonviolent_rate,1.27272727272727,33,42,90,53,-1.23465075293484,NaN,NaN
theft_nonviolent_rate,1.27272727272727,33,42,90,54,-3.5323659384141,NaN,NaN
theft_nonviolent_rate,1.27272727272727,33,42,90,55,-2.00951512101607,NaN,NaN
theft_nonviolent_rate,1.27272727272727,33,42,90,56,-1.12750908581203,NaN,NaN
theft_nonviolent_rate,1.27272727272727,33,42,90,57,-1.74718153026131,NaN,NaN
theft_nonviolent_rate,1.27272727272727,33,42,90,58,-3.07372572610242,NaN,NaN
theft_nonviolent_rate,1.27272727272727,33,42,90,59,-2.9663497804346,NaN,NaN
theft_nonviolent_rate,1.27272727272727,33,42,90,60,-1.98323826545033,NaN,NaN
theft_nonviolent_rate,1.27272727272727,33,42,90,61,-1.97707452287511,NaN,NaN
theft_nonviolent_rate,1.27272727272727,33,42,90,62,-3.5248650774576,NaN,NaN
theft_nonviolent_rate,1.27272727272727,33,42,90,63,-5.25609732351096,NaN,NaN
theft_nonviolent_rate,1.27272727272727,33,42,90,64,-3.15430886924269,NaN,NaN
theft_nonviolent_rate,1.27272727272727,33,42,90,65,-3.15003571133353,NaN,NaN
theft_nonviolent_rate,1.27272727272727,33,42,90,66,-5.35272077690916,NaN,NaN
theft_nonviolent_rate,1.27272727272727,33,42,90,67,-3.41321652827776,NaN,NaN
theft_nonviolent_rate,1.27272727272727,33,42,90,68,-3.71692737875032,NaN,NaN
theft_nonviolent_rate,1.27272727272727,33,42,90,69,-2.31579073757647,NaN,NaN
theft_nonviolent_rate,1.27272727272727,33,42,90,70,-0.350601856262061,NaN,NaN
theft_nonviolent_rate,1.27272727272727,33,42,90,71,-0.360042939159231,NaN,NaN
theft_nonviolent_rate,1.27272727272727,33,42,90,72,-2.63214850800031,NaN,NaN
theft_nonviolent_rate,1.27272727272727,33,42,90,73,-1.75375640459159,NaN,NaN
theft_nonviolent_rate,1.27272727272727,33,42,90,74,-1.79388492406479,NaN,NaN
theft_nonviolent_rate,1.27272727272727,33,42,90,75,0.0930715206071481,NaN,NaN
theft_nonviolent_rate,1.27272727272727,33,42,90,76,-0.904384159527488,NaN,NaN
theft_nonviolent_rate,1.27272727272727,33,42,90,77,-2.27299533638607,NaN,NaN
theft_nonviolent_rate,1.27272727272727,33,42,90,78,-2.04497014548701,NaN,NaN
theft_nonviolent_rate,1.27272727272727,33,42,90,79,-1.50825732783465,NaN,NaN
theft_nonviolent_rate,1.27272727272727,33,42,90,80,-2.6721088969371,NaN,NaN
theft_nonviolent_rate,1.27272727272727,33,42,90,81,-2.66993986908868,NaN,NaN
theft_nonviolent_rate,1.27272727272727,33,42,90,82,-2.09141895665013,NaN,NaN
theft_nonviolent_rate,1.27272727272727,33,42,90,83,-2.76952786699536,NaN,NaN
theft_nonviolent_rate,1.27272727272727,33,42,90,84,-2.91163585293116,NaN,NaN
theft_nonviolent_rate,1.27272727272727,33,42,90,85,-2.98543783584608,NaN,NaN
theft_nonviolent_rate,1.27272727272727,33,42,90,86,-4.09010753905132,NaN,NaN
theft_nonviolent_rate,1.27272727272727,33,42,90,87,-4.73702833284303,NaN,NaN
theft_nonviolent_rate,1.27272727272727,33,42,90,88,-4.76630972237206,NaN,NaN
theft_nonviolent_rate,1.27272727272727,33,42,90,89,-5.0494372409981,NaN,NaN
theft_nonviolent_rate,1.27272727272727,33,42,90,90,-3.52869098343546,NaN,NaN
presence_strength,0.454545454545455,33,15,7,1,-0.198484078711368,-0.389369607672076,-0.149809713647351
presence_strength,0.454545454545455,33,15,7,2,-0.131130658898367,-0.324734138759557,-0.100521390238946
presence_strength,0.454545454545455,33,15,7,3,-0.53515654109986,-0.72876002096105,-0.504547272440439
presence_strength,0.454545454545455,33,15,7,4,-0.607569790320001,-0.801173270181191,-0.57696052166058
presence_strength,0.454545454545455,33,15,7,5,-0.233085659587972,-0.426689139449162,-0.202476390928551
presence_strength,0.454545454545455,33,15,7,6,-0.00700621993206348,-0.200609699793254,0.0618881687033849
presence_strength,0.454545454545455,33,15,7,7,0.19611371244251,0.134305127182391,0.297628423593076
co_num,0.454545454545455,33,15,7,1,-0.284577045558464,-0.324420575459804,-0.220219050850858
co_num,0.454545454545455,33,15,7,2,-0.713559504580698,-0.75700578940468,-0.64378291623252
co_num,0.454545454545455,33,15,7,3,-0.821676597000147,-0.865122881824129,-0.751900008651969
co_num,0.454545454545455,33,15,7,4,-1.07600018521218,-1.11944647003616,-1.006223596864
co_num,0.454545454545455,33,15,7,5,-0.445108033880701,-0.488554318704683,-0.375331445532523
co_num,0.454545454545455,33,15,7,6,-0.148817897685063,-0.192264182509046,-0.00204134776348994
co_num,0.454545454545455,33,15,7,7,0.0157139436830907,-0.083050929661924,0.218856907749868
war,0.454545454545455,33,15,7,1,-0.401530301114755,-0.446915204991774,-0.396773524905015
war,0.454545454545455,33,15,7,2,-0.354493276227598,-0.398955714288181,-0.348813850641416
war,0.454545454545455,33,15,7,3,-0.256948558819655,-0.301410996880238,-0.251269133233473
war,0.454545454545455,33,15,7,4,-0.314859717582048,-0.359322155642631,-0.284851760813741
war,0.454545454545455,33,15,7,5,-0.312399306616683,-0.356861744677266,-0.282391349848376
war,0.454545454545455,33,15,7,6,-0.306481553240391,-0.350943991300974,-0.26830310212018
war,0.454545454545455,33,15,7,7,-0.228506470859085,-0.233807251594408,-0.211243043816927
