,p_cig,loginc,pct15-24,pc_beer,smk_75,smk_80,smk_88,state_fips,poptotal,pop_annual,immigration_english_language,atkin_index,gini_coef,incshare_top001,incshare_top01,incshare_top05,incshare_top1,incshare_top5,incshare_top10,theil_index,region,budget_surplus,budget_surplus_gsp,budget_surplus_inc,disposable_personal_income1000s_annual,general_expenditure,general_expenditure_gsp,general_expenditure_inc,general_revenue,general_revenue_gsp,general_revenue_inc,gsp_q,pc_inc_ann,pc_inc_quar,personal_income1000s,personal_income1000s_b,real2_inc_quar,real2_pc_inc_quar,taxes,taxes_gsp,taxes_inc,total_debt_outstanding,total_debt_outstanding_gsp,total_debt_outstanding_inc,total_expenditure,total_expenditure_gsp,total_expenditure_inc,total_revenue,total_revenue_gsp,total_revenue_inc,gsptotal,x_sales_taxes,yrstatehd,mood,democrat,republican,death_penalty,cartheftrate,carthefttotal,murderrate,propcrimerate,propcrimetotal,raperate,rapetotal,robrate,vcrimetotal,education_corporal_punishment_ba,w_education_biblereading,w_education_moment_of_silence,gayrights_ban_sodomy,race_fair_employ_comm_post1964,environment_bottlebill,environment_state_nepas,bus_energy_consum,bus_energy_consum_pc,res_energy_price,co2emissions,gambling_lottery_adoption,guncontrol_opencarry,w_guncontrol_bc_privatesales,w_guncontrol_registration_requir,labor_prevailing_wage_laws,labor_right_to_work,labor_state_disability_insurance,regulation_motorcycle_helmets,regulation_boehmke_cogrowman
0,9.678973622,89.34444512,0.174801901,18.95999985,112.09999850000001,123.1999969,111.6999969,1,3958534.111111111,3959253.4444444445,1.0,0.19750368555555556,0.4970336255555556,1.6996067166666664,4.441613727111111,8.670988242444444,11.757794168666669,24.925472682222225,37.74938202,0.40711836555555553,1.0,149955.88888888888,3.150086694888889,0.3735258555555555,37866042.88888889,4938992.666666667,9.879837333333334,11.668734444444446,5088948.555555556,101.94846598222222,12.042262222222222,50064.88888888889,1.2831946278888886,10679.777777777777,42360474.0,42360474.0,40988888.88888889,10.346816222222223,2642936.5555555555,52.7647463488889,6.232290333333334,2556940.4444444445,4.964361333333333,5.8592551111111115,5454880.888888889,10.929721196666666,12.908715555555556,6005622.444444444,11.979983333333335,14.152045555555556,50064.88888888889,4.0,1819.0,45.30277760999999,47.77529236444444,24.081552496666667,0.0,265.8666666666666,10612.777777777777,10.377777777777778,3929.477777777778,156828.88888888888,27.055555555555557,1081.3333333333333,4488.888888888889,19330.0,0.0,0.0,0.0,1.0,0.0,0.0,0.0,143414.33333333334,36.21111111111111,11.866666666666667,98.55555555555556,0.0,1.0,0.0,1.0,0.0,1.0,0.0,1.0,0.0
1,9.643623246,89.87777709999999,0.164611373,18.52000008,121.5,131.8000031,114.8000031,5,2315940.3333333335,2316197.222222222,0.2222222222222222,0.1932834311111111,0.516592881111111,1.8399598732222222,4.619255251444444,8.805967807444445,11.859288852111113,24.28178088,36.926134322222225,0.38808588888888884,1.0,96789.55555555556,3.5923551717777777,0.4167415333333333,21428699.777777776,2608613.3333333335,9.44514177777778,10.931034444444444,2705402.888888889,98.0437672988889,11.347776666666666,27582.666666666668,1.1663678884444444,10284.0,23852535.333333332,23852535.333333332,23122222.222222224,9.972351666666667,1552857.7777777778,56.04210832333334,6.484891777777778,859441.1111111111,2.9651579999999997,3.4283694444444444,2822982.4444444445,10.226764467777777,11.835731111111112,3094291.111111111,11.183035555555556,12.942446666666667,27582.666666666668,3.6666666666666665,1836.0,42.27911080222222,45.48492857666667,24.488639691111114,0.0,188.18888888888893,4412.777777777777,8.21111111111111,3461.711111111111,81148.66666666667,28.522222222222222,669.1111111111111,1784.888888888889,8259.111111111111,0.0,0.0,0.0,1.0,0.0,0.0,0.0,97982.66666666667,42.28888888888888,10.527777777777779,46.0,0.0,0.0,0.0,0.0,1.0,1.0,0.0,1.0,0.0
2,9.984357198,82.62222205,0.173703247,25.08000031,94.59999847,131.0,131.0,8,3133553.5555555555,3135647.111111111,0.1111111111111111,0.20424724555555557,0.5186496611111111,1.5791147814444446,4.059225691666667,7.92863909388889,10.816901947666667,23.840681498888888,35.278216467777774,0.46504069111111107,2.0,11061.0,0.17819064188888886,0.02295156666666668,39458424.88888889,3831117.3333333335,7.013057666666667,8.497699666666668,3842178.3333333335,70.30876668222221,8.520651000000003,54355.11111111111,1.217828903,14240.0,44883069.333333336,44883069.333333336,43466666.666666664,13.84396777777778,2046151.5555555555,37.39780256666667,4.532177,1383181.7777777778,2.4127215555555552,2.9201864444444445,4357707.111111111,7.958294020777777,9.641856555555556,4920210.888888889,8.948133777777777,10.842200555555557,54355.11111111111,3.111111111111111,1876.0,38.46633360111111,30.220017123333335,34.77044024666666,0.0,422.9666666666667,13301.777777777777,6.388888888888888,6334.644444444445,198700.11111111112,42.900000000000006,1343.111111111111,4157.888888888889,15456.444444444445,0.0,0.0,0.0,0.0,1.0,0.0,0.0,194336.11111111112,61.8111111111111,8.291111111111112,59.888888888888886,0.6666666666666666,0.0,0.0,0.0,0.5555555555555556,0.0,0.0,0.0,0.0
3,10.18803512,103.47777640000001,0.163659688,20.7,104.8000031,118.0,110.1999969,9,3184656.4444444445,3185278.888888889,0.0,0.23527289444444444,0.5129977299999999,3.0167817405555555,6.513792673333334,11.26964590288889,14.694437132222223,28.379898070000003,40.173801422222226,0.663098568888889,4.0,475935.55555555556,7.2466221254444445,0.8259833555555557,48423301.333333336,4570689.666666667,7.1380992222222215,8.056139555555555,5046625.222222222,78.6276134911111,8.882123,63775.666666666664,1.5776979793333332,17538.11111111111,56045507.55555555,56045507.55555555,54077777.777777776,16.94644111111111,3099787.777777778,48.12490081777778,5.439602666666667,5955894.666666667,9.347552666666669,10.543691333333333,5110289.0,8.01270575,9.037703666666665,5640190.888888889,8.785341666666667,9.923279444444445,63775.666666666664,7.444444444444445,1788.0,43.21733220555555,35.52915647444444,27.24500939777778,0.0,529.6444444444445,16756.88888888889,4.666666666666666,4738.766666666666,149890.11111111112,23.155555555555555,734.1111111111111,6366.444444444444,13126.333333333334,0.0,0.0,2.0,0.0,1.0,1.0,1.0,152312.33333333334,47.755555555555546,11.581111111111111,38.44444444444444,0.7777777777777778,1.0,0.0,1.0,1.0,0.0,0.0,0.0,1.0
4,9.974561161,90.05555513,0.17822449699999998,26.08000031,137.1000061,150.5,147.6000061,10,615210.2222222222,615274.4444444445,0.0,0.2090339888888889,0.48798936000000004,1.7415226964444441,4.323901706333334,8.200447824111112,11.024983723555554,24.212971369999998,35.63380008222222,0.48848635555555553,1.0,168208.66666666666,13.411841497888888,1.7776741111111114,7751243.222222222,1170420.6666666667,9.799205333333335,12.852742222222224,1338629.3333333333,111.40390267777778,14.630415555555556,12050.666666666666,2.1633840403333338,14710.555555555555,9095708.111111112,9095708.111111112,8785119.111111112,14.249282222222222,736726.4444444445,61.45261001666667,8.06706788888889,1871977.0,15.145645555555555,19.99169111111111,1258611.111111111,10.55931387911111,13.845243333333334,1506169.4444444445,12.507856666666665,16.433805555555555,12050.666666666666,0.0,1787.0,61.459888881111105,68.87172718555557,8.837364704666665,0.0,339.6111111111111,2093.1111111111113,5.233333333333334,5075.477777777777,31297.333333333332,46.400000000000006,290.77777777777777,770.8888888888889,2867.5555555555557,0.0,0.0,1.5555555555555556,0.0,1.0,0.7777777777777778,0.0,32370.444444444445,52.82222222222222,11.637777777777778,16.88888888888889,1.0,0.0,0.0,0.0,1.0,0.0,0.0,0.0,0.0
5,9.817172262,84.36666658,0.17694412699999998,21.75999985,124.09999850000001,134.0,122.90000149999999,13,5868486.888888889,5871044.555555556,0.3333333333333333,0.20687706333333333,0.50874084,1.7597452998888887,4.439501126555556,8.594743145444445,11.534548866000002,24.74717436777778,36.63444519,0.4705422977777778,1.0,135485.11111111112,1.357759705777778,0.17166292222222224,62681153.666666664,6657462.0,7.542645666666666,9.397249333333333,6792947.111111111,76.78421444222222,9.568912444444445,89282.77777777778,1.147182053888889,12024.0,71240915.77777778,71240915.77777778,68522222.22222222,11.619584444444445,4115194.6666666665,46.32633209222222,5.774794222222223,2046210.4444444445,2.297328333333333,2.863929888888889,7171502.555555556,8.132550292555557,10.131257000000002,7879858.0,8.876618777777777,11.065152222222222,89282.77777777778,3.0,1788.0,39.367777507777774,46.38077524333333,23.68455732888889,0.0,381.9222222222222,22654.666666666668,11.833333333333334,4808.966666666666,283160.55555555556,42.099999999999994,2476.4444444444443,10942.222222222223,31803.777777777777,0.0,0.0,1.0,1.0,0.0,0.0,0.0,253368.55555555556,43.022222222222226,10.785555555555554,123.33333333333333,0.0,0.0,0.0,0.0,0.0,1.0,0.0,1.0,0.0
6,9.711300956,86.07777786,0.152016721,22.22000008,84.5,115.1999969,123.3000031,16,978611.5555555555,979060.5555555555,0.0,0.18403322555555557,0.5292663833333333,1.396854347555556,3.595279084333333,7.135056018888889,9.784242048222223,21.22661654111111,32.27902030999999,0.34443189444444444,2.0,25214.0,1.827688978,0.20989306666666666,9602712.111111112,1181975.7777777778,9.532803888888887,11.042923333333334,1207189.7777777778,97.15572440999999,11.25281666666667,12360.777777777777,1.2309149967777777,10899.111111111111,10687111.0,10687111.0,10385295.444444444,10.604981444444444,681377.4444444445,54.71963967111112,6.3355471111111115,526071.2222222222,4.201951222222222,4.859010555555555,1359385.3333333333,10.972114987777779,12.709251111111111,1505753.3333333333,12.099941111111113,14.01072222222222,12360.777777777777,4.222222222222222,1890.0,37.94411129444445,29.49450425666667,38.94063121,0.0,183.82222222222222,1805.888888888889,3.2333333333333334,3882.3999999999996,38182.333333333336,19.011111111111113,187.11111111111111,281.8888888888889,2440.6666666666665,0.0,0.0,0.0,1.0,1.0,0.0,0.0,63091.11111111111,64.44444444444444,9.343333333333334,10.222222222222221,0.3333333333333333,0.0,0.0,0.0,0.5555555555555556,0.4444444444444444,0.0,0.0,0.0
7,10.00688288,89.83333249,0.17028118,24.74000015,107.59999850000001,135.1999969,131.8000031,17,11409195.777777778,11410104.666666666,1.0,0.21176763,0.5054554533333333,2.0509706338888893,4.956544001888889,9.203353828555557,12.263343810333332,25.570915434444444,36.84233051,0.513838558888889,3.0,201765.88888888888,0.9168493995555556,0.10801498888888889,146101594.1111111,13996754.222222222,7.237982333333333,8.380422333333334,14198520.111111112,73.29667154777778,8.488437222222222,193880.77777777778,1.2447038226666667,14643.666666666666,167044634.2222222,167044634.2222222,162111111.1111111,14.207335555555554,8717736.333333334,45.09828949,5.222088444444444,9417212.444444444,4.789837666666666,5.553531777777778,15877913.0,8.245269563444445,9.541110666666668,16797706.333333332,8.684165666666667,10.053638333333332,193880.77777777778,4.555555555555555,1818.0,41.38988876444445,37.94174896111112,29.662241560000002,0.0,597.4555555555556,68673.44444444444,9.155555555555555,4890.677777777778,562085.2222222222,35.24444444444444,4054.3333333333335,37658.11111111111,88880.33333333333,0.0,0.0,1.0,0.0,1.0,0.0,0.0,636267.4444444445,55.77777777777778,8.326666666666666,204.55555555555554,1.0,0.0,1.0,0.0,1.0,0.0,0.0,0.0,0.0
8,9.831646389,81.08888838,0.175089656,21.97999992,134.0,146.8999939,162.3999939,18,5469484.888888889,5469541.111111111,0.5555555555555556,0.1906423511111111,0.48990567111111116,1.367357009,3.7199471526666668,7.520140011666667,10.307713509000001,22.907736671111113,34.67048348555556,0.3749480444444444,3.0,258931.88888888888,2.9075150556666665,0.33729292222222224,59217580.88888889,6198657.111111111,7.957949111111112,9.145866444444444,6457589.0,82.48700544444443,9.483159666666667,77373.33333333333,1.1806700164444444,12294.333333333334,67243588.8888889,67243588.8888889,65277777.777777776,11.932894444444443,3855640.5555555555,49.30813683333333,5.668808666666667,1683931.0,2.0699976666666666,2.3846158888888893,6700769.222222222,8.634522226000001,9.92117911111111,7162913.222222222,9.160604777777777,10.530566,77373.33333333333,4.666666666666667,1816.0,38.476222992222226,34.46248586666667,32.757464975555564,0.0,348.35555555555555,19152.555555555555,6.333333333333333,3895.8777777777773,214143.66666666666,28.11111111111111,1545.3333333333333,5725.333333333333,17931.555555555555,0.0,0.0,1.0,0.0,1.0,0.0,1.0,236984.66666666666,43.34444444444444,8.82,176.77777777777777,0.0,1.0,0.0,0.0,1.0,0.0,0.0,0.0,0.0
9,9.836926672,90.65555615,0.16990893699999998,23.23999977,100.1999969,124.59999850000001,120.5,19,2844021.5555555555,2844045.222222222,0.0,0.18763591222222223,0.5198776888888889,1.2365860936666668,3.4163809882222225,6.960480213333334,9.57644648011111,21.431748495555553,32.43760977777777,0.35219328333333333,3.0,-143771.22222222222,-3.6608515315555556,-0.4210513777777778,31695457.888888888,3960676.111111111,9.61367111111111,11.047726666666668,3816904.888888889,92.47586398666667,10.626676888888888,40990.666666666664,1.3470286791111112,12594.222222222223,35722419.11111111,35722419.11111111,34777777.777777776,12.239799999999999,2234812.4444444445,54.244363996666664,6.234937666666667,954461.8888888889,2.241039111111111,2.5473967777777777,4359940.222222222,10.601590051555554,12.184664444444444,4533816.777777778,10.988153222222223,12.623808888888888,40990.666666666664,3.6666666666666665,1846.0,42.305777655555545,34.55050348888889,30.229311974444443,1.0,176.22222222222223,5080.666666666667,2.1,3970.777777777778,114413.11111111111,13.155555555555557,378.77777777777777,1227.5555555555557,6049.222222222223,0.0,0.0,0.0,0.0,1.0,1.0,0.0,129875.22222222222,45.65555555555556,9.056666666666665,58.0,0.4444444444444444,0.0,0.0,0.0,1.0,1.0,0.0,0.0,0.0
10,9.916982969,87.78888872,0.170582652,19.94000015,103.1999969,127.09999850000001,123.40000149999999,20,2417414.888888889,2418010.3333333335,0.0,0.20163311777777781,0.5197920188888889,1.6986486914444445,4.286988576333333,8.251720693000001,11.113894993111112,23.942557015555554,35.05551995222223,0.4445214277777778,3.0,95542.88888888889,2.269799358333333,0.2657829666666667,28499717.666666668,2800218.0,7.385993444444444,8.649067888888888,2895760.888888889,76.12973615888889,8.914851111111112,37864.555555555555,1.1953065062222223,13371.0,32385094.0,32385094.0,31422222.222222224,12.985566666666667,1753067.0,45.96449110222223,5.381955111111111,377781.0,1.0337335333333333,1.2137132444444445,3061803.5555555555,8.074949211666668,9.45553288888889,3373538.4444444445,8.850450888888888,10.361279444444444,37864.555555555555,3.2222222222222223,1861.0,41.71666632777778,30.45333202111111,37.500257067777774,0.0,236.35555555555553,5743.888888888889,5.033333333333333,4486.644444444444,108994.55555555556,29.61111111111111,720.3333333333334,2134.222222222222,8658.333333333334,0.0,0.0,1.0,1.0,1.0,0.0,0.0,149411.11111111112,61.766666666666666,8.29888888888889,65.88888888888889,0.3333333333333333,0.0,0.0,0.0,0.7777777777777778,1.0,0.0,0.0,0.0
11,9.695040385,71.48888991,0.17540008,18.94000015,173.1999969,215.3000031,223.0,21,3683390.6666666665,3683771.777777778,0.5555555555555556,0.19808582777777778,0.5051963488888888,1.873307016222222,4.661627875333333,8.901989618444443,11.945558124999998,24.733931435555558,37.29991913,0.40832406444444447,1.0,-8863.666666666666,-0.7407759622222221,-0.09552021111111113,35218494.44444445,4972542.111111111,10.276949444444444,12.581483333333333,4963678.444444444,102.0287153488889,12.485963333333334,48547.77777777778,1.347188366777778,10768.111111111111,39675357.666666664,39675357.666666664,38533333.333333336,10.453503777777778,2858586.888888889,58.71924209444444,7.185382333333333,3621129.3333333335,7.420148999999999,9.088678666666667,5459831.444444444,11.301164520000004,13.83423666666667,5748890.444444444,11.796476666666667,14.435105555555557,48547.77777777778,5.0,1792.0,39.572889115555554,50.09503195333334,27.552153314444443,0.0,208.7555555555556,7719.0,7.844444444444445,2954.688888888889,109290.11111111111,21.37777777777778,791.4444444444445,3179.1111111111113,11432.555555555555,0.0,0.2222222222222222,1.0,1.0,1.0,0.0,0.0,161431.55555555556,43.83333333333334,9.09,104.44444444444444,0.1111111111111111,0.0,0.0,0.0,1.0,0.0,0.0,1.0,0.0
12,9.747586568,90.0666665,0.18194892199999999,23.87999992,110.90000149999999,143.8000031,133.6000061,22,4342850.222222222,4344759.666666667,1.0,0.21286981555555556,0.5334553788888888,1.995301962,5.039166185777777,9.65978918988889,12.99338626777778,27.33938598666667,39.55890316333333,0.47646437999999997,1.0,54601.22222222222,0.7646122707777779,0.11982416666666669,43620118.11111111,6296519.777777778,8.048722666666666,12.850868888888888,6351121.0,81.25183614,12.970692222222223,77986.55555555556,1.4608079327777779,11228.333333333334,48825532.222222224,48825532.222222224,47577777.777777776,10.949179999999998,3247943.222222222,41.52011235666667,6.640554777777776,6938899.444444444,8.773697444444444,13.722232777777778,7197841.888888889,9.194261921999999,14.665935555555556,7284212.777777778,9.321192555555555,14.86935,77986.55555555556,3.4444444444444446,1812.0,42.39711125666666,53.84885025888889,22.315333365555556,0.0,375.5,16541.333333333332,13.422222222222222,4810.122222222222,211882.88888888888,40.2,1768.111111111111,8777.777777777777,30127.444444444445,0.0,0.0,2.0,1.0,0.1111111111111111,0.0,0.0,251470.22222222222,57.955555555555556,11.603333333333333,173.44444444444446,0.0,0.0,0.0,0.0,0.8888888888888888,1.0,0.0,0.0,0.0
13,9.786902746,91.89999898,0.16571967,22.44000015,125.0,141.1999969,140.6999969,23,1157362.2222222222,1157606.6666666667,0.0,0.1864561388888889,0.4784669777777778,1.6122172077777774,4.042585055222222,7.781815158444445,10.576421738111112,21.974912855555555,33.45761341444445,0.3627317611111111,4.0,122876.55555555556,7.299747613666666,0.8117372111111111,12078144.444444444,1617152.6666666667,10.751038888888889,11.863542222222224,1740029.2222222222,114.810151,12.67528,15081.555555555555,1.495739076,11718.777777777777,13621028.777777778,13621028.777777778,13133333.333333334,11.326604444444445,958375.5555555555,62.77318615444445,6.93386011111111,1202308.6666666667,7.875234555555555,8.698126333333333,1845729.4444444445,12.318088532222223,13.589252222222221,2012216.3333333333,13.288370000000002,14.669508888888888,15081.555555555555,5.0,1820.0,42.04533343777777,31.618895554444446,31.525903106666664,1.0,182.20000000000002,2108.6666666666665,2.433333333333333,3603.1,41664.22222222222,14.744444444444447,171.22222222222223,322.44444444444446,1919.4444444444443,1.0,0.0,0.8888888888888888,0.0,1.0,1.0,0.0,44274.11111111111,38.111111111111114,10.518888888888888,16.22222222222222,1.0,0.4444444444444444,0.0,0.0,1.0,0.0,0.0,0.0,0.1111111111111111
14,9.938785023,96.28888872,0.172464155,23.12000008,94.09999847,117.6999969,111.5,27,4171014.0,4172019.4444444445,0.0,0.20249302111111112,0.5043899722222221,1.584352109,4.107378853777778,7.978998448888889,10.758652159333334,23.311061012222222,34.35930887888889,0.4448559766666666,3.0,471980.44444444444,6.40152608,0.772480111111111,50709702.11111111,6931518.111111111,9.954608111111112,11.920135555555554,7403498.555555556,105.94761486666668,12.692615555555555,69884.11111111111,1.770037108111111,13924.666666666666,58235225.222222224,58235225.222222224,56344444.44444445,13.494893333333332,4626408.0,66.06596756111111,7.915384333333334,3081317.777777778,4.4175526666666665,5.289476555555555,7553318.777777778,10.843818026666666,12.98464111111111,8605816.333333334,12.282061111111112,14.713776666666668,69884.11111111111,5.444444444444445,1858.0,42.09833314666666,37.175095963333334,29.821459135555553,1.0,265.73333333333335,11102.888888888889,2.2888888888888888,4122.122222222221,171894.66666666666,27.3,1141.111111111111,3896.3333333333335,10190.777777777777,0.0,0.0,0.0,1.0,1.0,0.0,1.0,170844.22222222222,40.93333333333333,8.705555555555556,67.55555555555556,0.1111111111111111,0.0,0.0,0.0,1.0,0.0,0.0,0.0,0.0
15,9.546848297,88.92222214,0.18149115600000001,21.14000015,109.0,127.0,116.8000031,28,2568090.5555555555,2568612.777777778,0.2222222222222222,0.19851759222222223,0.5297322866666667,1.759841256777778,4.587658617111111,8.98040956988889,12.204527429999999,25.42905616777778,39.178374821111106,0.38986478777777783,1.0,57025.555555555555,1.8164978159999998,0.2147471777777778,21658433.888888888,3074116.0,10.889562222222223,12.945561111111111,3131141.5555555555,110.71211752222221,13.16031,28322.222222222223,1.2177289856666667,9269.0,23836001.333333332,23836001.333333332,23133333.333333332,9.001824111111112,1692282.888888889,59.720892587777776,7.097784666666666,1030469.1111111111,3.6075985555555556,4.2899125555555555,3410679.888888889,12.08315510222222,14.36377888888889,3730195.0,13.166628888888887,15.649328888888887,28322.222222222223,5.555555555555555,1817.0,45.57855605888889,50.566929036666664,24.980664864444442,0.0,159.2111111111111,4112.666666666667,11.399999999999999,3088.188888888889,79826.88888888889,27.36666666666666,708.5555555555555,1781.6666666666667,7587.777777777777,0.0,0.0,0.0,1.0,0.0,0.0,0.0,96684.88888888889,37.65555555555556,11.572222222222223,45.0,0.0,0.0,0.0,0.0,0.0,1.0,0.0,1.0,0.0
16,9.877391073,84.46666675,0.166553891,23.88000069,127.40000149999999,142.1000061,135.6000061,29,4984331.111111111,4984917.333333333,0.0,0.20238243,0.50270567,1.7595327431111112,4.457850244333333,8.58553393711111,11.496016290444443,24.472436481111114,36.20280456555556,0.44397581555555554,3.0,83948.55555555556,1.0556777715555556,0.12009861111111114,56194495.11111111,5096876.111111111,6.943746333333333,7.929589666666666,5180824.666666667,70.49314032777778,8.049688111111111,72985.88888888889,1.036817014111111,12776.666666666666,63804897.0,63804897.0,61777777.777777776,12.38449888888889,3061355.3333333335,41.45337677,4.735899999999999,2801920.6666666665,3.6542201111111106,4.182388222222222,5528597.888888889,7.5495760177777775,8.620136666666667,6089318.555555556,8.282105888888887,9.457333222222221,72985.88888888889,3.8388888888888886,1821.0,41.71044413444444,37.13987058222222,28.427493948888888,0.0,382.6000000000001,19192.11111111111,8.88888888888889,4268.122222222222,213759.66666666666,28.677777777777774,1436.5555555555557,8844.777777777777,26281.666666666668,0.0,0.0,0.0,1.0,1.0,0.0,0.0,251208.66666666666,50.355555555555554,9.172222222222224,100.77777777777777,0.5555555555555556,0.0,0.8888888888888888,1.0,1.0,0.0,0.0,1.0,0.0
17,9.753027174,85.58888879999999,0.16537521,27.87999992,87.09999847,122.0,123.6999969,30,806918.2222222222,807146.2222222222,0.0,0.19107729777777777,0.5590274077777777,1.272812247111111,3.5034590031111112,7.1158710056666665,9.871017562222223,22.005390802222227,33.64151679222222,0.35064300111111113,2.0,79208.33333333333,7.533607541777777,0.8923311777777779,8252138.111111111,1170818.2222222222,10.910064444444444,12.609765555555555,1250026.5555555555,116.634257,13.502093333333335,10659.111111111111,1.547680047,11413.888888888889,9218933.888888888,9218933.888888888,8983668.111111112,11.130146666666668,566185.4444444445,52.887610541111115,6.127243222222223,731923.3333333334,6.694020666666666,7.614878555555555,1386365.888888889,12.915263812222221,14.925870000000003,1558891.3333333333,14.529801111111109,16.805757777777778,10659.111111111111,0.0,1889.0,40.286333294444454,37.65388404666666,31.280995333333333,0.0,256.0444444444445,2067.0,3.8666666666666663,4419.722222222223,35702.77777777778,19.055555555555557,154.0,218.0,1607.0,0.0,0.0,0.0,1.0,1.0,0.0,1.0,54202.555555555555,66.97777777777779,7.513333333333334,20.666666666666668,0.3333333333333333,0.0,0.0,0.0,1.0,0.0,0.0,0.0,0.0
18,9.850039482,89.48888906,0.16858667600000002,24.71999969,92.90000153,116.3000031,114.09999850000001,31,1577785.888888889,1578058.888888889,1.0,0.19245007888888888,0.5410936211111113,1.5399143563333335,3.916191392444444,7.643563376222222,10.287860234333333,22.01169925111111,32.67074987666667,0.3912712888888889,3.0,50745.333333333336,2.045403675777778,0.24348386666666666,17966374.444444444,1846973.2222222222,7.709444666666666,9.170722555555557,1897718.5555555555,79.13984934333332,9.414206555555555,23850.777777777777,1.2029290993333335,12748.222222222223,20113957.0,20113957.0,19500000.0,12.361401111111112,1026967.5555555555,42.95063358,5.112671777777778,767757.3333333334,3.010108888888889,3.5355418888888885,1917594.3333333333,8.008166048222224,9.526442111111109,2027904.888888889,8.450973666666666,10.05151888888889,23850.777777777777,3.5555555555555554,1867.0,41.24322255555555,31.975867179999998,39.79072362777778,0.0,179.1888888888889,2849.222222222222,3.177777777777778,3715.0333333333338,59116.11111111111,22.544444444444444,359.3333333333333,901.8888888888889,3723.6666666666665,0.1111111111111111,0.0,0.0,0.0,1.0,0.0,0.0,102751.22222222222,65.12222222222222,8.024444444444445,30.22222222222222,0.0,0.0,0.0,0.0,1.0,1.0,0.0,0.0,0.0
19,10.02443239,93.24444538,0.16291776300000002,37.0,141.8999939,177.6999969,205.1999969,32,931847.2222222222,932927.8888888889,0.0,0.21941509888888888,0.5227851177777779,3.593604167333333,7.168912781333333,11.706705623,14.788666407777779,27.008662753333333,37.24679395888889,0.5786243655555556,2.0,10922.0,0.6475873057777777,0.07972761111111111,12209829.666666666,1289156.0,7.473289333333333,9.280683666666667,1300078.0,75.3804796,9.360410444444446,17212.11111111111,1.3748666048888891,14629.111111111111,13802283.222222222,13802283.222222222,13311111.111111112,14.238004444444446,857918.6666666666,49.291046566666665,6.123164666666667,923667.7777777778,5.252178777777778,6.532815,1628983.3333333333,9.506724144666666,11.800763333333332,1873043.888888889,10.865119999999997,13.494393333333335,17212.11111111111,5.444444444444445,1864.0,38.34955554555555,35.217177512222214,33.27031918666667,0.0,548.1444444444445,5036.888888888889,12.944444444444445,6393.066666666667,58359.333333333336,62.933333333333344,581.2222222222222,3077.6666666666665,6887.444444444444,0.0,0.0,1.0,1.0,1.0,0.0,0.0,47393.0,50.21111111111112,11.02888888888889,25.555555555555557,0.0,0.0,0.0,0.0,1.0,1.0,0.0,1.0,0.0
20,10.00636715,83.39999941,0.169238773,34.95999985,180.3999939,247.8000031,269.10000610000003,33,988735.5555555555,989140.0,0.0,0.19694540000000002,0.4783845088888889,1.7090506753333334,4.278553883333334,8.10708644588889,10.836018668333335,23.131825553333336,34.10283194666667,0.4542816388888889,4.0,11853.555555555555,-0.15957672077777801,-0.006210333333333302,12796369.111111112,1008692.8888888889,6.774997555555556,7.077349666666667,1020546.4444444445,67.59039857777778,7.071139333333333,15269.333333333334,1.0210110477777778,14464.555555555555,14465085.444444444,14465085.444444444,13877777.777777778,13.95374111111111,410540.77777777775,27.039886263333333,2.8305700000000003,1767124.7777777778,11.39869211111111,11.950942888888891,1191113.3333333333,8.06105974,8.414006555555556,1303666.5555555555,8.704139111111111,9.097585333333335,15269.333333333334,0.0,1788.0,40.00466622222222,27.310788232222226,34.49283294,0.0,223.96666666666667,2213.5555555555557,2.244444444444445,3480.4333333333325,34308.88888888889,20.288888888888888,202.77777777777777,280.0,1418.2222222222222,0.6666666666666666,0.0,1.0,0.0,1.0,0.0,0.0,31088.11111111111,31.22222222222222,11.287777777777777,13.0,1.0,1.0,0.0,1.0,0.5555555555555556,0.0,0.0,0.0,0.0
21,9.708400937999999,87.48888736,0.174311015,27.97999992,77.69999695,102.6999969,103.0999985,35,1408943.3333333333,1409665.888888889,0.0,0.19952454999999997,0.5266445133333333,1.3767683704444444,3.7136541473333327,7.520860566222222,10.362522973222223,23.41688113666667,35.19892205222223,0.3972627311111111,2.0,350453.22222222225,17.55700884922222,2.397197777777778,14087655.777777778,2594117.6666666665,12.496853333333334,16.524626666666666,2944570.888888889,142.52553051111113,18.921824444444447,20554.444444444445,2.0788535143333338,11026.777777777777,15637693.888888888,15637693.888888888,15122222.222222222,10.717453333333331,1352538.6666666667,65.35238901666668,8.66478211111111,1272970.5555555555,6.057582555555556,7.9014560000000005,2761277.0,13.291185061111113,17.563714444444443,3347385.3333333335,16.16360444444444,21.415322222222226,20554.444444444445,3.9166666666666665,1912.0,39.592555999999995,40.340481051111105,30.379111008888888,0.0,341.31111111111113,4838.111111111111,10.899999999999999,5725.533333333334,81184.33333333333,46.67777777777778,660.0,1754.6666666666667,9619.0,0.0,0.0,0.0,0.0,1.0,0.0,0.0,78117.88888888889,55.32222222222222,9.469999999999997,45.111111111111114,0.0,0.0,0.0,0.0,1.0,0.0,0.0,0.0,0.0
22,9.751609802,71.44444402,0.17937109699999998,19.92000008,146.0,187.8000031,226.0,37,6173156.444444444,6175069.0,0.2222222222222222,0.1975484466666667,0.4902615,1.6069299908888892,4.146101792777778,8.087636364222222,10.929321395111112,23.18890698777778,34.79446072,0.4153101144444445,1.0,182426.22222222222,1.677676446111111,0.20748496666666663,63837249.333333336,7458074.111111111,8.482121444444445,10.356228444444445,7640500.333333333,86.49889119555556,10.563712222222222,88690.0,1.2298029264444446,11652.666666666666,72397829.33333333,72397829.33333333,69755555.55555555,11.261422888888891,4777356.111111111,53.757648045555555,6.566910333333333,1992569.5555555555,2.2295075555555557,2.724115333333333,8111502.888888889,9.239571041666668,11.279362222222224,9085266.888888888,10.241660222222222,12.510664444444444,88690.0,3.0,1789.0,42.12944412444444,49.054811845555555,27.349758465555553,0.0,201.88888888888889,12496.222222222223,8.655555555555555,3984.8111111111116,246163.0,24.255555555555556,1501.7777777777778,5310.111111111111,27720.333333333332,0.0,0.0,0.0,1.0,0.0,0.0,1.0,262892.8888888889,42.444444444444436,12.66888888888889,107.88888888888889,0.0,0.0,0.0,0.0,0.0,1.0,0.0,1.0,0.0
23,9.756118351,88.90000068,0.180801443,23.5,87.09999847,123.6999969,117.90000149999999,38,666815.3333333334,667000.5555555555,0.2222222222222222,0.18646954333333332,0.5496503122222224,1.1131100853333333,3.2633069356666664,6.928930441444444,9.642780621777778,22.09586758111111,33.33801566222222,0.33682892333333325,3.0,10774.111111111111,1.2411855483333338,0.2249734,7023712.666666667,1250702.7777777778,12.646281222222221,16.03230333333333,1261476.888888889,127.70398797777779,16.257277777777777,9858.0,1.8901929193333333,11653.666666666666,7778995.777777778,7778995.777777778,7561067.0,11.329240444444444,567974.6666666666,57.323688507777774,7.285138111111111,500002.6666666667,5.022048000000001,6.198508777777778,1346297.888888889,13.610702621111113,17.246760000000002,1421455.4444444445,14.38737888888889,18.30795111111111,9858.0,4.0,1889.0,40.930333031111104,29.825185541111107,36.34119948333333,1.0,133.77777777777774,896.5555555555555,1.4222222222222223,2689.2,18050.777777777777,10.355555555555556,69.55555555555556,58.0,376.3333333333333,0.0,0.0,0.0,0.0,0.0,0.0,0.0,33245.88888888889,49.82222222222222,9.483333333333334,34.666666666666664,0.0,1.0,0.0,0.5555555555555556,0.0,1.0,0.0,0.0,0.0
24,9.886301253,84.55555513,0.169848301,24.02000008,122.40000149999999,133.5,122.5,39,10760251.222222222,10760586.444444444,0.0,0.1925030088888889,0.47939377111111114,1.5416547986666667,4.049873378666667,7.926512188333334,10.682096905666667,23.08043416333333,34.35513390444444,0.40114006111111106,3.0,-90212.33333333333,-0.8419764835555558,-0.09320856666666666,125253714.1111111,13043461.222222222,8.015182222222222,9.055711444444444,12953248.888888888,79.3098449711111,8.962503444444444,161255.33333333334,1.2039863202222223,13247.111111111111,142533114.33333334,142533114.33333334,138333333.33333334,12.854712222222224,7505846.666666667,45.96407953888889,5.194042777777778,6976774.666666667,4.233968222222222,4.788009222222223,16552618.444444444,10.222032864777779,11.543576666666667,19183374.444444444,11.765737777777778,13.29290777777778,161255.33333333334,4.777777777777778,1803.0,39.44488906888889,39.753474797777784,30.318095878888894,0.0,383.4222222222222,41322.555555555555,6.044444444444444,4274.266666666666,460622.55555555556,35.48888888888889,3825.8888888888887,18427.666666666668,46590.0,0.0,0.0,0.0,0.0,1.0,0.0,0.0,514570.22222222225,47.81111111111111,8.757777777777777,246.88888888888889,1.0,0.0,0.0,0.0,1.0,0.0,0.0,0.0,0.0
25,9.814118067,90.47777812,0.168725929,18.13999977,103.5999985,141.6000061,132.8999939,40,3200528.6666666665,3202249.0,0.0,0.2077662033333333,0.5376593077777778,2.0742105906666666,5.004884163444444,9.363806459888888,12.550374666666666,26.170970705555554,37.521014320000006,0.4711016766666666,1.0,339166.1111111111,6.979583210666667,0.8706871444444446,34886327.88888889,4094084.111111111,8.440392999999998,10.336449555555554,4433250.222222222,91.3835135611111,11.207138888888888,48314.555555555555,1.3819682862222225,12300.555555555555,39459093.44444445,39459093.44444445,38422222.222222224,11.992443333333332,2636912.222222222,54.298880258888886,6.666209333333332,2674849.4444444445,5.452067,6.589959333333334,4742200.444444444,9.76963742588889,11.953149999999999,5092855.555555556,10.47930211111111,12.827932222222223,48314.555555555555,2.7222222222222223,1907.0,40.70811080888889,46.088702201111104,31.811190361111116,0.0,512.0666666666666,16558.555555555555,8.433333333333334,4906.277777777777,158356.55555555556,37.12222222222222,1197.4444444444443,3656.6666666666665,13723.666666666666,0.0,0.0,1.0,1.0,1.0,0.0,0.0,176159.55555555556,55.00000000000001,9.335555555555555,82.11111111111111,0.0,0.0,0.0,0.0,1.0,0.0,0.0,0.0,0.0
26,9.926845233,89.17777803,0.164436671,25.07999992,107.59999850000001,124.0,114.59999850000001,42,11825637.222222222,11826129.333333334,0.0,0.19880427444444443,0.4863748677777778,1.9986340072222224,4.869281265555555,9.096574253111111,12.041444143333331,24.87898508777778,36.48514853555556,0.44141264999999996,4.0,1103085.4444444445,6.579970995666667,0.6944184777777778,139604552.55555555,14249065.666666666,8.444654333333332,8.909570666666665,15352151.111111112,91.0265112988889,9.603988888888889,168334.88888888888,1.2985620563333333,13466.111111111111,159214922.1111111,159214922.1111111,154555555.55555555,13.062708888888888,9455929.333333334,56.25818591555556,5.934548777777779,7252168.333333333,4.33787488888889,4.577555888888889,17190509.333333332,10.240646679333333,10.797961111111112,19165449.222222224,11.380115555555555,12.004996666666665,168334.88888888888,6.0,1787.0,44.40400017666668,42.112693947777785,33.90626196,0.0,359.2555555555556,42739.555555555555,5.444444444444445,2936.1888888888893,349190.6666666667,23.366666666666664,2781.8888888888887,19055.666666666668,42036.555555555555,0.0,0.0,1.0,0.0,1.0,0.0,0.0,479552.55555555556,40.55555555555556,9.567777777777778,257.22222222222223,1.0,0.0,0.0,1.0,1.0,0.0,0.0,1.0,0.0
27,9.931006961,90.22222307,0.175420049,25.54000015,138.0,149.3000031,154.6999969,44,967213.4444444445,967393.3333333334,0.0,0.20249517555555557,0.4848482577777778,2.0459461873333336,4.88782408511111,9.065798493888888,11.99184152911111,24.579910913333336,36.22741868666666,0.45430701333333334,4.0,50947.555555555555,3.331239829666666,0.35795473333333333,11602579.555555556,1656411.7777777778,11.795545555555556,12.600544444444445,1707359.3333333333,121.28669401111112,12.9585,14152.444444444445,1.759591486777778,13579.444444444445,13177010.555555556,13177010.555555556,12722222.222222222,13.133156666666666,809770.1111111111,57.32785669888889,6.126352111111111,2345756.0,16.631724444444444,17.77111111111111,1878280.111111111,13.396380317777776,14.307767777777778,2024433.4444444445,14.353986666666666,15.339009999999998,14152.444444444445,6.0,1790.0,45.67933315666667,34.59548579222222,22.46989051444444,0.5555555555555556,750.6555555555556,7254.0,3.677777777777778,4851.5,46856.555555555555,21.655555555555555,209.88888888888889,1126.0,3627.777777777778,1.0,0.0,1.0,1.0,1.0,0.0,0.0,38951.444444444445,40.17777777777778,10.073333333333332,8.444444444444445,1.0,0.0,1.0,0.0,1.0,0.0,1.0,0.0,0.1111111111111111
28,9.673460537,76.61111196,0.184413918,22.9,124.40000149999999,138.3000031,130.5,45,3272576.888888889,3273986.0,0.2222222222222222,0.1885897977777778,0.4832140633333333,1.3771287003333332,3.7180443073333334,7.490786446222223,10.290637759888888,22.391768985555554,34.156405131111114,0.3669409211111111,1.0,193596.33333333334,4.7118041514444435,0.5440908555555555,31457069.777777776,3990440.4444444445,9.738257333333332,11.256186666666666,4184036.777777778,102.09437814555557,11.800277777777778,41090.444444444445,1.2711698676666667,10748.777777777777,35365234.88888889,35365234.88888889,34133333.333333336,10.403084444444444,2467512.5555555555,60.0122176288889,6.938283,3152586.111111111,7.789135333333332,8.98292411111111,4805432.0,11.793888941111113,13.62150888888889,5287079.0,12.84789,14.854175555555555,41090.444444444445,4.444444444444445,1788.0,42.29244443999999,43.06952278777777,26.81793735,0.0,273.18888888888887,8997.0,9.777777777777779,4459.133333333333,146770.44444444444,39.66666666666666,1309.0,3611.4444444444443,21874.777777777777,0.0,0.0,0.0,1.0,0.0,0.0,0.0,139241.66666666666,42.49999999999999,13.253333333333336,54.111111111111114,0.0,0.0,0.0,0.0,0.0,1.0,0.0,0.0,0.0
29,9.702802976000001,88.54444461,0.17358986899999998,21.26000023,91.90000153,114.6999969,113.5,46,694427.0,694436.1111111111,0.0,0.18892688000000002,0.5899188444444443,1.3960242471111113,3.637267933888889,7.1376007927777785,9.751378112777779,20.55917421888889,31.797619925555562,0.34723497666666664,3.0,-23837.0,-2.653110649555556,-0.31037570000000003,7138379.888888889,926811.6666666666,10.306160555555557,11.968066666666665,902974.6666666666,100.40848370222221,11.657691111111111,8993.777777777777,1.299497432111111,11159.777777777777,7754640.555555556,7754640.555555556,7521378.888888889,10.828457777777777,358779.22222222225,39.89370388444444,4.630631777777778,1034693.7777777778,11.242432555555556,13.064588888888888,967701.3333333334,10.760046533333332,12.494371111111114,1039462.4444444445,11.499686666666667,13.349742222222224,8993.777777777777,4.222222222222222,1889.0,40.60844421333334,34.249258913333335,35.757064236666665,0.0,114.9888888888889,804.2222222222222,2.2000000000000006,2620.4555555555553,18356.88888888889,18.68888888888889,131.55555555555554,111.55555555555556,852.0,0.0,0.0,0.0,0.0,1.0,0.0,1.0,29271.333333333332,42.13333333333333,9.673333333333334,10.88888888888889,0.3333333333333333,0.4444444444444444,0.0,0.5555555555555556,0.0,1.0,0.0,0.0,0.0
30,9.737283919,85.17777846,0.171025995,20.57999992,125.3000031,130.3999939,117.40000149999999,47,4696741.444444444,4697759.333333333,0.5555555555555556,0.20268750777777778,0.5064550244444445,2.066119810111111,5.028523074222222,9.393723434444446,12.442967733333333,25.25024350333333,37.44968159888888,0.44331398666666666,1.0,149162.66666666666,2.189762677444444,0.2619826444444444,48368198.222222224,4795655.444444444,7.46065588888889,8.926528888888889,4944818.111111111,76.79631975111111,9.188511555555555,64235.88888888889,1.0493195453333333,11370.333333333334,53559623.222222224,53559623.222222224,51766666.666666664,11.005554666666667,2719808.222222222,42.00105751999999,5.026822777777777,1842616.3333333333,2.8986315555555553,3.4651460000000003,5221839.555555556,8.152193652333333,9.751253444444444,5674959.0,8.800706777777776,10.530606999999998,64235.88888888889,4.944444444444445,1796.0,42.51044421777778,44.00343932666666,26.530886041111117,0.0,427.8444444444444,20322.0,9.477777777777778,3860.0888888888885,182509.33333333334,40.511111111111106,1919.111111111111,8532.888888888889,22210.11111111111,0.0,0.0,0.0,1.0,1.0,0.0,0.0,204275.33333333334,43.56666666666666,10.552222222222222,98.11111111111111,0.0,0.0,1.0,0.0,1.0,1.0,0.0,1.0,0.0
31,9.896063487000001,92.47777854,0.177760008,28.57999992,96.5,129.6999969,116.0,48,15798705.111111112,15810814.222222222,0.0,0.2257167655555556,0.5479736311111111,2.5981822146666667,5.819413609000001,10.406112140555557,13.755074821111112,27.47902107333333,39.22508663666666,0.5776776133333333,1.0,1188472.0,4.382911682,0.6020471888888888,182990261.0,15770393.888888888,5.64350211111111,7.592216666666666,16958865.888888888,60.817930855555545,8.194263666666666,276986.55555555556,1.0654846430000002,12985.555555555555,206594338.7777778,206594338.7777778,200000000.0,12.641074444444445,10026810.0,35.93118498,4.844196222222222,4328596.666666667,1.5196878666666667,2.026793111111111,17287627.111111112,6.177211019666665,8.303758,19560093.111111112,6.989985555555556,9.401800999999999,276986.55555555556,4.472777777777777,1845.0,39.640999264444446,41.42144146111111,27.428929685555552,0.0,624.8666666666667,99566.88888888889,14.133333333333333,6108.888888888888,966490.0,47.05555555555556,7463.444444444444,33228.555555555555,91268.22222222222,0.0,0.0,0.0,1.0,0.6666666666666666,0.0,0.0,862216.5555555555,54.5,12.206666666666667,507.55555555555554,0.0,0.0,0.0,0.0,1.0,0.0,0.0,0.0,0.0
32,9.678585157999999,89.4333335,0.18783049899999998,13.33999996,55.0,74.80000305,75.80000305,49,1602815.7777777778,1604100.111111111,0.0,0.1882032033333333,0.4960298433333333,1.216202855,3.317228026,6.68445756711111,9.153559684777779,20.463427013333334,30.746345520000002,0.3616344266666667,2.0,-1748.4444444444443,-0.11433598066666671,-0.012042988888888903,16012285.333333334,2275947.4444444445,10.498728111111111,12.63776111111111,2274199.0,104.87294175222222,12.625717777777778,21520.555555555555,1.4069783953333332,11081.222222222223,17881410.444444444,17881410.444444444,17322222.222222224,10.776172222222224,1165056.5555555555,53.61995569777778,6.456231666666667,1077742.888888889,4.8672668888888895,5.854809777777779,2530079.888888889,11.680223994444443,14.058124444444443,2791185.6666666665,12.877816666666668,15.502191111111111,21520.555555555555,4.451444444444444,1896.0,37.78111012666667,26.757823657777777,41.74409485666667,0.0,246.32222222222222,3936.3333333333335,3.2333333333333334,5160.777777777777,82941.11111111111,24.31111111111111,389.8888888888889,1053.888888888889,4264.555555555556,0.0,0.0,0.0,1.0,1.0,0.0,0.0,65163.444444444445,40.41111111111111,7.378888888888889,36.888888888888886,0.0,0.0,0.0,0.0,0.1111111111111111,1.0,0.0,0.0,0.0
33,9.821148766,88.02222273,0.177342362,27.05999985,128.6999969,161.6000061,155.5,50,527805.7777777778,527924.1111111111,0.0,0.18995452222222223,0.4893372011111112,1.3966986404444444,3.7601497703333333,7.517378383666667,10.387313948777777,22.793319065555554,34.74435848555556,0.3767952333333333,4.0,37158.444444444445,4.923031489111111,0.552029411111111,5660861.888888889,873593.5555555555,12.27566888888889,13.634313333333331,910752.0,127.67971885555555,14.186344444444444,7146.666666666667,1.717663672222222,12072.777777777777,6399143.111111111,6399143.111111111,6176639.444444444,11.678083333333332,423492.44444444444,58.72339969111111,6.5308794444444445,815576.4444444445,11.662937555555555,12.93241888888889,963299.8888888889,13.62450875111111,15.120305555555555,1028269.7777777778,14.432707777777775,16.034365555555556,7146.666666666667,3.6666666666666665,1791.0,42.41655519333333,34.73950428222222,29.236453545555555,1.0,213.94444444444446,1130.7777777777778,2.755555555555555,4214.599999999999,22330.666666666668,27.122222222222227,143.33333333333334,126.77777777777777,758.7777777777778,0.4444444444444444,0.0,0.0,0.0,1.0,1.0,0.0,18748.88888888889,35.422222222222224,10.62888888888889,4.777777777777778,1.0,1.0,0.0,0.0,1.0,0.0,0.0,1.0,1.0
34,9.957432535,74.78888914,0.177402943,22.99999962,129.5,148.8999939,152.6999969,51,5665361.666666667,5667751.666666667,0.8888888888888888,0.20318421333333336,0.48707557,1.3405702512222222,3.6259543101111102,7.261902226666667,9.893578582222222,22.853820591111113,34.24845949666667,0.46565868555555556,1.0,205101.88888888888,2.2385494643333335,0.2495128777777778,70647054.1111111,7030836.888888889,7.801940444444445,8.67779988888889,7235938.777777778,80.25795322,8.927313,90725.11111111111,1.2675758204444447,14202.777777777777,81062753.66666667,81062753.66666667,78111111.1111111,13.739783333333333,4179068.222222222,45.94797303888888,5.115319555555555,3125459.888888889,3.4257592222222217,3.8147032222222226,7630430.0,8.490829891666667,9.441207444444444,8484411.666666666,9.37960522222222,10.436979111111109,90725.11111111111,3.111111111111111,1788.0,43.646110533333335,37.05054721777778,28.940765513333336,0.0,216.35555555555553,12269.555555555555,7.633333333333334,3816.2000000000003,215091.77777777778,26.41111111111111,1490.888888888889,6339.555555555556,17061.333333333332,0.0,0.0,1.0,1.0,0.2222222222222222,0.0,1.0,303931.3333333333,53.45555555555556,11.682222222222222,83.33333333333333,0.2222222222222222,0.3333333333333333,0.0,0.0,0.0,1.0,0.0,1.0,0.0
35,9.65476354,92.58888753,0.16483051199999998,19.80000038,109.09999850000001,122.3000031,123.1999969,54,1911456.7777777778,1911645.7777777778,0.0,0.18395027111111112,0.4733517122222222,1.524256269111111,4.132943312555556,8.355241881222222,11.563505066333333,25.192358017777778,39.300283642222226,0.3315468611111111,1.0,74660.11111111111,3.2401763465555558,0.35530605555555556,17411418.666666668,2684091.0,12.265374444444445,13.708295555555555,2758751.111111111,125.89392427777778,14.063603333333333,21827.555555555555,1.4482792086666667,10257.444444444445,19553435.222222224,19553435.222222224,19066666.666666668,9.981053555555555,1604787.111111111,73.26776716555555,8.179994666666666,1915263.111111111,8.782011444444445,9.831231555555554,3247087.6666666665,14.846684455555557,16.591654444444444,3400359.6666666665,15.551646666666667,17.370945555555558,21827.555555555555,4.777777777777778,1863.0,40.86244455777778,49.742496304444444,27.447350904444445,1.0,176.13333333333335,3403.5555555555557,5.222222222222222,2218.1000000000004,42860.333333333336,17.08888888888889,329.77777777777777,805.3333333333334,3163.4444444444443,0.5555555555555556,0.0,0.0,0.0,1.0,0.0,0.0,78115.77777777778,40.91111111111111,8.827777777777776,102.11111111111111,0.5555555555555556,0.0,0.0,0.0,1.0,0.0,0.0,1.0,0.0
36,9.882993592,95.15555784,0.17454639100000002,32.04000015,102.5999985,117.59999850000001,113.5,55,4746852.555555556,4747551.666666667,0.0,0.1926066122222222,0.48896011444444437,1.4739093185555554,3.8688320054444443,7.652586830444445,10.374365065333334,22.389728757777775,33.61822764111111,0.38345445777777776,3.0,321694.6666666667,4.176413486,0.47427161111111116,54175542.777777776,7317479.777777778,10.526558555555555,11.825836666666667,7639174.444444444,109.44200387777778,12.300107777777777,69593.44444444444,1.6073913308888887,13005.222222222223,61797493.777777776,61797493.777777776,60033333.333333336,12.639862222222222,4736317.888888889,67.7792896688889,7.618052333333334,3709661.6666666665,5.2469734444444445,5.904649555555556,8001092.444444444,11.524776460000002,12.94523,9370962.444444444,13.375273333333334,15.035894444444446,69593.44444444444,4.777777777777778,1848.0,41.93777847111111,33.98257369222222,30.20376234,1.0,230.62222222222215,11004.222222222223,3.011111111111111,4089.988888888889,194965.0,17.522222222222226,836.4444444444445,3313.1111111111113,9956.777777777777,0.0,0.0,0.0,0.3333333333333333,1.0,0.0,1.0,215964.0,45.48888888888889,9.097777777777777,80.0,0.2222222222222222,0.0,0.0,0.0,1.0,0.0,0.0,0.0,0.0
37,9.913661109,81.00000042,0.174207053,24.97999992,114.3000031,158.1000061,160.6999969,56,491144.8888888889,491659.3333333333,0.0,0.19767797555555555,0.5270054444444444,1.3463214834444441,3.6208770010000007,7.226681550333335,9.941338857666667,22.08098326777778,32.41401820888889,0.4055399055555556,2.0,221464.33333333334,18.950609366333335,3.298972333333334,5912884.222222222,1175846.0,10.342280555555554,17.570454444444447,1397310.3333333333,122.37340376555557,20.86942666666667,11485.666666666666,2.8390137092222223,13492.555555555555,6630948.444444444,6630948.444444444,6500997.888888889,13.221178888888888,662635.0,57.75223075,9.910376777777778,649278.8888888889,5.713106333333333,9.681832222222221,1315010.4444444445,11.56557332111111,19.655126666666668,1610657.6666666667,14.113981333333335,24.059099999999997,11485.666666666666,3.0,1890.0,37.20733345888889,32.79829051666666,36.339793028888884,0.0,203.2444444444444,1003.6666666666666,4.8999999999999995,4026.277777777778,19951.777777777777,25.900000000000002,128.11111111111111,138.0,1511.0,0.0,0.0,0.0,0.0,1.0,0.0,0.0,34661.666666666664,70.51111111111112,7.5744444444444445,46.77777777777778,0.0,0.0,0.0,0.0,1.0,1.0,0.0,0.4444444444444444,0.0
38,10.07655864,89.42222341,0.17353238199999999,24.28000031,90.09999847,120.1999969,127.09999850000001,6,25973668.444444444,25988435.0,0.3333333333333333,0.2224464233333333,0.5255635655555556,2.137215534888889,5.019459883333334,9.203566392555555,12.232388495666665,25.308184307777776,36.61377037999999,0.5749681455555555,2.0,-674281.4444444445,-1.4313252303333337,-0.16746727777777778,361907443.3333333,43002916.88888889,8.859462111111112,10.406099888888889,42328635.44444445,87.16329701888888,10.238633888888888,485865.0,1.6130786868888887,15723.222222222223,412230647.3333333,412230647.3333333,397888888.8888889,15.265263333333333,26813558.333333332,55.27749421777777,6.492861444444444,15111187.111111112,3.0136414444444446,3.54809,48659145.333333336,10.028646573555555,11.778644444444446,53088052.11111111,10.887363333333333,12.792437777777776,485865.0,4.75,1850.0,40.43033345444444,41.81492751666666,32.70387132222223,0.0,727.8222222222223,188945.0,11.4,6070.7444444444445,1555555.5555555555,48.06666666666667,12334.666666666666,88257.77777777778,219585.77777777778,0.3333333333333333,0.0,0.0,0.0,1.0,0.2222222222222222,1.0,1096508.3333333333,42.27777777777778,9.18222222222222,315.55555555555554,0.5555555555555556,0.0,0.0,1.0,1.0,0.0,1.0,0.0,0.0
