"outcome","force","r","att","att_paper","mae_pre"
"pornhub","none",0,-42.1921395688394,-35.6645548727215,1.30887124857541
"pornhub","none",1,-43.4935560049343,-35.7604798837368,1.336760322882
"pornhub","none",2,-41.2741005991118,-33.9304766410934,0.721018700152267
"pornhub","none",3,-40.0576397185883,-33.4825575286512,0.740689524549613
"pornhub","none",4,-39.9021639199238,-33.3018276823356,0.750066951619353
"pornhub","none",5,-39.8397738417493,-33.1439394240053,0.776698388743864
"pornhub","unit",0,-43.9488657063445,-36.3289164364804,1.44431065595206
"pornhub","unit",1,-41.1063724567774,-33.8904776992028,0.705582073952641
"pornhub","unit",2,-40.0137422780262,-33.3904867001228,0.734180687122078
"pornhub","unit",3,-39.8595883181206,-33.3280595926442,0.742721713665488
"pornhub","unit",4,-39.6219350280938,-33.0764374475733,0.748886311851522
"pornhub","unit",5,-39.6930969395145,-33.1516744963566,0.758421164462771
"pornhub","time",0,-40.7140183028286,-34.2166917617639,0.725530660377358
"pornhub","time",1,-41.6207334524143,-34.1507298307798,0.733650870964301
"pornhub","time",2,-40.064922606979,-33.4799809240775,0.747269323145303
"pornhub","time",3,-39.9250857613669,-33.3242657033701,0.760567005097252
"pornhub","time",4,-39.8583701692999,-33.1224569783713,0.781743868189969
"pornhub","time",5,-39.8929328689056,-33.19091115851,0.772612938942114
"pornhub","two-way",0,-41.4816136909364,-34.1380217949669,0.722738566103438
"pornhub","two-way",1,-40.0664126533849,-33.3934036619062,0.743320022155488
"pornhub","two-way",2,-39.8933553640696,-33.3987941426557,0.759719446303811
"pornhub","two-way",3,-39.6722094324906,-33.0869389009347,0.754778104670206
"pornhub","two-way",4,-39.7225001347496,-33.1606453349871,0.759208775058827
"pornhub","two-way",5,-39.6694419020537,-33.1133972155397,0.753034448507152
"xvideos","none",0,20.8852562563513,20.1349223290047,7.04923094665244
"xvideos","none",1,31.4211673011047,29.7121033400211,1.13782348958386
"xvideos","none",2,31.9880474817887,30.1841218675391,1.08058949654296
"xvideos","none",3,30.1743109558125,28.0989860050063,1.0807732255719
"xvideos","none",4,29.8859489516098,27.907721005556,1.15208263890485
"xvideos","none",5,29.9474151500666,27.8821824191079,1.13947936188824
"xvideos","unit",0,25.5653237355489,25.3772000588621,2.58925068256
"xvideos","unit",1,31.0347604549008,29.5962230314701,0.9696138059488
"xvideos","unit",2,29.9421274863184,27.7481364801483,0.992135941552086
"xvideos","unit",3,30.0416272014666,27.7597889181976,1.02064031015862
"xvideos","unit",4,30.1055440805452,27.7661791889752,1.0231882845397
"xvideos","unit",5,29.9659969509022,27.6587504749967,0.987401386883762
"xvideos","time",0,24.3015806988353,22.9322212242885,6.37630559299192
"xvideos","time",1,33.7216006107405,31.2767087988915,1.23437247986028
"xvideos","time",2,31.5017881412154,28.570744593793,1.08577975245811
"xvideos","time",3,30.9099902899523,28.3036500832186,1.10694176800678
"xvideos","time",4,31.0102665233927,28.3166533289974,1.08866371371438
"xvideos","time",5,30.8253980533985,28.1973241400394,1.07705354429447
"xvideos","two-way",0,31.6228630929108,30.0064595454595,0.998780935975277
"xvideos","two-way",1,30.6494289950827,28.3399769338565,0.999352068561409
"xvideos","two-way",2,30.6346792198638,27.9917888017881,1.00974021063257
"xvideos","two-way",3,30.7585372936151,28.0183297887675,1.01315452359702
"xvideos","two-way",4,30.6977494307283,27.9576367238433,0.985911604225762
"xvideos","two-way",5,30.8075468530112,27.9834389013755,1.01454004044448
"vpn","none",0,-8.18729375816592,-0.303798770709582,14.8581949067458
"vpn","none",1,4.82964669278843,13.1294975989923,2.94870620920289
"vpn","none",2,3.9926500856566,12.4756700151172,2.90991511662149
"vpn","none",3,5.1638423524443,13.1803749470224,2.33535463056812
"vpn","none",4,5.16832096771462,13.1477021015912,2.286833413818
"vpn","none",5,5.43095812961501,13.021449958172,2.28082638324703
"vpn","unit",0,5.58810385209712,13.5994906412331,2.08949997251939
"vpn","unit",1,5.53620227320626,13.4849774130544,2.07480563569774
"vpn","unit",2,6.78747915933307,14.2051839834139,1.66803823443332
"vpn","unit",3,6.73910790035773,14.1231428676736,1.63713830247847
"vpn","unit",4,7.66615233413244,14.5951949478837,1.56081778727981
"vpn","unit",5,6.88605319216582,13.4900919641994,1.60347655200341
"vpn","time",0,-7.12318011647255,0.136537140743872,14.5946765498652
"vpn","time",1,6.39588637477791,13.7840481707024,2.82068139238032
"vpn","time",2,6.05000555130209,13.4234090621166,2.39047197148614
"vpn","time",3,5.20139821632474,12.7426870993527,2.35131397813736
"vpn","time",4,4.52423848989485,12.0771196165263,2.44016510212046
"vpn","time",5,3.20274374282467,11.5952024230181,2.38728352839192
"vpn","two-way",0,7.63362405318637,14.6600241358164,1.71514858207154
"vpn","two-way",1,7.19721515470974,14.1411938459027,1.76602821870082
"vpn","two-way",2,6.56044188431213,13.6029748492555,1.6873138339976
"vpn","two-way",3,6.3925364856906,13.3352545064973,1.71143142461826
"vpn","two-way",4,6.55245842639444,13.0975167850359,1.64277513943076
"vpn","two-way",5,6.39699470354202,12.7741273239087,1.6497622003963
"porn","none",0,3.02119579783135,5.99495946963035,2.68939267171982
"porn","none",1,-4.62085590076408,1.23411999794661,3.42387815575007
"porn","none",2,-0.881989699547876,4.06691104147339,0.782852887358576
"porn","none",3,-2.44377618525018,3.43424518672955,0.8670248272208
"porn","none",4,-2.06328685810014,3.40305699708918,0.834477796976182
"porn","none",5,-1.79606627233718,3.58624016187063,0.772921125010516
"porn","unit",0,6.08338449823604,8.89604313929465,2.39279573845039
"porn","unit",1,-0.873815465745524,4.07778143432449,0.764095257302304
"porn","unit",2,-2.35516208955183,3.52514294289066,0.913661464857034
"porn","unit",3,-1.92107343014522,3.54041671950139,0.858191402541764
"porn","unit",4,-1.87228403673836,3.6935072221646,0.801846215122909
"porn","unit",5,-1.99085613129076,3.5607299047607,0.752004293941538
"porn","time",0,-0.469893926788686,3.66379613975768,1.25724393530997
"porn","time",1,0.338562178171907,4.85531839728189,0.8124597671322
"porn","time",2,-1.59172933994814,3.58041378338234,0.892822317855212
"porn","time",3,-1.4493756164169,3.47055538849988,0.824305023253435
"porn","time",4,-0.840071154509422,3.70927309439468,0.777673161168521
"porn","time",5,-0.700252646662191,3.83038193730092,0.772366861765206
"porn","two-way",0,0.244716098702798,4.80122060479708,0.770130785392968
"porn","two-way",1,-1.18735058148525,3.88601670189324,0.918083956936658
"porn","two-way",2,-1.27408252473335,3.65990010399234,0.832773139204652
"porn","two-way",3,-0.862513472178646,3.79860680046909,0.792552116771848
"porn","two-way",4,-0.72308905968102,3.79477810590266,0.753671372444637
"porn","two-way",5,-0.625613996529343,3.93824010794125,0.746553714953475
