draw	t	Y1	Y0_1	Y0_2	Y0_3	Y0_4	Y0_5	Y0_6	Y0_7	Y0_8	Y0_9	Y0_10	Y0_11	Y0_12	Y0_13	Y0_14	Y0_15	Y0_16	Y0_17	Y0_18	Y0_19	Y0_20
1	1	0.600932744622881	-1.19620703053863	-3.50804666326842	-1.63074907465951	-2.442105995977	-3.11994558321479	-0.831068407618065	-0.129780341978195	-1.84457554523786	-1.32201793457335	-1.10156096097971	-1.46769583715305	0.625505714122905	-0.537596515780913	0.0506343726627119	0.687814064414528	-0.945784854600653	-0.186401166091704	0.154621586360155	1.08235150275326	0.461277060643547
1	2	2.57784962672458	1.48979820022905	-0.937695684702416	-0.948141787207158	1.28201520272927	0.722605468308965	1.44671078177498	2.40908677828169	1.25886963938162	1.8822199338312	1.04471520397926	0.106102168278155	0.740530754439927	1.98814487963307	1.90685846148184	2.13800247154584	1.44397898256108	1.81775657494356	2.45405194370914	2.69485053320378	1.95818591870527
1	3	0.969825316732187	1.66811521844802	0.86493643814922	-1.24021061457425	1.72831236622655	-1.10085613997087	-0.200226882020068	0.603525097987041	1.13886205357133	1.46476803004215	0.257346716153397	0.517876163092246	-0.676758318571494	0.574705233228282	0.945542253795827	-0.0143692946961494	0.0314326186662433	0.773964800134018	2.25138637069362	0.798278867490492	1.08680979515787
1	4	3.01576915887063	2.63621066183786	0.74502664881646	0.969514882037562	1.87166176205275	0.979644249102779	2.70648898910965	1.18119981031199	2.55100699325394	1.87072595623129	0.324617643344763	1.82354760732753	0.815575261781712	2.12798277376277	-0.147033998365475	1.58432711305755	1.25567994243922	1.25954841652335	1.51459149458581	1.27306468388967	0.946979260309883
1	5	1.78618374699287	-0.302099196049921	-0.597289669871854	-0.0565842925995648	0.600100973800714	-0.522539615029019	-0.0122574300825957	0.572457231071918	2.42314214985237	1.24885489741526	-0.0466420593035756	1.21360181850185	0.371985365380825	0.03965837284082	2.61436515701164	0.200877683791135	2.03858843516546	2.12841007293333	3.12295820513206	2.48149909972131	2.51385112329506
1	6	-0.362946252878886	-1.8150372379725	-1.00463072385411	-0.726535914893779	-0.246092312968485	-1.63118412216986	-2.01512184504402	-0.822327809377878	0.145386718939915	-1.31124447628866	-1.25582962848923	-0.242179020755244	-2.19130942456911	-2.2402180447012	-0.171824182377228	-2.64197252589475	0.857117106729972	-0.116920465009221	1.11547481263622	0.548260800082407	1.65906167160029
1	7	-1.02942843288995	0.599134543731765	0.187017285042515	2.15227749645799	1.61679926327105	0.00833758475690694	0.506678326560152	0.335937889559453	1.27753163194432	-0.066781296201039	1.00911790855221	2.03445800441069	0.453308295113479	2.56652680426462	1.3430487629233	1.18670601108242	2.51749048948365	0.332932905297239	2.3084345351555	2.87802614448747	3.14027522086891
1	8	-0.570936252392992	-1.50092771508322	-0.904470976490813	0.286290690266182	1.50702865755259	-1.28421447398964	-0.724895468750672	-1.31245359815249	1.26145226436987	-0.413736311579793	0.970411540499506	1.78598077375548	2.13630962636323	2.07905351282722	0.936349410275082	2.40984772614978	0.99655852581764	0.610143158516663	1.98206413487018	3.00431709703402	3.20178144757688
1	9	-0.00729590807633873	-0.470924164380775	0.457115971462171	0.459482896544784	0.286506165505157	0.860774169375489	0.813390807852315	-0.249807338677432	1.04664871904432	-0.712909125548781	1.08086647762698	1.23865616767953	2.38244763499473	2.13631239733565	-0.34654345244688	1.88818190459882	0.129251409607778	0.0970521020675167	-0.268460321321495	1.53358768585203	0.893445242670129
1	10	-0.711103344167314	-1.4659190436113	-0.970130651030249	-0.0873796333382131	-0.91358690946968	0.75194699167092	1.19395113759442	-0.392321624592485	0.907293852362608	-1.00561370397724	1.50259785559957	1.31576867251544	1.84519297948945	0.266343904730099	-0.061702782793305	1.22542078705041	-0.347013763270274	1.48654108709282	1.5617483434041	1.83497065200029	0.911137571034418
1	11	-2.34492725032939	-0.524407224588809	-1.79664972519028	-1.26856653264256	-0.308772558824593	-1.6455497537974	-1.045335739992	-1.49169694391933	-0.680630396727176	-1.64224584433175	-0.496312070150751	-1.19536504127566	-1.45099524639689	-1.11658841397456	-2.81126832554182	-1.40499036643848	-3.12702050054595	0.0668140719836103	-1.0930934366572	-2.35660723577977	-0.857459608394075
1	12	-2.05399480724116	-0.228640171503101	-1.90610605531718	-2.87603329242648	-0.691849216325611	-2.38900197001553	-0.305340508627567	-1.57097635434964	-2.0194642081564	-0.592752649947482	-1.90172224714218	-0.798950630554409	-0.453309634301252	-0.901225859838663	-2.70956241660301	-1.57852317769057	-3.13588727717804	0.487215982497954	-0.99676520900776	-1.19733620097061	-1.13831846902779
1	13	1.51746251738304	0.284333701839881	0.147909799499931	0.140875736758518	-0.442467496988999	-0.336116235499306	1.48906356105924	-0.636761542901101	-0.111939178740889	1.78334659334178	-0.19643676439051	0.385699479300553	2.87087802545594	0.255025519085408	1.48288002989762	0.365221006945141	-1.00478211892654	1.96802801478068	1.00725013600388	1.26471084049429	0.800499254535994
1	14	-0.590435150340286	-2.70886706525447	-1.33183650623201	-0.914136567133105	-2.32572863657784	-0.664496877640735	-1.27579363542266	-1.48157828504392	-0.423783283662754	0.344086614010629	-1.01497020287297	-1.12966451087923	0.438396431631478	-1.22134195283908	-2.08130440878525	-0.583755593181307	-1.65461250150051	0.166228402173309	-0.227054909072211	-1.22458209849991	1.16943107070819
1	15	2.18162266663501	0.722760391954934	1.80057306941649	1.19104889964254	-1.30458656741792	1.61286221239727	0.722865336512327	-0.359417603009248	1.5314811922695	1.3527481146405	1.54026908355494	0.314364598913112	2.1286893769218	-0.499908178938156	-0.712722718481464	1.27611897362378	0.979225307744176	3.11605689586256	1.49364176210542	0.633879771964293	1.34813374222835
1	16	1.07285575132168	1.81514338525439	1.884607902311	1.95267558165109	-1.39033551841737	1.84437253478059	1.32964860511935	1.15168283543215	1.12919937485518	2.00429990789708	0.527563080779212	0.625212946355699	0.947282083879627	0.86162553341807	-1.48100301729371	0.936737489564198	0.745787147731418	1.2758609643916	1.13341832098477	1.64974974213597	0.00141210169806794
1	17	1.99459128944606	0.543979545124142	0.985804829134453	1.64310918908754	-0.673109440777581	0.487430696012977	-0.19013162172133	0.32961042320357	0.146660343458577	2.15882211507737	-0.504979465233405	0.118186951415812	2.61261656634795	-0.231193181521784	-0.430857776160209	0.193450514234814	-0.67263211810144	1.46550223996954	0.316541530496025	2.07187939892002	-0.328618368084619
1	18	0.787823244642721	-1.24251193555703	-0.454910132892228	0.911645492192084	-1.46834980585827	0.158976963559866	-0.718809856268053	-0.845017698888811	-1.72884674801906	1.13976279627798	0.45897149374761	-1.06002727640972	0.0594040245705478	-0.844314019959284	0.503822118339058	-0.39155699253613	-1.97403267722227	1.9208645425624	0.107747153553465	0.15789303760403	0.861966483183745
1	19	0.492838357124296	-1.45008207386734	-0.471330354143469	0.738631792009329	-0.440926952959903	1.82644252666094	0.696327790210396	1.57472670140653	0.0825474311944306	-0.0598328922710095	2.27271869392619	-0.032800395344092	1.47013641797216	0.482899978457992	0.731122368882358	2.20763601084474	-0.79435435644776	0.766143881536529	0.724024694107856	1.27911268825855	2.0378776847503
1	20	-2.46969664255565	-3.57326580239478	-0.881174073539654	-2.06559658655467	-2.20637420186045	-1.60050924875533	-0.106207031045808	1.18898835082419	-1.93918866589023	-1.4938911355412	-0.0300685635493176	-0.636687698324918	-0.541195169165596	-1.52168873480248	-2.07266702571611	-0.672104032022025	-2.58690833120831	-2.75426176526997	-2.36349976804574	0.123779945682669	-0.932141720959012
1	21	-2.33055965649609	-3.49628000469331	-0.170561354019106	-3.17152774317693	-1.68213874601147	-1.71247761307063	0.227526675597076	-0.0812355837575855	-1.14523257571199	-0.763603795979026	-0.162347744798987	0.189509734488197	-0.295837896371677	-0.105581308693796	-1.97697292652922	-0.964749354131783	-1.45387818076987	-1.10055447192412	-2.03777583838046	-0.264340966400877	-2.03793305869633
2	1	0.346221243989815	1.60996147782742	-0.844212752378747	-0.220355390186063	0.0303099789590492	-1.36900137750298	1.20110221031607	1.34702342554593	-0.226527078892492	0.737601279776097	0.609359127039576	1.44457248621423	0.775802501739902	-2.07242248680145	-0.65325098310539	1.30484108568969	-0.320344844516095	0.541799679231173	0.711537268271901	0.0904920148489635	-0.932028476260158
2	2	0.778446947673952	1.22327905393159	-2.11318131702497	0.185574305665212	-0.939574969925132	-1.54745100031691	0.634110955902065	1.06323157350789	-0.997712342069365	-0.0876888841889613	-0.00402247728083849	1.68249521755213	1.04305867544279	-2.28129891836019	0.492285917392179	1.87923560227555	-0.643705660366686	0.199732851729433	1.61496154755529	0.329691537274281	0.396396303701808
2	3	-1.17403033805132	-0.125911610542093	-0.418394708614163	-1.27518705802978	-2.02624152517524	-1.55551065604095	-0.0510554596382314	-0.805580417647278	-1.98543586192635	0.325285158571259	-1.06587761974516	1.32339658517888	0.543004648691383	-2.1898966757213	-0.590820801230185	0.654707211940259	0.250336114517331	1.72312255980405	0.380008689932921	-0.994334856160268	0.391147649093515
2	4	0.157463543085766	1.48851024444004	0.432606658116238	0.284518158165178	-0.88681683498001	0.68080582153996	-1.1233217559486	0.198082366707784	-0.369604832681531	0.51452207222021	0.958848979990588	2.15934817600452	1.23298764416212	-0.169422142307722	2.12277603033161	1.62970668530146	1.94321780362893	2.81888462860853	2.92516592185619	1.93463774313229	0.956880695310616
2	5	-0.332155337921355	1.07892329198647	1.07696055012682	1.3489280174556	-0.739162829291862	0.962201112924644	-0.245504069077105	0.378235193754378	0.833033015454946	0.663264984229665	0.659211132745865	1.8759748860253	1.20474543304589	-1.20600485489808	2.13358437295119	1.68729095149033	1.56145804470809	2.20873409450326	1.7178334687249	1.50631555969013	1.23276331935145
2	6	-0.536589780712493	0.587974946330568	0.0476906855917743	-1.65325276885289	-2.1762841845203	0.119865646471589	-1.19910688523721	-1.24515360847326	-1.35707251623326	-1.94144816297007	-0.840776945970676	1.06851976487695	0.0369626396205781	-1.65530199410743	-1.20205987482327	0.0288920009836545	0.856625626314174	-0.264231226793215	-0.648953081616933	-1.01392725728648	0.368850117483753
2	7	-0.270222056533201	-2.94255849068101	-0.531368154321732	-0.185986778368887	-3.40053197486117	-1.06244014562396	-1.23557789353246	-1.99242772784056	-1.38642385139087	-0.931784354526048	-0.437500439720641	-0.19497632313718	-1.42206860834792	-1.45543057523274	-2.34380501114837	-2.24911431501036	0.413782677081528	0.0525902626186415	-0.62753284158756	0.0297494937989565	0.633638915328462
2	8	1.08977079688443	-2.04058950428363	0.650737049785474	1.11971057869771	-1.82255626509865	-0.831821843051625	0.495313720606057	-0.445162655493778	-0.462700114962144	1.01869847150042	0.662735495385047	1.65060528794028	-0.418121781280453	0.217868328819761	-0.5016676398459	-1.13249975468425	2.14000315885339	0.449768874823747	1.19134843087771	-0.113630684347295	1.21084974448984
2	9	-0.615732005308399	-1.84833040520413	-0.0220930702310016	-0.86068799687494	-0.461157584700638	-0.762849050608417	0.70891190774184	0.13957152873408	-1.52654478160871	-0.611501124814428	-0.262448282359685	1.28617224327789	-0.795091999557897	0.097923871024267	-0.19032728371014	-3.20589926895068	-0.0287523528969695	-1.31983911351858	-1.36774261994575	-1.09021852219794	-0.545516945273149
2	10	-2.37217053159885	-2.86453308227308	-0.119833596623332	-1.73206033492212	-1.57316045424053	-0.359934424532304	-1.57098297209956	0.193039578994514	-1.36088258138395	-1.00727727187659	-1.50234301574694	0.231562790631505	-0.667622145562893	-2.04396424157042	-0.788459295060571	-2.62366483365812	-1.05993801176128	-0.9613420667872	-2.048032143063	-1.92085740743174	-0.537419455416562
2	11	1.51668880246071	-0.906174747600716	1.73687113611001	1.28268735981093	2.36436618880259	0.712695750466819	1.56306092871823	3.32832147265836	1.85242081237905	2.542170280589	0.961558786590913	3.43677945923931	1.17261772741148	2.20821474562328	3.89238516644195	2.47620386592586	3.68069338618962	4.02175634912308	3.14518539569786	3.5985966681632	3.9249029734329
2	12	0.609582872024964	-1.4190524353177	0.0106055680127223	1.76226145384789	-0.104421620651951	0.569981044663613	-0.426854324266978	2.26435571780875	0.371470193145503	1.22656801879458	0.528010875713627	2.2481606719457	0.493432071121267	0.37121462945211	2.16116573209736	2.73586658163665	2.42081072746416	2.12731986385432	3.54996219292046	1.66085964969558	2.18591220337217
2	13	-0.367955963895549	-1.450226697038	-0.0754463975579459	-0.897239940060353	0.322164779788114	0.471178154874777	-0.0415761245299213	1.27214482205185	0.61209757399071	0.620925792647755	-1.00442686393157	0.363552849868389	-1.30053393346436	0.455453774358049	1.36069864580587	1.00027162283774	0.271432708952775	0.3061333586001	0.896401576378699	-1.01567535726157	-1.0740576041006
2	14	1.22397799844805	0.201441959998958	-0.357731939757494	-0.59679971492071	0.433631647578644	0.675448364137575	2.32301947463832	1.86791312149891	0.869015051780634	1.86202492936749	-0.394212417942233	2.01862109534569	0.508662384654067	2.01705049582473	4.36457434927209	2.57332795179357	2.71004648519308	1.89554099834412	2.89749919453938	0.697776484624579	0.254875013159908
2	15	1.24198884934074	-1.55420882846716	-1.72686404985736	-0.59973378147085	-0.764142248644666	-0.551201566560473	-0.497157705612028	1.55028233360513	-0.390997840382476	0.693489301574035	-0.584969689564778	-0.0406576511326856	-1.21524762879082	0.623024350426456	0.382082577169523	-0.864136774595149	1.57740361755422	-1.3069347300357	0.331324220446093	-1.17629550302075	-1.35657202959723
2	16	3.66908287931169	0.453053307583867	1.33570826000014	2.60782116238161	1.43371242458154	2.90789610993184	3.44710768611253	3.78880492307693	1.96405643118773	4.02682799354652	2.60947602474918	4.25429368752621	2.84693877388094	3.99269640147419	4.71459923004316	3.59835819416596	4.93951855601101	2.44260362276357	3.82249245961293	3.63334460157818	2.49970703489714
2	17	0.672158864746495	-2.26230895739103	-1.80112526921475	-1.60524301964258	-1.58665559872541	-1.24955103420122	-0.736797517567258	-0.327990053651284	-0.647301167606997	0.492669071021364	-0.149513182873664	0.26430135685428	0.643989769082278	0.646154996537224	1.29263896533169	-0.288501614995097	1.07677034106864	-0.0552832897153304	1.15734345251686	0.64159677061368	0.684197010737584
2	18	1.33347711913046	-1.30429067329362	-0.85334223862599	0.216128973321706	0.527759857271268	-0.245207840325999	1.20173188083254	-1.05458885998077	1.8402298917194	2.03963624824277	0.237591209208747	-0.255250919329363	0.789242762623411	0.710012109428459	2.84013275186176	0.144436660449208	1.40276367476007	2.32772288834763	1.08407836216182	1.12962420360312	0.987223032148617
2	19	1.29959461806371	-0.162681239471401	-2.29589527924414	0.260006410957932	0.476266890199542	0.583304296502099	0.129071734493141	-0.430254689577536	1.77144178761758	1.88366662681461	0.396950740335186	-0.497315691884186	0.185515435344596	1.31750191041848	2.81305711766249	-0.00161835521152232	2.690444152591	0.766783093009817	2.38035989973877	1.15351022653066	0.772170882322215
2	20	0.566242996167797	-0.049964664117169	-0.552488487359544	-0.945693755559962	0.327182433494288	-0.147118853964552	-0.259040783287551	-1.04696624677084	1.66032944184438	1.31904483650588	1.29258304772547	-0.33723343018368	-1.00384790098694	1.12735794351188	0.702311642081156	-2.18843796502124	1.06243840142386	-0.0721911539961273	-0.104313417864697	0.268114962775332	0.592221160378609
2	21	-1.47588003411153	-1.11925964001005	-0.430742852299749	0.54123887492541	-1.26667790627933	-1.79247760085092	-1.24913675743189	-1.14333389444882	-0.0919815956435277	0.0536737754329153	-1.03088743194765	0.387356133374051	-0.804988292921555	0.365965280972695	0.151602762633882	-0.629885105716325	0.179737121934328	1.11807177627803	-0.589319619423456	0.13651396508804	0.0671589257214906
3	1	-0.977968907966486	1.14826903752999	-0.565244421892703	1.44819516123864	-1.74883939188187	2.23595988016176	0.60644409240551	0.529344375519247	0.883844088065129	0.82113089379157	-1.15059513723883	1.29656919768206	0.970507182817925	1.41464721299366	2.27409532220758	3.80803609789193	1.33877744754695	0.961115718417233	1.41998944843557	1.17542725453187	0.441468830630061
3	2	0.0545845587026623	2.88752003198738	0.704214689299724	3.06556408241338	-0.269426658277368	2.26324967848883	3.26183486030172	0.775061676551525	1.60489661198045	0.857675078265226	0.782029325172962	2.46361882698425	1.81943372223109	2.17062068752254	2.55221119098341	3.96076519620481	3.481876741097	2.62307045583721	1.12443580126371	1.34991583216626	1.7251904092468
3	3	-1.03832000867268	0.838669714913592	-1.71072755541879	1.00544793759065	-2.88520040044482	-1.58924229371637	0.331175192886966	-0.736184609760246	-1.34622570721366	-2.20297534288316	-3.38269204934349	-0.99198398228056	-1.33234455880295	-1.19276524746726	-1.14279268740627	2.37633001971456	0.742404495863967	0.273494677814508	-2.22535644105132	0.949573248345596	-0.105628515302251
3	4	3.02102920317789	4.52261706020681	1.07039034299467	2.72212078403837	2.05374036376058	1.12558370877719	3.26789486909822	2.80275807019126	0.155212053907311	0.183175162779725	-0.768255830033303	1.3326856953337	2.51504598687961	1.84386486150451	2.3748404822915	3.42795509065055	3.41597883107902	1.58973972468131	-0.121767620443179	2.3360078035895	1.08198188225439
3	5	1.91116356173682	0.558101162210426	-0.648338994381364	2.51974552029792	0.741125887570671	-0.57455274965883	1.9558301529224	2.70909354442241	-0.615102949358787	-1.08004572932631	0.0579478411384735	0.182486640589188	2.41822951455229	0.792602034532714	0.742323038088859	1.54100652644497	3.12918432363635	0.96960260719432	0.543173570639069	0.226815390221508	1.23463676461297
3	6	3.19960007264204	1.7134185450886	-0.162121314507354	3.02025269940319	1.7429549543227	1.2083464629561	1.1888342058617	2.78786054391592	0.921051772826357	-0.155576979235246	1.38748990004902	1.76371653025711	2.48677861908992	1.38197207740842	2.68412649477223	2.91365402069977	3.59436031362894	3.42758781162075	3.13103823841271	3.13072576818078	3.52524808476282
3	7	3.79264089681213	2.17534103580951	-0.475006125203216	1.01531930610674	0.966459088233161	-0.163355128837096	2.45365241288259	2.46803226352066	0.557447777713023	-0.330461294502455	0.744917493157237	1.84058877756134	2.43597828381149	2.87671536189689	2.57150154995673	4.68789214742613	2.26201169995133	3.61058663226202	2.14039837258915	3.76316683243236	1.76402963428841
3	8	4.11500232855877	2.36523987268952	-0.0110041678401198	1.63812356044582	1.74346983584476	1.13621328495522	0.703183733363492	2.79912146946681	0.342773023376294	-0.558701907612066	1.241723882365	1.50097146164387	3.2134968231445	2.51083163388257	2.40355847227831	2.07898852184897	2.33158209497148	2.34884176732108	2.00899487655498	4.19395435523831	0.611690437232805
3	9	2.60030429246576	0.989501164425045	-0.0243487057581293	1.44871956897205	0.326002582980272	0.550540863488541	-0.16111734392468	2.82142400859439	0.620572771153353	-0.168484099582124	1.96214691031658	2.61725167838059	2.48391560881902	2.6868659217391	3.89265719163092	2.36471780865776	1.77418655621308	0.795068117826358	0.273464654273109	4.41697679413468	0.209597541225075
3	10	1.81337541902567	0.79931996000283	0.260124073136376	1.27838531157176	0.0400285873508048	-0.00278770148444552	-0.203612497186166	1.8900282705086	2.00207146818448	-0.147966007612376	0.68431715680446	1.60080944867327	3.68250838971581	1.20907919080228	3.71921479772537	1.01576683143087	1.94386317415765	1.20286917656237	2.58208455873643	4.51542252446416	3.65857743111494
3	11	0.335201122185288	-0.231746800136396	-1.10232284637635	0.411131122676441	-1.1523624707053	0.315284351530664	-0.548805247057755	-0.260608460820851	-0.577082586597788	-0.330838121423582	-1.56250551676732	0.417769201863627	1.65454696292075	-0.337947198328156	1.37860409757598	-2.12315967923599	1.53764235178131	0.502846895811692	0.260770519123492	2.20672975584438	1.07557295704233
3	12	-0.0661348871248588	0.976052026731428	0.597288647911854	-0.224907262638	0.160365150019175	0.341358107165928	0.851751073694133	0.350522952698095	0.783689571855551	-0.15049788602506	-0.770804735080831	-0.0351126952594603	1.36121367972623	-0.9497345930183	1.23872766186138	-0.917814093510969	1.5979157382356	1.22560337515789	0.0131543081776851	2.57787123060531	1.06501536646794
3	13	-0.15494356006433	-1.30832942277248	-0.377725530740788	-1.39127817910587	-0.640761605166574	-0.0962700005076477	-1.00044642454172	-1.37504327868617	-1.46007155954616	-0.600506121031362	0.0190949004320872	0.527637256301034	1.16015375935132	-0.518488637381973	0.179358713236052	-1.31643829044309	1.12376223593815	0.867763729129124	0.33239697612474	1.8369093958073	0.208842352835565
3	14	1.77066838622694	-0.433253451656852	0.368396476283415	0.505436176602336	-0.257802160705189	1.13302762033996	0.171611288647355	0.235109776781825	0.974512517460232	0.886598302848434	2.12259747251258	2.60053093227897	4.16774931467897	1.87900043710602	1.25960066432551	2.54234222321343	2.88312211250789	3.42263849028521	3.28733600399673	4.20254057716502	2.92648035178515
3	15	-1.38061243739426	-1.33272229848647	-0.764043533678427	-0.42740855185571	-2.16538431005785	-1.75730603334646	-1.71540927628097	-0.852718248786587	-1.73226724878762	-2.60280131433143	-2.84114626976085	-0.132649710693822	0.0826464904338911	-1.36124215107087	-2.36213316065246	-2.54699516502213	-1.30577374627067	-2.03271370047113	-1.63364746979393	-1.4747171027204	-2.5213442424928
3	16	3.54576238070716	2.4860951625458	0.0357424309602576	1.91290358124292	1.1548368989441	1.63013535295663	2.35936162667985	2.35041665470884	0.614781312165052	1.48989958425622	0.996017577507116	3.97018763260485	2.96840901124304	3.13630702736058	2.41337567932621	2.66171315496549	3.13537282957679	1.22416193126598	3.75037553228809	2.34789106010064	4.4522711228385
3	17	-2.54854916113834	-1.34651511844641	-1.02263794908743	-2.85938296821053	-1.5468606287837	-1.46600339627653	-0.705247796313802	-1.09085529809597	-3.16700549965917	-1.52206187861478	-1.4407512572388	0.254217675269793	-3.13989423268167	0.308458336915155	-1.64675649339589	-1.85763176342936	-1.17555367575403	-1.51033231070299	0.320123622504403	-0.44652209133831	-1.2988201504531
3	18	-1.52783611120679	-0.237022930859129	0.927303288377835	1.29928172487136	0.127827737313636	0.411289766483732	0.630800958424316	0.334028053960085	-1.43666285685847	0.609244913344861	-0.159226873749194	0.632003504426094	-0.257024972416132	0.499444124953415	0.300435571467593	0.878484469838978	1.81708467614733	2.304966829181	2.62583878948736	3.16793378261766	2.03482341901893
3	19	-3.34065070028917	-1.94190149232046	0.491180288497164	0.236776318298489	-1.30120469989487	-2.61500190979041	-1.61249392264844	-1.83245892155355	-3.29454911413068	-1.83329028213302	-2.45788373600999	-3.40187413534774	-1.77849433674844	-3.03254322070637	-2.32608356270749	-1.25430334864402	-0.42664892423019	0.0697686689050208	-0.628614126206752	0.221388310479072	-2.1243839776813
3	20	0.293062499366274	0.392219666370847	1.75117295708928	2.73000181470911	1.41366794965567	-0.185703768442122	-0.000860979589426991	0.299692799632397	0.0322490385856842	0.106187841180561	1.00002804560368	-0.973312511885486	-0.354898079965778	0.1208418122488	2.72226740898052	1.10410994597267	1.70343841438638	2.69384330771218	3.59325324585562	2.20963585362693	1.41837534022265
3	21	0.516036117079635	0.0617508293129723	1.20601509980173	2.30370441884276	2.25943602723007	0.259188119464488	-1.19823457636272	0.293509420856735	1.10800277001045	0.225277931434378	0.17052133763777	0.00461768642104821	-0.795012256977948	0.740368744880628	1.28512269938828	1.64437218414997	1.2362191550591	1.78293042933633	0.831473007471422	1.79849467146264	0.956562036692163
4	1	1.13717792402213	-2.65031193128458	-1.98103612700102	0.606857973985898	-0.434096604932917	-1.06429123456493	-1.59864751881734	0.808335721857951	-0.0992446016842036	-0.128422714539647	0.748843375417712	-1.07405185256321	-0.873606844818735	-0.176361478108757	-0.39555835145032	-0.403989580683969	-2.68287094545878	-0.259455703007788	-2.10410748831497	0.735516686112926	-0.125848900487653
4	2	1.3343677792909	-2.72843006637874	-0.457147534559476	1.38711488326053	1.52966627741226	0.26104478329177	1.24561835096371	2.59158283688155	2.43763215808171	0.959865225478707	2.42599586671956	1.21690858195776	0.414471681169889	1.39811945449311	-0.365061690655172	0.0259601242966871	-1.37448815907092	1.45100556059798	0.74357714751946	2.07349862229009	0.900232435112454
4	3	2.42686912573157	-1.39160132569635	-0.311803447866064	1.92860322381656	2.06596550435874	1.02712058884868	2.14757456247812	4.744257551356	1.35442343135178	1.47151585995817	2.25845512877224	1.77114789120433	1.06749168919017	3.10942494787989	0.61361443229455	1.88909266680014	0.989707626443357	3.94914930152004	0.810654441521454	2.96376497519204	3.63620428817715
4	4	3.28102427614585	1.78502167507379	2.45938127951069	3.54638286403143	1.78371669759949	2.51225408244781	3.47344648889202	4.75427869785891	3.02201702757314	2.13820591412266	2.39233750815105	3.52082125387731	0.469366835660941	2.14781979704391	0.976898094804382	3.36557676694745	1.41573279220784	3.91214441414758	1.91992248222169	3.21311924126661	3.89684307652128
4	5	-0.443836480580833	-3.07485685706494	-3.13638951975123	-0.909592872434027	-1.47556641935415	-2.13723306931746	-1.01958381357635	0.416938803840875	-1.41040657272328	-1.53111305321698	-1.91244953443146	-2.14039450734703	-3.02364297716867	-3.39101070531171	-2.6310508167534	-0.0648993535311344	-2.94017205368885	-1.55598290052239	-1.36901201105341	-0.67822488774847	-0.723659045282437
4	6	2.01912264714095	-0.297574227379926	1.16642704747753	2.65251522729261	1.79314489519264	1.69045984608006	4.77410889414754	2.73930236461823	2.67438364311483	1.73717474923732	1.63994968212914	2.73595551700954	0.645597442991412	1.31746107595357	1.19587371890874	4.00735644827812	0.358266739885796	3.13834831981463	2.35435030260049	2.96524789763362	3.02430929147919
4	7	-1.41948854430115	-4.28369603221387	-2.57734508693978	-1.34598960212	-0.673873543475682	-2.98080790883563	-0.305790662703504	-0.624732413962443	-0.0793113878336884	-1.74240791836215	-2.06500489312554	-2.16294020118985	-3.07269895882681	-1.72631357813696	-1.66570021799609	0.0896292829379113	-2.99050064706633	-1.03960148420876	-0.559271520483565	-0.448056992093512	-1.7283418123736
4	8	-1.0069947028948	-0.975481263514267	-0.408216960405665	0.620904157567792	-0.507222564906869	-1.89371678744384	0.915057165921457	0.394741357479945	1.41460089153304	0.186264567252956	-0.617308929881157	0.235918502665775	0.691260038765807	0.0321531504417556	0.566463360872853	1.31708585823361	0.739795386214	0.108309770578125	1.71746279753363	0.0174442280261142	0.298782177941538
4	9	-0.564538172017553	-0.0573202997618369	0.780171057861619	0.662771287887426	0.533086600016376	0.197691411427136	1.92421239518154	1.89212972088243	2.20949819807048	2.37840871252859	1.35350986979009	0.305073589261757	2.38373887712658	-0.578064805462231	0.865097507315412	0.777087892529035	0.478504909559018	-0.276550683919689	0.391331043782411	-0.621790032233086	0.778897460893959
4	10	-1.97794574136791	-0.661047468716489	-1.38669858764431	-2.24058001080121	-0.172522713715336	-0.652997113459991	-0.644629301588918	-1.07435958633403	0.403699392392312	0.886747898140031	-0.705552410038802	-2.17869037132504	-0.627533396081301	-2.36827726935726	-0.963134285977143	-1.13191101309525	-0.88107771270147	-3.24815470680745	-2.6061963408265	-1.9555380606438	-1.27410129870679
4	11	1.75641779061678	0.906391059295168	2.13756462799776	0.752098553511101	1.07116627350057	2.14230283321567	2.42862444360889	1.61093416140061	3.48798238411623	4.00994351487047	3.23886564475262	0.988739951526296	2.0666903881013	-0.419040075754056	2.64117524546976	2.29389336599329	1.50452955509146	2.23056729841863	2.00483767343374	1.0685845531156	3.54761277263023
4	12	2.92726169203478	1.56691161144124	0.989607642369574	0.779183804029573	0.963733341261099	3.36267017759275	3.10970431733861	2.24966829310374	3.12549290767029	3.85313481464822	3.895698128744	3.12116666874051	2.09632131211908	1.44312835154786	3.42357502217241	1.76577439108936	4.60173975386842	2.6768282619407	3.93490946586007	2.46514338227765	3.62137066632692
4	13	-0.984819083926048	-0.45063022611493	0.786984817132442	1.09711216042986	-0.0661347470876229	0.780770132179223	0.519738330627897	-0.347597491712526	1.74787856440688	0.648492845366487	1.25325560364262	-0.818352419219501	-0.436631067263771	-1.89014639327751	1.04460984122312	0.225762317706417	2.2268470820572	0.494780153632977	1.43238535081704	-1.32686142172372	1.83388465766658
4	14	-0.137268703151307	-0.105589530188018	1.60443722394256	1.64811072129526	0.719942121298485	0.831402186048447	-0.235687649271611	-1.34663359322478	1.76466157499538	0.708639965441864	1.19729752756471	1.37233468651495	0.725974715896414	-1.58088274884317	2.07190649830145	1.34345450237848	2.21317565511475	2.50442761915045	1.81422096993301	0.393961071910662	1.51834358118075
4	15	0.437311554493181	-0.660084687384221	1.59716160317116	0.686359741221872	-0.0291936152056763	1.4089780548024	0.947370826981297	0.249866807665523	2.14165005563747	-0.40025118647397	0.410652513840781	1.08498871252565	0.0699994369972348	-1.24593947398091	2.75757828080886	0.46340899902615	2.36462510314895	3.55900644561454	2.5253936879087	0.778931438928764	3.43357952347334
4	16	-1.16487066679477	-0.113406542845413	0.521827641192948	0.277416551578887	1.01512338629359	-0.658450536527368	1.01926988439126	0.542619640224976	2.76509692375394	-0.984411683364903	-0.397807873141093	1.25463350528811	0.361520434789223	-0.388024724907295	0.873272690491328	-1.07251611171002	1.25882938906996	2.76656067596064	2.86632028094517	-0.249987041982182	0.756043357308463
4	17	-0.103598124952843	0.734787525554447	2.49316868767636	1.46772290461013	1.84759524442183	0.613538016257044	2.49670448389746	2.08663209771751	4.01143213733847	1.97009211918888	2.14998575701198	2.01704195281719	1.94295263366999	2.23386172352771	3.06204831514674	1.26622017562385	2.80688819939136	3.62652603607321	3.62638692050207	1.87768841823211	2.29925018336846
4	18	-3.09680151793564	-1.13959644263586	-2.0055484218171	-1.91939089302989	-1.50410078633919	-2.90390917526501	0.484621894081544	-1.51558672567765	1.58656445086463	-1.66932421231682	-0.702869469930734	-1.53467588383754	-0.530669179471017	-1.32929551342768	-1.14691472724918	-1.10155859925592	-1.06523439626216	-0.0580878164367457	-1.43343974744978	-1.45495827646643	-1.69860633364855
4	19	-2.29366676261179	-2.65554146939471	-3.14835300209065	-2.83572904635828	-2.61312074096371	-3.96204177891212	-1.03112144322157	-3.97965645431653	-0.256239763125277	-2.66474774152451	-2.72483984033745	-3.23613231677525	-3.6614760586518	-4.37669367614264	-2.56838757613863	-3.2827966382862	-4.01521094146461	-4.08222727041024	-4.17746372138839	-4.01919391097124	-5.12463871036819
4	20	2.25600634559425	0.82421986254433	0.630580054799049	1.02431225363224	0.747461076004205	1.34893402661721	2.45557795209218	0.374378323967917	3.51603345843824	0.483635974296427	0.0688462968290338	0.17535152790751	1.69363627152604	0.710717742631717	1.00626367406303	-0.377011252530897	0.753774200361049	1.21454417582045	1.27361661150371	1.7648158329577	-0.170058211619289
4	21	2.77065813516558	1.95398763177343	2.93711382048835	1.95122191689174	1.7788186556511	4.27297146089763	3.34015890742824	3.1953045821567	3.50293275204212	2.6103513921075	2.23609727811799	2.00653944121557	3.45492657760195	3.4961317233563	3.21296603482033	0.902069114184556	2.9015571820784	3.10810566619076	2.89107151355441	4.19525108920909	2.70513583270645
5	1	2.56173145879817	0.195582208881267	0.956548084982974	1.60871271687931	1.68198143260232	1.36545997140876	2.2055630569223	1.7248139378466	1.65902226799791	1.3321461747881	3.1104693413862	2.82997929248131	2.40564141592832	2.82017280476704	3.7592688235976	1.85419448345748	0.858201813618882	3.02174228181895	1.31340134651842	4.00489611346272	3.15687280950777
5	2	1.67016634079787	-0.870847003318844	-0.150068525040733	-0.407490061810166	0.182384285819698	1.05696308994904	3.27439948751476	0.389733699913832	1.12719150779337	-1.26382032000448	1.58153375981082	1.12251632855201	-0.213331291921284	-0.0496124204645292	1.07492338311509	0.0581903648389713	0.669959436169453	0.426301432482582	0.962101962148144	0.648621020138145	2.04798302987201
5	3	3.18791954355497	1.14050086390224	0.61826255641604	0.635135471236935	2.1892815193274	2.33499698192861	2.46628177823181	-0.401399335628564	1.63293011314856	1.07701565198117	3.81140988210507	1.50357731132072	0.413993011948639	0.835687002362261	2.53390622210727	1.83269094102163	0.767387771865725	0.197900499742417	1.82905987681489	1.24858184719651	1.4443238316769
5	4	3.58321194290939	1.32472287168541	1.87445433463333	0.70283615011529	1.65233929471048	2.99279071738852	2.48584733373361	1.77275612170129	1.74857126924055	2.41335261180734	4.85730255518605	0.368240700263798	1.4115386672174	2.71562016919956	3.725970556107	2.65746517982693	3.15094744520279	2.92290366819724	3.39189851260174	2.91373484359803	3.13823539477433
5	5	2.99938695307106	1.67477368359967	3.62596788851455	1.24616681194271	2.21341523772626	2.12502405238649	2.75757335862753	2.26945045570462	2.48946297573749	1.8448425509322	4.58098901978156	0.705119781285601	1.28140485952198	4.43929831783559	3.2325035026838	2.71267173520811	3.97556801221485	2.65156506442353	3.09569220579761	2.28942085374516	2.67226308346267
5	6	1.33851466896416	1.23580231113937	1.82493033944229	-0.596176269663593	2.40203645833022	1.8836159049335	3.02799505970418	1.07142059799607	1.78876624625691	0.385404823980249	4.08822712775478	-0.426306294927235	1.29249568529385	2.28967000395514	2.45813784650104	1.63038284180645	3.24211680051023	0.556017943674569	0.69482351370794	1.42598881495459	1.94431453215664
5	7	-0.200312537920108	0.176950210649268	1.61832585713359	-0.145901082088146	1.09974985164428	1.84174350886359	-0.148676510212038	0.0254072828413809	0.00911317766634956	-1.12917997727552	2.9311569405088	-1.46592882451762	1.38857911661998	0.49445983702808	0.507116966358384	1.63565603535474	1.63875927024263	0.728976018077554	2.24474547210513	0.401243016227852	1.0339703254974
5	8	-0.201798836488131	0.726880404069646	0.59990925837237	-0.437309476332098	1.95663205963014	1.41251013352561	0.344954923043739	-0.0516907062862888	0.401453440754084	1.293092329489	2.19124980827476	0.119232664474971	0.625916617905905	0.492828112587639	3.0291109913947	1.97603906807121	2.46703623823711	2.15206973714909	2.27956186841499	1.71360980697473	3.20396737316816
5	9	-1.20135426551181	-1.44653150087501	-0.825004111548328	-0.0883733620025513	-0.210659887229068	-1.25357394981743	-1.00980753989144	-2.77419730518892	-1.78541535889898	-0.308298700522395	1.61072334270939	-2.04243212308862	-0.729789687609937	-0.862504056895215	-0.0284881358661603	0.398310449142808	0.304077721481257	1.15276545193923	1.43423298719329	-1.00411878710036	2.17432192384256
5	10	-0.434379164951217	0.27983529749624	0.877950219682367	2.04634045181042	0.895222968236822	1.04264016340424	0.732797826964765	-0.666802708031486	0.300139256251297	0.153354854001026	1.82320383112204	-0.553502958276555	0.888307359799831	0.278557790049784	0.833377575860996	0.890728189551556	0.993469329167849	3.21698599277994	1.63450654111131	1.88317465220336	2.47218088765125
5	11	-1.61707560003369	0.27031079080206	-0.957210807732859	0.210085913488911	-0.191302076744594	-1.06689763030804	-1.40808025133859	-1.67654938519412	-1.09620283657911	-0.65295061037351	0.343238708377813	-2.05427713283445	-0.72103477610409	-1.04235179114298	-0.0337701410940605	0.097619341469662	-1.01779207734129	1.45903077782066	-0.0323182543452967	-0.645543829276131	-1.51637355430858
5	12	0.219912899503838	-0.96277100139051	0.0229805849424435	0.288348357990718	0.741544044231552	1.36107310490134	0.959853259217733	0.373572325694653	1.33543768719939	1.38379599627014	1.55205422161409	0.296338856748352	0.875835593649683	1.78320357572365	0.914313798001821	2.33031360649154	2.83398128581896	2.91415531786453	1.93766103951083	1.36491998157493	0.96501820149332
5	13	-0.933076389960972	-1.72364570596832	-2.77491765851901	-1.45914294349833	-1.91584650146143	-1.05181724300087	0.0502378107408286	-0.950313206263599	0.644586192129334	-0.280700065508585	-2.66058701816875	-0.0597547335978665	-1.95077310179554	-0.855262331126308	-1.01177543267635	0.266030843748692	-0.722051841276311	-0.846030561002683	-0.0801767570537468	-1.97156161489703	-0.371672888031718
5	14	-0.390944642004587	0.359232919749398	-1.69912584382422	0.734255887177896	1.78281384426807	1.31857393017405	1.32040556458642	1.49364884539788	0.753644431327728	1.40257068334458	1.41056796395874	1.44666634164811	1.24653576023433	1.30455702902724	1.11408569030351	3.90773399568036	2.45916315405379	2.84926976778729	1.82726306630047	0.131335804054447	2.74840495181591
5	15	-1.97008896676521	-0.800963247737957	-0.255668766470495	-1.55242364535338	0.788091626351254	0.0431763713178258	-0.441589858221427	1.16482383860001	0.174264642482135	1.53059960509223	-0.052360227940532	1.22219123108333	-0.112073738553399	-0.37932718714928	0.577911438337371	2.0777743551193	0.814499925552432	2.22162149741377	1.96283390421248	1.15854052033347	3.07543386379862
5	16	-2.02402583714592	-2.34658058324724	-1.95318665330584	0.0896219611102546	-0.254497901226357	-1.1432200686282	-0.361853808022789	-0.689063900699819	-0.379034789744949	-0.266555174764029	-1.25759090031946	-0.773822930136018	-0.393330325174882	-1.05696795035113	-0.0307524451507107	-0.363646590516733	-1.05217167304137	0.0303805242608779	-0.480090794166279	-1.99840752697705	-0.659474269893542
5	17	1.63346695178615	-1.1247453066261	2.6193467735835	2.19259725112776	2.26344187465845	2.19803635551066	2.89208468052906	2.81128508354734	1.88499893180101	2.15473360480384	0.870257282761998	2.08181913794204	4.70711766787197	3.17799547441156	3.65941341396276	3.43884451372637	3.41425220811167	3.91820694626079	4.25842254457399	0.367830538761694	2.91518665195558
5	18	-0.692565864196713	-2.20747761382484	-0.834679054883733	-0.335277860130318	0.303334973482783	-0.756071454798818	-1.8139619789531	-0.123340690539573	-0.964675660654634	-0.370998310874544	-2.66305273606228	-0.428774525013366	0.938384965132262	0.291108424575019	-0.409757853089064	-0.401195158674671	0.0578960102827641	-1.90731916713628	-0.121902287718054	-1.24548503375501	-2.17689177830206
5	19	1.31737389824146	0.195658013784164	1.32957177351553	0.622474872877507	1.77095654841991	1.56329742140302	1.31333070756528	1.31912911817331	-0.357290147895945	0.820159093208492	-0.576813371759062	2.1700397281603	2.45827628327207	0.53923175473304	0.85912183065244	1.11892502278481	0.23207813969989	2.34054208250336	1.41215798629535	0.778383766627238	-0.615491798021267
5	20	-0.154056251783925	-0.304116080510823	0.490691373784881	0.971444704438736	-0.96094324141448	-0.0622843337559066	0.813618873371791	1.14499666135129	-0.0207107407577838	-0.426666517253992	-0.439279828043017	0.684588586206057	0.162181342947088	-0.880283000805028	0.404122756671757	0.511042763596769	0.0716071417497312	1.70633453441909	0.373920505908596	0.548692309446232	-1.60531990174953
5	21	-0.294095481416425	-0.427852523165998	1.13072408770919	1.20056886329116	-0.622960006686149	0.513369349754468	1.08977136740403	0.780805758295521	2.14455360164374	0.106245423991034	0.647644963376696	1.48485749033457	0.171538815801922	0.281679128588889	1.78007662126155	1.10968953905988	0.30250754377862	1.50324626648904	0.075659980476718	0.200708672971699	0.754566597278605
6	1	-0.980788699766193	0.638866715568036	0.600921453388052	-0.801172037801634	-0.353690056265122	-2.84818794015144	-0.738603756717569	-0.673752019322364	1.19660757975619	-0.170272123645308	-1.30350729049902	-0.468583190976236	1.24592191157857	1.11273341735973	2.2015270878704	-0.17339239615594	-0.202112263785981	0.712197136763716	-0.442507722976641	2.01493128825321	0.885724651383024
6	2	1.77392269103131	0.613526468151362	-0.955138394454224	-0.201432871209691	1.35939402898266	-1.35037472648667	-0.798077396624795	-0.0680816103827195	0.859273376527583	0.0723445280236389	0.183219469336925	0.810517452822302	1.91989177801518	1.32943869721634	2.337823661158	0.701566239139919	0.94121420209367	1.45516496070118	0.297631482020163	1.77807156571909	2.3336838409705
6	3	0.986873803128287	1.31211323039592	0.823115091950941	0.814118912947042	1.54280968516458	-1.07093503320995	0.715436433333951	2.02211512036809	0.427768680199227	1.57529890610495	0.962791489789393	0.192644880332276	3.19101283280086	0.985037424604739	2.73387762576801	0.601860766833624	1.07698997615244	1.91194724735541	1.18893406379629	-0.258813325769647	2.19893623520833
6	4	0.601640067741352	-0.749321312416351	-0.363820166543024	-1.3361064508232	2.1337419045964	-1.17761161440707	-0.505861568227688	0.128471469736966	0.598077467576237	0.11409173162678	-0.710448927397022	0.489734114434542	0.771673462618391	0.709796900126562	2.31440126034014	0.706061814011131	0.234232609692372	1.85889631893507	1.0787694957715	-0.380717775148297	3.5675204357764
6	5	-0.769699251284713	-1.64931730839405	-0.9511764167163	-1.57156677909256	-0.496856103973578	-2.07837217555831	-1.6624830285071	-0.765932133087995	0.0147782473970508	-0.721619178380674	-1.29404408084908	-0.255773076571989	-1.77131439224243	0.338490629760722	0.041117214367296	-0.91952216219439	-1.39697165414793	-0.0384118561616882	-2.51237678359387	-0.497104836333652	0.393309858353979
6	6	1.67236937476371	-0.577389885947517	1.40898539232343	0.105189617746217	2.39960263718992	0.341484556283414	0.534937759374287	0.871764239177308	1.82542765399802	1.84078953345248	1.65638737308307	2.69057418396767	1.97882077152657	2.48360256535506	1.49299974137222	2.32042755379258	2.1011259682026	3.8884444263906	1.23840143716079	3.06055572860766	4.03685374208409
6	7	-3.02051864669809	-1.9121486400918	-1.16370433094809	-1.25959249107434	-1.0842370325393	-2.32364135731651	-1.24373948258755	-3.41726029936853	-1.68509290136533	-0.797685191752832	-0.98374346449	-0.509919324835012	-1.73937576654659	-0.0396697116761402	-1.32706714368288	-1.35376066225072	-1.95531160386936	0.49609815691719	-3.20984157880619	-0.307907132281299	-0.0716306884889601
6	8	-1.20480342530804	-2.31580927947846	-0.743279448324918	0.453166087884612	0.588539836975008	-0.28138483699509	0.718556643287658	-1.58104923800159	0.0628191733267803	-0.768867586750477	1.31161302822782	-0.31888306268866	0.157266139324791	0.65501034926302	0.778625700639858	-0.00655888349641776	-0.0828443856400053	1.96117537188672	-1.86108415119614	0.670124899953835	1.14880891266814
6	9	0.574087435228238	-1.54393397740803	-0.596396677715006	1.37463915474454	2.42825798241955	1.75986683549877	1.86643358995342	-0.571377198721213	0.126152842878925	1.57026866792186	2.34284776551402	0.899045272326907	1.41886445280868	1.25242074757533	1.80239998400299	0.229734494068498	0.0636157698510673	1.96850914315438	0.175117705403011	2.10642837665738	2.19909312216152
6	10	2.09973381083213	0.261503255521683	1.3195539112675	3.68107288915779	2.65051354053183	2.69037663753536	3.08835959949664	2.08164666333258	0.889184959661176	3.06547610811453	3.02500601238204	3.07422159963346	2.27013585482115	1.00993349999888	1.43216906810258	1.74134205289692	0.49196523283952	2.47082189365775	0.620698512522925	2.67130245661548	2.99607782939326
6	11	0.303875328863075	1.98563839368722	0.841479034408641	2.24608401178181	2.09931065232452	2.13790399370706	0.796468644718253	0.343168925882704	-0.0554133360081566	2.24970315160538	1.51116425893138	1.497589854137	1.15062872055445	-0.0568725206579408	-0.00147337779468359	-0.389058544108272	-0.730520353760695	2.08450531352495	-0.781575931470139	0.117787965856613	1.603155497001
6	12	0.102636169105243	-0.863478637277417	-3.42559311989814	-0.447595136825442	0.835447817284625	0.485919967363513	-1.181510392077	-0.787011652199488	-0.148264776056399	1.2717426185691	0.576164415316318	0.909720942478183	0.150354803446174	-1.55711466909849	-0.204369214978714	-2.23617655464894	0.0984276917913318	0.820098429840083	-1.42004639528628	-0.854943547555462	0.247160878456086
6	13	2.42288264242081	-0.914091890005872	-1.5658766651142	-0.722686750373689	1.53162099468461	0.946423351355963	0.453191287170408	0.86780470914015	1.06135285947376	0.843921611899542	0.783786694256164	1.79816142503073	1.49560687432119	0.30298902677774	1.1976594211267	-0.880890976683138	1.12381046123423	0.776358077142927	0.870830548342451	1.95311211984055	2.90420247207369
6	14	-0.303663187117719	-1.07563891356838	-1.46940341748091	-1.39803415141326	0.729874967830269	-1.02348177191737	0.56276281900491	-1.25343836548639	-0.713907274767834	0.603710633844904	-1.42441812240041	-0.87864878859375	-0.439819702271572	-1.25743863790285	-1.6680730014228	-2.37636283967327	-0.288689878575432	-0.328080183556497	-0.911806481543294	-0.921043369821122	0.301972478400234
6	15	2.47281136689749	-0.359142899854248	0.948889222891174	-0.902413040004229	0.292451537730412	1.19446811947737	0.805283130289069	-0.638558925476986	0.391299172324198	2.92485361779	-0.24119505417258	0.966533527740585	1.52318969875368	2.29449638054029	1.16862512527569	2.56987926697928	0.885276580504607	3.28339383666692	2.13063884852409	3.25092878834818	4.69299379174761
6	16	2.64676011891259	-0.298461730541944	0.30398092078422	-1.59517656343239	-0.732232368809579	0.163942573145711	-1.19350162760759	-0.163766262465545	0.124094929483063	1.64774922394699	0.324337622281713	0.910266628491494	0.122646222359096	1.72637965734582	1.13168858953954	1.20310593177191	-0.00401100670344179	1.61423359039372	-0.539107427201233	0.723726538582196	2.27769379686901
6	17	3.79393824545694	2.82567013936797	1.88276769430699	0.827890571376972	1.13670851511114	3.73386192719345	0.0696890602619433	1.71985422323658	0.736940899650885	3.40740864889967	2.52115342841607	3.13370415715071	2.78862604551015	3.20102951844216	3.0800366575915	2.20142710805227	2.15409945273655	3.06895862093561	1.26966133246141	3.6075616116896	4.31418898886354
6	18	0.852263594400909	0.790864257915407	0.286723072691478	0.522714070481512	-0.240538622432599	2.00305418848609	-1.42668609173814	1.51214340315768	-1.17089191531687	1.337799245248	0.949777011100346	0.470848363460252	0.654330736730654	1.83714205874852	0.984484921415954	2.36467881115784	1.61528971735874	3.89648653580409	1.52240349128472	3.09546976122285	1.33989068178323
6	19	1.66184693620462	2.44432870173927	1.71942687777117	1.43077396209348	0.681704236225577	1.62226020674749	-0.379434016714557	1.40135073698889	0.404712526122565	2.18542872523254	1.26619101454241	1.11084521924462	3.27943136772152	1.6725710963512	1.99541461006914	3.83236894759613	2.48061060885661	4.32623676062161	2.69256673043888	4.52415955349828	3.28229133188262
6	20	0.139693491682555	-0.231074953274905	1.86399883207281	1.46801899013493	0.309013412728096	0.124359083295036	-2.61410539087405	0.5100456957751	-0.353036776993683	1.95433403221073	0.356355571180153	-0.416266353155608	2.34774458868057	1.76231618465591	-0.701481751671883	2.40957592123712	0.179471018934022	1.47448840421338	1.30796988362292	3.59238396793769	2.01699098746909
6	21	-1.42408482419503	-0.292295971930063	2.21694803137949	1.99866068888989	0.268067027689091	-0.220655038267888	-1.26210051327379	-0.707718577575536	1.39218330715438	1.35101697128258	-0.18647418373508	-0.061935835228604	1.33252699267991	2.48535902696994	-0.166045907336361	1.47294787018376	0.588003333040252	-1.02307792306377	-0.380568633168283	2.58661995702434	1.89532548474356
7	1	2.53484684721754	0.327122271468224	1.7046069979449	0.728635120029504	1.82853928841154	2.47542704931827	0.343723613724866	2.67688035493701	3.32285524054233	1.46788159637313	2.639423971774	2.33034664827685	1.29936973512316	1.41085780611001	0.94368611310347	2.45302218250862	1.60505254025219	2.89739510502076	1.85034013928903	1.49595355156002	2.76802942431404
7	2	-0.0608399885622605	0.167492209699341	0.598431166043877	0.155745101966552	-0.698544770831753	1.23385950235923	0.0659531082377628	1.05120861533461	1.41695910798631	-0.0208640746864959	-0.384170307235599	-1.77008920392903	0.356473619577735	0.0337548503075116	-0.478726947958543	1.68815873557334	-0.0445267225003566	1.47383751187054	-0.435875553027956	-0.184925996567183	0.382431521553723
7	3	1.93111837684839	0.81214045214343	2.90408580900222	1.62883094377767	-1.20583380938976	1.37139754393299	-0.460275979441063	1.31455655849056	1.08443201049737	0.0994357403174116	-0.102732557971501	-1.87946429073165	2.62151110954147	-0.823448543504832	0.813998811746314	0.118763212341108	0.1311799360608	1.23990765828217	1.68575258460033	0.554982325460695	-0.19958838160775
7	4	0.742430432810721	-0.746788618178632	0.473950520777249	-0.600061860275457	-2.26836428383821	-0.657373959732307	0.316590239549554	-0.742310419165361	-1.86587152174644	-0.360439063715714	0.126625278620182	-2.37281464598661	1.86748244373599	-0.301143021767986	-0.649982273454643	-0.829942089265014	-1.33610890944011	-1.13707207959541	-0.575983801213945	-2.31520880817208	-0.45692083594519
7	5	1.00298539632728	-0.537443441296392	0.88013680800789	0.0566003597835235	-0.850741663639096	-0.471784777260226	-0.59416023260968	-0.67018327333892	-1.10292082468012	0.01983058062605	0.481817082214986	-1.56970561351771	-0.0669914197625835	0.666334603891291	1.55180839650673	-1.2384777616166	0.414046576987587	-0.497619602531416	-0.825723635588832	-0.926176080732911	-0.477805622876328
7	6	-0.742690227813286	-0.176885256754371	-0.0637579693452635	-0.705191329623825	-0.187931786375268	0.0243640969125149	0.0218431721134598	-1.27517363520265	-0.66589569431299	1.13724860492951	1.08606995766356	0.101313463342781	0.337090181141941	0.0617424145874103	0.0108707294087266	-1.29676967434601	-0.119122789125919	0.150264594684027	0.514280251330867	-0.119139079051558	-0.23674673130072
7	7	1.54527844989598	0.382735539960402	-0.180247732837098	-0.0655501618263782	-0.0337525357153646	0.715483904836287	0.916727762821641	-0.147433673188572	-0.615121456282673	1.29871791380923	0.880646672415225	1.50964911489814	1.03259413558092	-0.074215223488707	0.956995372296733	0.14206498684416	-0.224769548806766	1.2242663199646	1.54422828933	0.420293908665521	1.53521996895162
7	8	2.61047398003735	0.325392894334848	1.46798562874484	0.125718617327161	1.38711393091481	1.42991721067395	1.56805273833087	1.0627947432241	1.14195223229018	2.29892913453566	1.1517329669461	2.63725609412243	2.46566672229913	1.26642809269756	1.32881233151059	1.6947484325072	1.61342411222571	1.79274373712537	1.07582942227644	0.0966585808383849	2.48816034641873
7	9	0.952095064210654	0.0077166254106843	-0.185778234755957	-1.91984825314681	0.0843563141146684	-0.212186994066803	-0.861595572368831	-1.50846978926445	-0.184353077084829	0.245751785566586	0.209518433353168	1.24557478263808	-0.225954569533754	-0.24696088603045	0.0272828175839335	-0.630214457129382	-0.582543632636298	1.5385129856217	-1.22770148645178	-1.34070268167906	0.221498561303983
7	10	1.5347673177866	-0.515898735807736	-0.862855564892469	-0.574624198180583	-0.692806120880824	0.597516513794552	-1.09023211498273	-0.123447311483917	-0.497281829059365	0.810979156951785	0.722320019609938	-0.899000330414658	0.280335770882055	-0.0418398061293561	-1.11108812694519	0.321233339950881	0.977257648082584	2.62769530750863	0.863545283978058	0.525375747469579	1.18373517737304
7	11	1.06394065289456	-0.746304430074061	-1.44578333972424	-0.732345587994095	-0.817553229326788	0.0575772796346146	1.46187074408534	-1.12101852138057	4.02322961586821e-05	1.33151645105735	0.380367208917765	-1.76306989371285	0.0610352974136383	-2.25482247870121	-0.291507977410833	0.106977226225543	-0.0500531730617622	2.72406371951723	0.200357360569496	1.49303490481748	0.101541256844311
7	12	1.17837639746666	0.96070080623802	-1.67095980076468	-1.89935882685281	-0.547312726306867	1.27627570700816	1.38961048511643	-1.55353691071633	-0.856797502000619	0.326632322243889	-1.05169880915222	0.128965302483279	1.07522018375354	-1.59129148055832	0.156239773108101	0.637084156712296	-0.0352865388010009	0.668940139122499	-1.36288383741131	1.1285566520465	2.07437030765187
7	13	2.19494752134484	1.45493372765735	0.218381309320448	0.577965656987569	1.25694665064153	0.280735432057449	2.07107423641162	0.0139524843613671	1.16601381717376	1.23249921086939	1.20642504457408	0.0421843197687485	0.192703113214757	1.28889625964513	0.782872934470989	2.12347498793487	1.76990764730047	2.60147089176057	0.511507215503217	1.77195228562874	3.45592959509257
7	14	0.288204504316389	-0.198362390292725	0.576023657626412	-0.58316393292394	1.26021505162308	0.434231025797921	0.328747813337543	-0.033930030217352	-1.44634461394099	2.34307357323432	0.178712872497718	-0.308836785385551	0.16842951681319	-0.256567852460692	0.938547929244905	1.44727727923146	1.54379863418237	1.11427244928235	0.682439290348488	2.04244423105742	3.34584781912978
7	15	2.55974563259438	1.42768072120255	0.726040015298601	0.831000816348261	1.76673137447536	2.86538766517567	1.60590729213433	1.80412149916424	-0.154218334715278	4.40297486971811	0.834799747446162	-0.602127474617481	1.26400024218555	3.21955410273951	1.61200189432878	3.12620122617584	2.11482905015978	2.54933990309674	3.54628104247678	2.11286960488815	3.94291132764438
7	16	1.20543558720415	2.6327251565191	1.65644819535883	0.893570720911108	2.85688758384164	1.52641681522036	1.13840977333164	1.84738862657448	0.533249649919118	3.13650947418213	2.0791057060426	0.082172240082578	1.50463035698597	2.32624705061486	1.70259857613554	3.11505618408248	1.15043984250337	3.48731577787437	3.90049326675925	1.94953192121826	3.06073905223739
7	17	0.552156554347411	2.78694534078164	2.53721968094476	0.234430601828013	0.932544697852286	0.989135263520722	0.784673563743341	2.83852724335789	1.40696988959925	3.04689264554411	2.06773338010972	0.259083974317587	1.44751848997296	1.78344900456342	1.76588039116203	2.1683182747546	0.926122381088767	1.69754006354632	4.09602840529514	0.637168897857826	1.19091604981056
7	18	-2.11922726981171	2.63971824834483	2.30255491533162	-1.62217237412108	-1.27545053065704	-0.484967289425747	-0.725918772963677	0.441616416272941	-2.21779746800413	0.0454928429097596	0.882867324084364	-2.18053947992316	-0.751383388792547	0.0480891774803225	-0.658041220352069	-0.815170582131924	-0.336665190682422	-1.90355415123091	0.581729548526558	-1.9453191397547	-1.32697932475807
7	19	-2.32102418566615	-0.248092813698904	0.639613249523714	-2.61590744940103	-2.4814928484816	-1.42817361273865	-0.190933222228102	0.495465862294141	-1.30899450352005	-0.445159221085593	0.718315396034729	-1.47461328267246	-0.945677810421682	0.604844287269697	0.5896380296936	0.0471931089956366	0.475212601723657	-1.70218886610981	-0.354556104107001	0.669057362524221	0.596453230394748
7	20	0.263287510374709	1.33984671986633	0.403337816091196	1.39814299951138	-0.92435401919595	1.11252886737365	0.944910711871812	1.66215901514425	-0.663353162943716	-0.675904167644279	0.816713112317448	0.249584020665514	0.0706744823563441	-0.551070319726195	1.8348088352828	0.440327090910852	2.47277790132338	-0.6786224474021	0.793815656352542	0.362950624885509	3.0224659740256
7	21	2.21466938930207	1.01217348458916	1.23295313822521	1.75082700778472	0.658262008985397	2.89052752923266	0.7233639740139	2.4980057458063	1.42204165059203	0.347751259116474	2.09475450186164	1.00746696281839	0.0702484906470973	0.0204617764581971	0.344380559820704	1.84625792567608	3.0073605361342	0.824824844490479	1.76674353505498	1.83148653118635	2.62773326675706
8	1	0.304980479083999	-0.32004981226499	1.26961122130455	-0.336287245741508	0.363714418908465	-0.371238646612765	-1.50583498922443	-0.414987209010039	2.16234283647535	1.73929012457285	-0.557618884246456	1.98127539399471	-1.82689661057458	0.158494789824369	-1.37595643331372	2.58390792866596	0.847217569157957	0.256377776626202	0.232171818841745	0.255957441836994	-0.342225742065434
8	2	-0.895044356808735	0.328918193619988	-0.243712308702081	-0.115630862694599	1.5289872160606	0.97435023210652	-1.98383260121268	0.0866159483138658	0.498617134394248	0.624715447484483	-0.317655116740084	0.791522174847962	-0.517598459042795	0.115002155383098	-1.97743614943952	2.03905884494046	0.00517635224658172	-1.16915248410126	-0.760303407219967	-0.798972890399864	0.851683210428801
8	3	2.07405272253537	-0.0839380731062117	-0.302624419176549	1.22308571032163	0.588868408855901	1.63246779916323	-1.56221016434581	-0.126243063284605	1.88747154577886	0.116671260589008	1.12426105497922	1.33821237749202	-0.878910161127991	2.45369763186392	0.681661800212946	1.65350781689939	1.39495159117246	1.12296857088368	0.162812691526369	-0.350627891993061	3.09341546439025
8	4	1.99825747656045	2.70280807884871	1.32487487899025	2.98831547951275	2.67264579631946	3.682829144793	0.74720056607783	1.66883037362383	2.45606009117296	2.47326325860971	1.47491825576057	1.47497839264656	1.48997076344903	2.23906652036417	1.90722242914186	2.90817609196494	1.3989542910853	2.10969581386333	0.892102887336172	2.92135794934222	2.48269863900965
8	5	1.01346251943615	0.7656269901231	-0.945061774672713	2.55620435048852	1.83166423930116	0.551501884417013	-0.648314022865985	1.37859892631917	0.00869198855190445	0.179559598144781	0.0650894573131412	-0.858673614226751	-0.483530691648061	-0.356848507619883	0.2562688318264	-0.40071639436535	-0.772119694841751	0.364246614293123	-1.19001556829658	0.754483781492686	1.34944200448707
8	6	1.88279686177753	0.866496119491246	-0.77759278552918	0.502997488699879	1.28601559582509	1.95143144886762	-1.0667171609634	0.511450174665067	-0.422682873466622	1.39285337906047	1.26591304392631	-0.230300674343192	0.109651350076454	0.810570172121335	0.306142310223797	0.883005064411663	-0.392067167875971	-0.258231391276971	0.19053564666362	0.240373037567986	1.02672737713575
8	7	1.13806655893583	0.499658422637026	-0.297786397719484	1.39405933616637	0.313106234628993	2.24133485836153	-0.87699538069789	0.825090723379587	-0.126234134649125	1.63696806423783	0.160202829881118	-0.748744819829692	0.642939126396874	0.219774878745579	-0.243807243116286	-1.36705436476383	-0.727143066829715	-0.841836338820007	0.280522174071749	-0.024170623688844	0.257216731305361
8	8	-1.45946052206998	0.0494947827508014	-0.329270438164433	2.64384903062239	0.744616169501758	1.15660204303717	-0.520572009638403	1.93347990937926	-1.04107848113151	2.27746958278775	0.161483493366745	-0.904584296783773	-0.0650500357909136	0.100692502260128	-0.860424462521064	-1.03502855554042	0.0570591767993543	-0.945253710393854	1.12040326367588	0.33832331760769	1.60334051236352
8	9	1.68913265241306	0.690628272877288	0.233519361660105	2.914063368038	2.8113471955212	2.33872944514309	0.872912476787531	1.67653167465934	0.927388504585247	3.67928480584911	1.19287397635805	1.48208823476725	1.65337400379823	1.93085177823827	1.16145734916075	2.86322077702605	2.63292120175846	2.26178874845473	2.18601065325794	2.65719049607037	3.08404196411786
8	10	-1.19666827615338	-1.41618081289495	-0.706852086999266	0.446225754191899	-0.578307445742232	-1.20860054755195	-0.0194940993036052	-0.901877799846746	-1.03569489693542	0.651973119175458	-1.03065001836312	-2.32555819152833	-0.884790835910028	-0.450688484241222	-1.26428000643205	-0.216833277994996	-1.07820977145052	-0.0511432739013056	-0.876860720217934	0.0383894827910386	-1.03839892644903
8	11	0.622207242134779	2.7150783546681	1.89585178082218	0.771662396478432	0.731912222635104	-2.34313979801608	1.28016104692184	0.357444273651962	0.50989711917325	1.37536515838581	0.934887441009998	0.262104241859898	1.05917119221409	1.4575843995383	1.33159061920955	-0.563522233665622	0.246732228625828	0.987813154032715	1.68290867105506	1.36023822702695	0.944525670649511
8	12	0.593314941341315	1.05822043876748	0.723974796362708	1.33016547888374	0.520449915987839	-1.68137444404772	0.572214684943345	0.176483974372763	0.0857074372634028	1.35886550171774	1.02873236263537	-0.06932041943515	1.2784052065365	1.70301786658865	1.62033825406159	1.77538424095289	0.528949871670265	1.50395032749936	0.610473282388893	1.55323732912095	0.654759814930759
8	13	1.60136622204233	1.57724257874854	2.5017488337229	1.07286596833485	2.35634724044477	-2.16944891444823	2.82254273825147	1.7092567833206	-0.427669347171709	2.04251558108627	0.455541763131012	1.19984319673385	1.56735913058986	3.53319037278173	2.47005801995121	3.17987349545843	0.641923793491843	1.95441735584386	3.0524322837393	1.93140787570104	2.56617726891222
8	14	0.692035839994341	-0.599733719630134	0.523030822558343	-0.783111165865951	0.688537976705435	-1.04891816718352	0.919780780046629	0.0452664565616387	1.08326244294405	-0.167399065790512	1.14510714217567	-0.195055105893727	-0.00522287321354409	2.45875885685923	2.00252203418668	2.02980260474072	-0.458322313242633	0.391987255935041	1.83142405359457	1.51689561085772	2.13245961815344
8	15	0.0146362829281746	0.655270675841588	0.401192686682487	0.521471614422875	0.590623782067219	0.356761563609142	1.89082391750309	0.341417485588371	0.0746073372736393	0.620504396101358	1.04997376516481	-0.398516195529215	0.770630569337609	1.89326414178607	0.784712892631569	1.7503554388993	-0.0370543626063743	-0.0372441987727175	-0.110265570884978	-0.132365211866154	1.23051351361407
8	16	1.5861587267927	0.696797925078928	1.62640163193658	0.375563856565911	0.400792171749746	-0.132151914681888	1.71211329648677	0.456545180138495	0.916107799330916	0.398977203366415	3.07548396701757	0.145213397629709	1.8927894966718	1.11702398287814	1.68756509343101	1.74632013455262	0.918583226799155	1.48007151173532	1.62740746500929	1.24052770786809	2.2393527578689
8	17	1.57428406616349	0.785039649534699	0.671322616433491	-0.636854775759958	-0.849806217854683	0.0511665750717501	0.329222152915745	-0.0211085458046533	-1.18721243404114	0.0500207313683634	3.32582311531034	-1.16155981688172	2.2146511390917	0.313750514276679	2.00708572148141	1.97392283413985	0.200434683889899	-0.51210868974073	0.573394832342599	0.93115270607359	2.00990282309909
8	18	0.970147106384714	2.23025358036797	1.03206907151351	0.479427133739691	0.476776442454552	1.6457833693227	0.312653739753772	0.745319332590906	-1.12376095674927	-0.321373870923702	3.42487337420757	0.21826370774148	1.75451328387013	0.820134189741398	1.06558218573591	1.71018604628217	2.1671825651715	-0.418244900389103	1.83301180324828	1.82681499809369	2.94209098221111
8	19	1.66177623184055	3.03773817341436	0.795123958306461	-0.161671861473217	2.8001119052694	2.36544222194995	1.7516559709114	0.155745077833971	0.426012804346301	1.41263024477709	3.11443081776211	2.1163835786598	4.64326433480517	2.72172122805869	1.78929426548117	2.50108598539768	3.75949922971207	1.17581030106608	3.43840675854281	3.42956785681299	3.62694675634234
8	20	0.0409966464099041	1.20880210225492	1.33909856054179	-1.00553721280495	1.65915707056742	0.657746160427312	1.78964568169975	-0.742416760269469	0.10583344375069	1.02927826193744	1.23345899317464	0.645761307697841	3.01361863649577	0.792834449658828	-0.899347775471742	2.82583887954274	1.70277396875064	0.936525998255249	3.34318571852928	3.16197181339614	1.9206931389835
8	21	1.34299376271256	2.98606349728049	1.52286111485317	0.786236163731339	1.94731290056059	2.10016705576213	3.82789591865329	0.200583735125046	0.626643625822318	1.05110287765978	2.22559448087981	0.76344760159364	4.15726320347208	2.34245295471877	0.549247923367464	4.28894987023558	1.6930933861291	2.69958094920932	4.46717871511281	3.97166992200053	3.89726395676541
9	1	2.52034853682732	-0.636262710912964	1.48931279246415	0.83895806935038	2.42658769507662	1.66532822339239	1.22797532439277	2.36940470780983	1.46260070822362	1.42824894587337	0.38700550407885	0.881268155758411	2.56810155947036	2.01202633164986	2.67175596393698	1.73917054269747	4.2303998653802	3.22946677367083	2.21190587091703	2.46620759162217	0.999350974034646
9	2	0.982451739195807	-2.02783787429251	-1.10246323887073	-0.126495013310988	0.82281101802505	-1.0098518355739	-0.543275731278045	0.296833073099954	-1.66607768522813	0.926220429201841	-0.452739742194187	0.146024182391213	-0.787012896697489	0.727826210719661	1.10510619784173	-0.527750381615919	0.509940193256656	-0.307291052640027	1.06252352596143	1.08000530081253	-0.648141706053164
9	3	2.6841640134535	-1.20303171533645	2.06096346856298	1.78763338353994	2.23016371993739	0.945656198981201	-0.176655432806605	0.756605552350191	1.60102895230016	2.66558218263009	1.64267458162738	2.07360490990488	1.71935840268473	2.06118777177812	3.15577308474807	1.08443727283558	3.26172062964437	3.36167900107798	2.92152243804349	4.88279976747136	3.1892059763097
9	4	0.773219387742039	-1.40811746440443	0.263841921300901	-0.0992723886828426	0.30345526159915	-0.945526496805153	-1.67923237536323	1.35205096594399	0.371807276360049	1.33765789094423	-0.114150684395532	-0.621995096986382	-0.640560107605848	0.17270441119475	1.45852889307785	-0.219351325667841	1.21164104678573	0.771999522000286	1.95451476633619	2.61298329139679	2.4475313423805
9	5	1.99709209721646	-0.0855514323211948	1.14924752397622	1.87753615479109	2.51786691471863	0.0823837807946133	0.818928845871819	3.25590598062442	2.03647839376526	3.54357231508804	2.32059958080497	2.27283056660721	0.474217312830931	2.34842732282926	1.54188623078697	1.59479679218235	1.3833335366922	3.42637269147192	2.61763058642829	3.8417250086054	4.52782849792053
9	6	-0.391826967817275	-1.95633819912027	-2.41663315765165	-0.994472728951298	1.32344625157566	-2.22492370099398	-0.978177541248306	0.978165159730471	0.665033987909098	-0.486478725321621	-1.69063589712332	0.14665086038349	-0.677275606347208	-1.03570133184278	-1.99812432291324	-2.68916751700257	-2.42879179333045	-0.872591711915909	-1.41795822695988	-0.267979352278997	0.162412944727993
9	7	1.4207308704295	-2.61276730922132	-2.69332746119396	-1.35383929597145	0.187885711364529	-1.48654444732735	-0.564626810685326	2.18771336757792	0.580756627334107	0.104254928995785	-0.413909504440512	1.20556770978162	1.2486988526642	-0.792966575993974	-0.0243443797517651	-1.72940126510422	-1.76385783079934	1.23230566531543	-0.0187752823841532	0.413493060337345	1.1759930727298
9	8	-0.0824987442078611	-0.0421140654842446	-1.48971852183752	-0.653305975321773	1.58740026341098	-1.10752000123364	-0.616031657862059	0.61440681136683	-1.03383719458761	-1.46950836940304	-1.91987149858226	-0.703950549583494	-1.3061188477441	-3.08022147275521	-1.18760282571329	-3.85559282161136	-3.07201588528347	-1.7219086436417	-2.50490922892024	-2.28070502390555	-3.45750893260771
9	9	0.817930105204296	0.542868418890297	-1.79086396422077	-0.674552372098973	2.14181587269931	-1.33394238737858	-1.62273750814003	-0.741530422416597	-1.00445331847545	-2.21265069447665	-0.481921077912676	0.654474364120913	1.42401579953288	-1.9524883470574	0.108648912005989	-2.06306259791111	-0.219214584447264	0.889842605792439	-0.705528223639336	-0.329444350701455	-0.458418303089403
9	10	1.7519358677347	0.998340354432219	-0.509883179701687	0.758801166091852	1.04174552088533	0.741886907732963	-2.36503883786879	0.491399278611072	-0.417375743480226	-0.242285430970198	0.82678149526224	1.69316753301806	1.9015440593112	0.198648073158907	0.662296625579837	-0.375974984192647	0.908136108595142	0.859307644495026	-0.284320977544658	1.83653900841962	1.08881858002403
9	11	0.851356938838616	-0.243006470091863	-0.814660838722349	-2.08232737917203	-0.71582386963183	-0.488855506977884	-4.09624318146118	-1.28300903582794	-1.96282764632632	-1.65814557911253	-1.51825010241751	-0.58793066310925	-0.353729128450497	-1.35532095560968	-2.64134303195602	-0.755018728015907	-2.10220775667323	0.359851825989306	-0.449174075271556	-0.903270443254333	-1.05184457455223
9	12	1.38789267530096	1.28434951268369	0.182986876484368	-1.02760149773491	-0.488387312293732	0.799695480656951	-1.01929522928316	1.85779730375638	-0.721529987715434	-0.0759354211230945	1.65989384845865	0.089974739104603	1.7129605802394	0.955734051025528	-0.618686270261161	0.153584817259744	-0.062452576803926	1.34648000040491	2.36638015090476	0.558111557420943	0.57169952616117
9	13	3.97792881367469	2.2530927483747	-0.131992389108621	1.03937113405501	-0.355127924962933	1.74986894961917	2.86417857519407	4.49896263300749	0.954655456498907	0.748107612092426	1.39012181985327	2.49849774588857	3.4587354123276	2.97058808715234	2.29461782902537	2.01087200479391	1.97332563273547	2.39611191070422	3.37296753026767	2.2467662873103	2.70439242780116
9	14	2.09487539747455	1.20660900151764	-0.187332427247138	1.57550583204827	-0.306737054914068	0.914101700562194	2.02087192559159	2.7779799732049	0.815556546726643	0.252309106494256	1.28954647956	2.00362586480157	1.11288120957639	1.0117099671933	1.19539900009831	0.312204180221933	1.87490615905611	2.45828406925095	2.80738424623722	0.56016779013048	1.97040650039062
9	15	1.64860673781702	0.574114714591878	-0.180041011644774	1.78390789943812	0.215301547329392	1.54335109170307	1.98569628277537	1.41281869503958	1.0371062931406	0.821242623753346	0.898977392209313	1.21295763818475	1.35161609141179	0.641888693582658	0.598105166209156	1.08716297943183	0.202064105327222	2.16938981944762	3.26184298847896	1.46647519429064	1.28840523324122
9	16	2.19595056215605	0.682881856746698	1.2445502794209	1.7540694538942	-0.193810150515531	0.375468120725807	1.96945338283125	0.848844164101766	0.811805740748365	0.854771931311583	0.0709274539936818	2.20158343567377	1.02752297391127	-0.24230508655512	1.49286630511268	2.41001506882658	-0.684131597737415	1.7084239604561	2.56586824936336	1.67509242163608	0.917783498232574
9	17	0.481367486005099	0.0753155557967119	-1.4874127660266	1.44220376595158	-0.659678982132837	-0.105855055458685	-0.315401434785996	-1.05765160316197	-0.648658262682357	0.814549212575137	0.0166144228309539	-0.0253058769508814	-1.22247607385217	-2.50051943966171	-1.15428216645796	1.05131830895015	-0.882631327958051	-1.18535670411236	0.0846410249847034	-1.7067389413739	-1.01416017910333
9	18	1.97535151287408	1.72335565113164	-2.28632199142153	1.93233864339466	0.451100261503052	0.536303385790662	0.925425724641419	-1.29162587963863	-0.316507759613744	0.322703171587318	-0.672494086782442	-0.248318686677925	0.466994128943484	-0.824974206775528	-0.803658327118913	-0.241982437734675	-0.529149173003095	-1.10321426018822	-0.742448037669824	-2.04692367201088	-1.32271822749573
9	19	0.886036993715582	-0.116465713029363	-0.709167721072577	1.06539893162063	1.43159495102509	-0.619605133682731	-0.0254674001310994	1.09207654812584	0.335843160801952	0.610029541616725	-0.463976693032863	-0.537135638419192	-0.546747959690848	0.387513739673908	0.153511381122603	-0.0386094692854934	0.785142338093458	1.79612486437495	-1.26104777850562	-2.35249002219685	-0.129514970103252
9	20	-1.16538113120978	0.923183286336742	-1.20829965254144	0.779380583678978	0.752142039432238	-1.77679949783178	0.505335406131983	1.75637544826048	-0.25626011143046	-0.13894690382888	-0.195917934476766	-1.44193196478984	-1.32345357391915	0.59744306798279	0.502132117841677	0.37412823423761	-0.133965479014089	-0.339879645411273	-1.34174281401975	-3.41814600529467	-0.405663944060901
9	21	-1.42033714278509	1.02546774571221	0.41169560450556	-0.502330591721073	0.299331787572414	-1.31305107364926	0.833068968622014	0.697704945694309	0.478654293448577	-1.28805449174241	-0.6620410244858	-1.04408892272792	0.815146171946503	-0.577090925426585	0.163136633051186	0.16797478888416	-0.24469989547346	0.0501216505279851	-0.463378146801379	-1.74721844715447	-0.756912338969866
10	1	2.0612511716677	1.2495469878804	1.06705147362689	-0.0319150885725522	0.0869957501230757	-0.45077005335658	0.29870732965561	1.61063684861308	0.923663043277489	1.18628079232475	0.361672118421871	0.394915508990404	1.92178621665815	0.654066019438048	0.659661202894597	1.05126436072169	0.754450006863417	2.84383025630218	0.537632787039711	3.84684343761751	0.998887351154242
10	2	2.53826979137616	1.06123537501856	0.420148724434081	-0.344535825911124	-0.44129940183158	-1.04373187008017	0.147452043079433	-0.0140388599504664	-0.254777133696214	-0.217189853071025	0.576815137462284	1.34184330152574	1.70573294529124	0.313172853186212	0.342035379104804	2.37335250868418	-0.84576959246739	0.986944499976638	0.71550219893273	1.60902535999071	1.62589792107487
10	3	2.81697012046296	-0.305387465142691	1.11336048495429	0.32839221881759	0.0126599811973018	-0.391368080951215	1.70642874867997	-0.860266536424821	0.262419807277567	0.260065793819712	0.251366214556586	1.79379124903375	0.438391324228956	1.12520414651692	0.957072256696479	3.22173102103305	0.911886567540479	1.61768306409922	1.32775449027483	1.83638646816513	2.32485751738899
10	4	2.65150434579463	1.83760938627526	1.81591152457077	1.36785370071215	1.72771721515013	1.7623688716919	2.30237471161752	1.21444493939871	1.81540983889678	2.21280438124514	3.15580989555312	2.70686334121388	1.75322640656353	3.10605309590888	1.81239145474657	3.59710592000319	2.66303347387492	2.38868526938721	3.43772705607312	2.19599993160484	2.99311848026831
10	5	1.73088662857779	1.74352385354518	1.75821752772971	0.0129516703901993	2.04010609222928	2.29688014222402	1.95925778603281	1.79532350422641	1.94930872348593	3.05831384641155	2.53105297154886	2.04592771356333	1.30053774949262	3.16451673920095	3.31944452133719	4.90272499389852	2.78640857507338	3.08396085904362	3.62021512886716	2.41973608774732	3.75482849455344
10	6	2.53439130852785	1.6683327454486	2.40876993716826	-1.00967264584086	1.32596184620159	1.79436094786191	2.33779968794772	1.45274695210506	0.983777920436844	2.28048059744132	1.87665367009216	3.76428743960595	0.869199178622175	2.46594945329927	2.52411164681753	4.82344730712639	2.65948891786416	3.78482922597473	4.53719664617033	-0.106920785899485	3.95333495940397
10	7	-1.16123554009211	-0.449937332384313	-2.17011140704521	-3.23181372262579	-1.71856138326274	-0.487928849296399	-2.66585759593964	-2.25356176438966	-1.7028502751352	-0.582306524829058	-0.970018190983672	-0.386642005670224	-1.73723062986826	-1.62468879777168	-1.55333752351256	-0.816772421680481	-2.20304192130098	-1.43986043520681	-1.18095752283167	-4.3207332430042	-0.396548781603776
10	8	2.02202156214751	2.96816802807948	1.07003098838504	0.418275250314453	-0.363145197412699	1.84402456748042	-0.0293350951618065	0.813435022302311	2.35804204367869	3.68222894210981	1.12468117120108	2.52805780307841	0.193588843718725	1.53771110212914	1.69815763167303	3.49465072937744	2.49383211631249	3.39724290370465	2.00423725517314	0.236133577155148	2.83633388820115
10	9	-0.57364256248786	1.67346261207602	-0.570891056563076	-0.59024638624957	-1.47524603323764	-0.281860439198017	0.183362815216428	-0.141713198367592	1.15150330507311	1.61018175370381	1.19885425371145	1.25642673629793	-0.580036029481677	0.214435608828461	0.168724845062474	1.11522812767731	0.442478194529939	0.799390600009159	-1.25310413682372	0.175363699342819	0.043812449142731
10	10	2.66570717564026	2.69773915845728	1.98839935816387	2.28533776633307	1.80128504759022	1.98858917664164	3.03227590261495	2.53299868948706	4.43439645043427	3.26046910747063	3.38288159923673	2.36798352209097	3.93675720233223	2.61017199736644	3.08426414114847	3.69791186413724	2.03592728327764	4.29557426781956	2.94497248381083	3.24315167682416	2.6015946445157
10	11	0.692038955463962	0.242170187775603	-0.513002709720789	-1.6248938998674	-0.411737429885801	-1.32867843801026	-1.30600659770009	0.532362341345727	1.42519306642538	0.439839387549046	0.41168698263198	0.362919347165632	2.2516786353719	0.759168661676535	0.802355961400787	1.35154612688568	1.07950416515085	1.48500528333642	1.60086564723537	2.63511897712048	1.45329482135669
10	12	1.70950480118381	0.149025926669767	1.09057119933093	-1.42105866266083	0.534452712624472	-0.498866434830003	0.520913966588561	0.43300498765178	1.28883675499039	1.49517597408127	-0.341778896786459	0.757987270760218	2.97807674284568	1.90611343256919	0.675073293898084	1.05249241990425	1.86679302066433	1.02804589282067	0.532215701584725	2.79167881888141	1.29870412542095
10	13	0.494470511736724	-1.48237140663026	-1.85024448597619	0.0742882352934873	0.170122529358052	-1.57832873202461	-1.40562208835019	-0.121684171463065	0.4856885992942	0.401878093526405	-1.33528147093336	-0.042099194397663	0.52751564281064	-0.224339889004832	-0.3549841841658	-0.134912397965634	0.869850427624409	0.416234131533677	-0.962865435538759	-0.566478360636207	-1.00428451130422
10	14	-0.0989614250042764	-0.219744757643364	-0.514929260616335	-0.21448080730283	0.738743722378196	-0.940894826881214	-2.00094926408401	-0.110219095582278	1.22843813424791	-0.268398127880019	-0.775344663171952	0.503212980028309	0.781418504051786	-0.0501415565307263	-0.0686351673518668	1.33374213078621	1.5731142864465	1.10344674582555	-1.22355355162657	0.569982316314658	-0.385570810168476
10	15	-0.264221593812309	-0.476285621431314	-1.86893852365116	-0.975290901477425	-0.640111591736678	-1.142696849575	-1.15442920650203	0.123008827660048	0.880781427032869	-0.043861425960571	0.402031358301919	-1.12549789715491	0.577809204233757	-0.225853776103455	-1.17753304255909	1.2767641392755	-0.373647307844614	-0.908280041190415	-2.41641397026011	-0.179936656341041	-1.49488207201875
10	16	1.02559772606205	-1.82631478896006	0.15969697734051	0.819927869790024	-0.741778834627351	-0.173402052832069	-0.283548449599776	-0.101099150838116	1.64459120498881	1.06322438934407	1.60085982971515	0.260203651606685	0.863327445261066	0.671357397097184	0.0837077853690261	2.6924887503833	0.153121846949828	-0.860845971398659	-0.538535803607716	0.65469306023973	0.275831910507071
10	17	2.57022012925222	1.60983150391093	1.66454434206692	2.57672080435543	1.87490063335693	1.93404670271523	0.682606815220597	1.90611937244732	3.68092020030108	2.15588250272752	3.57932261776557	3.50769081613128	2.17693113953354	2.97567266163032	1.14629554002144	2.5280138049245	1.87685342545494	0.490326188415023	2.39414718927154	2.44920035127906	3.42299013450887
10	18	0.184104655648569	-0.675389580040507	0.425964563973541	1.10020991709458	1.23895331289854	0.890206195070757	0.0708392370378782	-0.148029903842611	1.96706718702917	0.908026343735497	2.36366057141785	1.74164902460946	1.42209154956526	1.96713127107742	0.608352085910203	1.92114177725575	1.0371035545453	-0.35146009045233	1.71230927761287	1.3609892422123	1.41284808319292
10	19	-0.36485169239346	0.458699099412962	-0.738704277623265	0.680794557272092	0.988557618105937	-0.195263964544999	0.178715643501636	-0.146942971024735	2.46724003677697	1.77717535516328	2.00756356348148	0.914283331592255	1.93773134802645	1.51147795250011	0.395057039299644	0.75927989624354	0.770781399653724	-0.224812249026502	1.01878143846854	1.38980911707077	1.45421923283207
10	20	0.706259257360222	0.54099639061939	0.628934877003325	1.37584218869674	1.39466706122327	1.47610580479888	-0.748893427029237	0.561346649379677	2.08232132328568	1.15018269834279	2.62460351611632	1.06755599862811	0.926300470609894	1.28066360455616	0.983830019195696	0.233520782671104	1.98413367551892	0.895993703766965	2.32232759628564	2.01302855589796	1.64599195786246
10	21	0.438901805627752	-0.181381778706465	0.749830010173019	0.844096296253895	1.33075519771364	2.84560943693612	-0.0333622726831679	1.42743749313089	1.62043147817493	0.0512068873386164	1.95750590840177	1.22049763856484	1.76955621888041	1.09628204852285	1.36584685526614	1.59328585628136	1.57988219910209	2.58727454898037	1.59610666283052	3.59460747120718	1.02898125722011
