seed,year,observed,counterfactual
1234,1960,2284,2227.55332296968
1234,1961,2388,2331.01485127292
1234,1962,2527,2473.28413092772
1234,1963,2610,2578.72158053542
1234,1964,2806,2761.56255553803
1234,1965,3005,2929.39931134801
1234,1966,3168,3130.53983432097
1234,1967,3241,3302.71785677895
1234,1968,3571,3608.00894272169
1234,1969,3998,4002.56906192445
1234,1970,4367,4371.76371452297
1234,1971,4686,4713.13559603775
1234,1972,5055,5090.3481994267
1234,1973,5553,5599.88771729137
1234,1974,6074,6173.9298657022
1234,1975,6603,6709.97598762043
1234,1976,7367,7400.40165623311
1234,1977,8090,8081.92992495337
1234,1978,8928,8887.58726805575
1234,1979,10067,9949.86787251223
1234,1980,11083,11012.3710983075
1234,1981,12115,12088.4750923902
1234,1982,12761,12734.435985549
1234,1983,13519,13503.3101704406
1234,1984,14481,14457.9108428471
1234,1985,15291,15331.6091987281
1234,1986,15998,16023.4127846952
1234,1987,16679,16737.2195063164
1234,1988,17786,17811.8708698201
1234,1989,18994,18962.2086606992
1234,1990,20465,20007.9489318779
1234,1991,21602,20790.5050250009
1234,1992,22154,21542.4741366695
1234,1993,21878,22052.9976724655
1234,1994,22371,23113.6441625803
1234,1995,23035,24049.3771527847
1234,1996,23742,25027.1338501022
1234,1997,24156,26105.1821309349
1234,1998,24931,27014.5404901221
1234,1999,25755,28102.73021743
1234,2000,26943,30155.1290574743
1234,2001,27449,31145.0609272527
1234,2002,28348,32102.5121532889
1234,2003,28855,33015.895603924
1,1960,2284,2229.70333839893
1,1961,2388,2333.40740415438
1,1962,2527,2476.0865404835
1,1963,2610,2583.29913060883
1,1964,2806,2764.07525434484
1,1965,3005,2932.46615766589
1,1966,3168,3132.99696175661
1,1967,3241,3305.70806993235
1,1968,3571,3609.25000595052
1,1969,3998,4000.8635838964
1,1970,4367,4373.63955798413
1,1971,4686,4709.44959712641
1,1972,5055,5090.46298469748
1,1973,5553,5601.63069097421
1,1974,6074,6174.25396174037
1,1975,6603,6710.23004048274
1,1976,7367,7403.45111973824
1,1977,8090,8081.68369816966
1,1978,8928,8890.3982760345
1,1979,10067,9953.11348955689
1,1980,11083,11017.3675679951
1,1981,12115,12090.1371444004
1,1982,12761,12733.0280166895
1,1983,13519,13504.2084191659
1,1984,14481,14457.9726531783
1,1985,15291,15328.8197772434
1,1986,15998,16015.3313386021
1,1987,16679,16728.3902165624
1,1988,17786,17811.7387592503
1,1989,18994,18962.4594035654
1,1990,20465,20006.2626087625
1,1991,21602,20789.7577313162
1,1992,22154,21537.3844629719
1,1993,21878,22043.7739316756
1,1994,22371,23101.5905148951
1,1995,23035,24034.4543811768
1,1996,23742,25001.5078850542
1,1997,24156,26068.4280999073
1,1998,24931,26985.7034411378
1,1999,25755,28062.4593381583
1,2000,26943,30098.6729301875
1,2001,27449,31082.3571973916
1,2002,28348,32052.8911011691
1,2003,28855,32968.2925446023
2,1960,2284,2233.66381450233
2,1961,2388,2336.77003067369
2,1962,2527,2478.43342396577
2,1963,2610,2584.2748511065
2,1964,2806,2767.27176522038
2,1965,3005,2934.63107709902
2,1966,3168,3134.08739659065
2,1967,3241,3306.68156867411
2,1968,3571,3611.67343658873
2,1969,3998,3997.16215917673
2,1970,4367,4368.71941081083
2,1971,4686,4707.0149268763
2,1972,5055,5084.45636827398
2,1973,5553,5596.14855880061
2,1974,6074,6167.5319046563
2,1975,6603,6707.00983891807
2,1976,7367,7402.66757658873
2,1977,8090,8086.96238802237
2,1978,8928,8892.86414011759
2,1979,10067,9954.52462400666
2,1980,11083,11018.3622546411
2,1981,12115,12092.3560629925
2,1982,12761,12733.97329426
2,1983,13519,13505.9350093528
2,1984,14481,14459.9397833616
2,1985,15291,15327.8145991956
2,1986,15998,16017.1320912796
2,1987,16679,16729.1976599431
2,1988,17786,17813.9940533059
2,1989,18994,18960.9562817947
2,1990,20465,19997.8178025951
2,1991,21602,20779.2302707193
2,1992,22154,21532.5782121884
2,1993,21878,22038.6219642378
2,1994,22371,23094.7143964881
2,1995,23035,24033.1830643029
2,1996,23742,25008.6730498098
2,1997,24156,26085.4138129085
2,1998,24931,27014.5417134803
2,1999,25755,28106.6975250759
2,2000,26943,30166.3335011269
2,2001,27449,31158.7888325347
2,2002,28348,32132.5647218845
2,2003,28855,33039.4994506951
3,1960,2284,2227.55486951187
3,1961,2388,2328.46671797398
3,1962,2527,2474.74701962511
3,1963,2610,2582.63445527582
3,1964,2806,2761.48678422408
3,1965,3005,2930.23080298738
3,1966,3168,3132.62919656794
3,1967,3241,3303.9803198817
3,1968,3571,3607.74872121201
3,1969,3998,4002.51927249303
3,1970,4367,4372.63680118251
3,1971,4686,4712.22635815401
3,1972,5055,5090.44185368179
3,1973,5553,5599.6919226914
3,1974,6074,6174.29850153355
3,1975,6603,6709.17780764705
3,1976,7367,7404.25698729444
3,1977,8090,8082.98082450403
3,1978,8928,8887.64093197765
3,1979,10067,9949.73775186167
3,1980,11083,11014.648382347
3,1981,12115,12091.4436609062
3,1982,12761,12736.701448827
3,1983,13519,13504.53461077
3,1984,14481,14456.739822773
3,1985,15291,15329.4521141247
3,1986,15998,16015.9653488128
3,1987,16679,16731.2874522694
3,1988,17786,17808.6794589492
3,1989,18994,18963.4482007559
3,1990,20465,20006.8635813115
3,1991,21602,20786.5587267572
3,1992,22154,21534.6848940844
3,1993,21878,22043.8708059335
3,1994,22371,23099.8269096874
3,1995,23035,24034.3013467701
3,1996,23742,25003.3830818132
3,1997,24156,26072.0391549564
3,1998,24931,26981.1162024287
3,1999,25755,28056.3601779995
3,2000,26943,30092.4271976055
3,2001,27449,31076.387300654
3,2002,28348,32047.4007951561
3,2003,28855,32968.4981025193
4,1960,2284,2228.68600163567
4,1961,2388,2329.05029433415
4,1962,2527,2473.5543786681
4,1963,2610,2580.06774443411
4,1964,2806,2761.08302609567
4,1965,3005,2931.66864495793
4,1966,3168,3130.22875393584
4,1967,3241,3304.55622537569
4,1968,3571,3612.56222090257
4,1969,3998,4005.57745349487
4,1970,4367,4375.68441498213
4,1971,4686,4710.29332913757
4,1972,5055,5088.97589967326
4,1973,5553,5602.81603730433
4,1974,6074,6174.06925246489
4,1975,6603,6703.26007430316
4,1976,7367,7401.28358937819
4,1977,8090,8080.92810690234
4,1978,8928,8887.84798707622
4,1979,10067,9951.8869221837
4,1980,11083,11013.1065675996
4,1981,12115,12084.5857561504
4,1982,12761,12735.453331409
4,1983,13519,13507.8653354042
4,1984,14481,14455.9352077064
4,1985,15291,15325.5835939378
4,1986,15998,16020.5114086645
4,1987,16679,16734.0513187311
4,1988,17786,17818.7784503635
4,1989,18994,18970.9928293883
4,1990,20465,20019.0581601572
4,1991,21602,20815.2531818435
4,1992,22154,21567.288154829
4,1993,21878,22074.1927979131
4,1994,22371,23135.2422451692
4,1995,23035,24074.1108231285
4,1996,23742,25043.3140275242
4,1997,24156,26103.0722916345
4,1998,24931,27028.4797467258
4,1999,25755,28101.480408889
4,2000,26943,30084.562318985
4,2001,27449,31064.7481905919
4,2002,28348,31999.5435184977
4,2003,28855,32870.1502649297
5,1960,2284,2231.2571897642
5,1961,2388,2330.70448048744
5,1962,2527,2476.28267177088
5,1963,2610,2582.38791982248
5,1964,2806,2761.51655665525
5,1965,3005,2927.98154050753
5,1966,3168,3130.21091716291
5,1967,3241,3303.05599684835
5,1968,3571,3611.04024605351
5,1969,3998,4000.83129798157
5,1970,4367,4372.80800157374
5,1971,4686,4710.37374601835
5,1972,5055,5086.47425934584
5,1973,5553,5599.788581073
5,1974,6074,6172.98599533064
5,1975,6603,6708.23863080926
5,1976,7367,7402.07153601974
5,1977,8090,8081.81843060687
5,1978,8928,8887.78019213632
5,1979,10067,9953.93698588113
5,1980,11083,11015.5156209517
5,1981,12115,12090.5493500603
5,1982,12761,12736.4696332953
5,1983,13519,13509.5345246267
5,1984,14481,14458.2400329851
5,1985,15291,15327.6543993185
5,1986,15998,16015.9337699121
5,1987,16679,16729.8555670583
5,1988,17786,17817.5316361565
5,1989,18994,18967.2662120883
5,1990,20465,20015.0301667047
5,1991,21602,20800.3698314387
5,1992,22154,21548.4333626639
5,1993,21878,22052.0124834208
5,1994,22371,23106.2938271119
5,1995,23035,24040.4679246322
5,1996,23742,25002.5912096478
5,1997,24156,26067.3944553309
5,1998,24931,26990.1077461149
5,1999,25755,28057.0254878887
5,2000,26943,30066.4694612925
5,2001,27449,31050.0484307017
5,2002,28348,32017.6107640312
5,2003,28855,32913.2310891429
6,1960,2284,2232.16035711794
6,1961,2388,2332.40730237045
6,1962,2527,2476.27367200192
6,1963,2610,2585.40854637948
6,1964,2806,2764.34071085267
6,1965,3005,2931.06183543853
6,1966,3168,3132.78110585994
6,1967,3241,3303.83182994238
6,1968,3571,3609.02839912714
6,1969,3998,3997.96452362156
6,1970,4367,4370.28348102133
6,1971,4686,4711.23186083666
6,1972,5055,5085.17827977127
6,1973,5553,5594.15272792582
6,1974,6074,6168.96791197746
6,1975,6603,6706.82950093875
6,1976,7367,7401.58563697353
6,1977,8090,8086.09152476683
6,1978,8928,8891.12889614168
6,1979,10067,9950.05293654294
6,1980,11083,11016.384707493
6,1981,12115,12087.7121094995
6,1982,12761,12733.610449233
6,1983,13519,13505.3770763426
6,1984,14481,14459.9904733045
6,1985,15291,15328.2241505129
6,1986,15998,16018.2225963974
6,1987,16679,16734.1982641905
6,1988,17786,17816.8006115994
6,1989,18994,18966.5415667621
6,1990,20465,20014.3934639107
6,1991,21602,20802.3405292944
6,1992,22154,21552.3183233334
6,1993,21878,22059.6736544359
6,1994,22371,23115.9956655481
6,1995,23035,24051.5822998914
6,1996,23742,25035.438902536
6,1997,24156,26115.7354271247
6,1998,24931,27038.9954969982
6,1999,25755,28130.5893014988
6,2000,26943,30206.5931337609
6,2001,27449,31200.0775405424
6,2002,28348,32172.296344056
6,2003,28855,33079.0396149064
7,1960,2284,2230.90209975678
7,1961,2388,2327.78177667664
7,1962,2527,2473.35049316475
7,1963,2610,2581.71840461386
7,1964,2806,2761.79293658872
7,1965,3005,2929.3717866506
7,1966,3168,3130.96872260795
7,1967,3241,3303.91526231745
7,1968,3571,3611.11741187139
7,1969,3998,4004.43284740203
7,1970,4367,4372.73210132318
7,1971,4686,4711.31164267739
7,1972,5055,5089.75074471583
7,1973,5553,5599.88072285249
7,1974,6074,6170.96726356639
7,1975,6603,6705.4617696753
7,1976,7367,7400.97617130634
7,1977,8090,8081.57209329278
7,1978,8928,8890.28369912562
7,1979,10067,9951.6309686813
7,1980,11083,11010.4921131773
7,1981,12115,12083.9294381937
7,1982,12761,12730.8096506243
7,1983,13519,13502.997524971
7,1984,14481,14456.8802149904
7,1985,15291,15329.379535799
7,1986,15998,16021.0506346532
7,1987,16679,16735.0633591482
7,1988,17786,17819.2002326513
7,1989,18994,18969.9017879122
7,1990,20465,20013.0742869536
7,1991,21602,20801.4053982978
7,1992,22154,21554.6025989424
7,1993,21878,22063.8474211343
7,1994,22371,23130.4659459119
7,1995,23035,24069.6622297608
7,1996,23742,25047.4166349304
7,1997,24156,26117.4694315686
7,1998,24931,27042.2498647246
7,1999,25755,28128.8232249801
7,2000,26943,30142.2979708864
7,2001,27449,31133.8659357957
7,2002,28348,32084.8536691509
7,2003,28855,32984.9651017022
8,1960,2284,2232.49833418014
8,1961,2388,2333.44082609598
8,1962,2527,2477.5803034098
8,1963,2610,2582.72838623963
8,1964,2806,2764.50564654973
8,1965,3005,2931.87052750014
8,1966,3168,3133.58807122082
8,1967,3241,3304.69548028119
8,1968,3571,3610.31143052242
8,1969,3998,3998.68974417192
8,1970,4367,4369.78769429494
8,1971,4686,4708.43334849614
8,1972,5055,5086.50742379201
8,1973,5553,5597.65333324296
8,1974,6074,6170.56743794771
8,1975,6603,6712.36511170736
8,1976,7367,7402.58734221479
8,1977,8090,8084.65530545175
8,1978,8928,8893.74171425265
8,1979,10067,9953.82755189361
8,1980,11083,11016.7893752295
8,1981,12115,12089.4603538611
8,1982,12761,12729.6149890997
8,1983,13519,13506.1308902083
8,1984,14481,14459.0013681514
8,1985,15291,15327.8760345373
8,1986,15998,16016.3880961697
8,1987,16679,16733.0362803294
8,1988,17786,17816.8150552729
8,1989,18994,18962.9572609568
8,1990,20465,20002.3651980207
8,1991,21602,20783.3792370445
8,1992,22154,21531.7199170201
8,1993,21878,22041.8191745671
8,1994,22371,23102.391135369
8,1995,23035,24039.1025030737
8,1996,23742,25015.5414776815
8,1997,24156,26085.1947910049
8,1998,24931,27008.9205531936
8,1999,25755,28094.2839648324
8,2000,26943,30141.479593341
8,2001,27449,31132.3184397114
8,2002,28348,32113.6975045439
8,2003,28855,33045.514209875
9,1960,2284,2229.74666534467
9,1961,2388,2332.0050664876
9,1962,2527,2475.71033220228
9,1963,2610,2581.2948532641
9,1964,2806,2760.4444690703
9,1965,3005,2929.06873608331
9,1966,3168,3134.09782053488
9,1967,3241,3306.1983147148
9,1968,3571,3616.57880230236
9,1969,3998,4007.81495292526
9,1970,4367,4382.28773419918
9,1971,4686,4719.53578191877
9,1972,5055,5094.37957481651
9,1973,5553,5609.83494986332
9,1974,6074,6176.71520848854
9,1975,6603,6694.13097830005
9,1976,7367,7390.49800050007
9,1977,8090,8073.09552383285
9,1978,8928,8876.49532702637
9,1979,10067,9949.74479265888
9,1980,11083,11006.4561816711
9,1981,12115,12086.8942570712
9,1982,12761,12743.8035397773
9,1983,13519,13511.4651368578
9,1984,14481,14453.940901453
9,1985,15291,15318.2139181284
9,1986,15998,16008.4998832077
9,1987,16679,16727.0455683594
9,1988,17786,17825.6783642214
9,1989,18994,18981.859893338
9,1990,20465,20042.2199344947
9,1991,21602,20833.7457644196
9,1992,22154,21588.1681363523
9,1993,21878,22082.1499023271
9,1994,22371,23127.212372561
9,1995,23035,24059.8389462596
9,1996,23742,24993.7018130562
9,1997,24156,26028.3248919342
9,1998,24931,26969.1170888766
9,1999,25755,27995.2044372069
9,2000,26943,29852.710871505
9,2001,27449,30801.4715252215
9,2002,28348,31720.5176509699
9,2003,28855,32538.0864301515
