 1.2002144525758922100	 1.6852185956668108702	 1.9168757745064795017	 1.2843994572758674622
 1.1046501279342919588	 1.7010574592277407646	 1.5279599842615425587	 1.8079352008644491434
 1.9565001251175999641	 1.1104530186858028173	 1.2732849495951086283	 1.4905132018029689789
 1.3184040186461061239	 1.5591728265862911940	 1.2625931387301534414	 1.2018752112053334713
 1.3875257470645010471	 1.8878697715699672699	 1.5549225539434701204	 1.8421793852467089891
 0.3902071146294474602	 0.2207009703852236271	-0.2886597262695431709	-0.2742827092297375202
-0.3600163029041141272	-0.0200861459597945213	-0.0625881403684616089	 0.4659641394391655922
-0.3580860889051109552	 0.4549788883887231350	-0.0552694438956677914	-0.4406375263351947069
-0.2248508152551949024	-0.4688517407048493624	-0.4855176561977714300	-0.0128309710416942835
 0.0951516230124980211	 0.0978530368302017450	-0.1023194850422441959	-0.1031696030404418707
 0.3160760693717747927	-0.2648012456484138966	 0.3268702460918575525	 0.0334759315010160208
 0.4289427136536687613	 0.0497947256080806255	 0.2601425268221646547	-0.4314902375917881727
 0.2936093390453606844	 0.1328034277539700270	-0.1154230635147541761	 0.0662726750597357750
 0.4219905673526227474	 0.4758776135277003050	 0.4330338393338024616	-0.1188373395707458258
-0.2444359292276203632	-0.2425162994768470526	-0.3031136188656091690	-0.3635990950278937817
 0.1239665024913847446	-0.3262547168415039778	 0.3664345785509794950	 0.4893356862012296915
 0.4866357618011534214	 0.3920130832120776176	 0.3882176105398684740	-0.3426564852707087994
 0.4304594709537923336	 0.3269302467815577984	 0.3293434176594018936	 0.2173402954358607531
-0.3436403796076774597	 0.3354614072013646364	-0.4772753831930458546	 0.4191270901355892420
-0.4609810507390648127	 0.2001195868942886591	-0.0567001593299210072	-0.1861315483693033457
 0.4394364822655916214	 0.3237454823683947325	-0.2888458946254104376	-0.4083705591037869453
-0.0297251231968402863	-0.4499385822564363480	 0.4709980182815343142	 0.2831555355805903673
-0.1760095476638525724	 0.1114864463452249765	 0.2130180757958441973	-0.1640032152645289898
-0.3124628376681357622	-0.1030976097099483013	-0.1773296659812331200	 0.3159563622903078794
-0.2655679529998451471	 0.1254065101966261864	-0.0275892249774187803	-0.0442997990176081657
 0.4283003117889165878	 0.2207331219688057899	 0.0744543112814426422	 0.4202377439942210913
 0.3466149570886045694	-0.1014343136921525002	-0.2230194034054875374	 0.0195265749935060740
-0.0446678420994430780	-0.1835169193800538778	-0.3225048480089753866	 0.0154622085392475128
 0.2743666102178394794	-0.2040753085166215897	-0.0448297532275319099	-0.1070672573987394571
-0.0255510848946869373	-0.3968614940531551838	 0.0922261776868253946	-0.3138442784547805786
-0.3721436357591301203	 0.4818891650065779686	 0.3036774795036762953	 0.3695462571922689676
-0.2184929647482931614	-0.4577958984300494194	 0.1901803228538483381	 0.2629425267223268747
-0.2763900179415941238	-0.1662057612556964159	-0.1335935916285961866	-0.3226247280836105347
-0.4822377779055386782	 0.3441628545988351107	-0.1185604850761592388	-0.4944754380267113447
-0.3983815424144268036	-0.0651181251741945744	-0.1101331622339785099	 0.0956854887772351503
-0.0808612729888409376	-0.2513266201131045818	-0.0892492486163973808	 0.3993756980635225773
 0.1357150285039097071	 0.2238393253646790981	 0.0129106456879526377	 0.1447053654119372368
 0.1603912936989217997	 0.1977349289227277040	-0.0617267012130469084	 0.1117008577566593885
 0.3348439412657171488	-0.4195393561385571957	 0.0481901802122592926	 0.1962632325012236834
 0.0750216611195355654	-0.1811877004802227020	-0.2132434309460222721	 0.3133785319514572620
 0.1909046303480863571	-0.1630340770352631807	-0.4592722377274185419	 0.4086119385901838541
 0.3353510587476193905	 0.1488944061566144228	-0.0096067429985851049	-0.3271150018554180861
 0.2503794964868575335	 0.4814648320898413658	-0.2612439205404371023	 0.4273359039798378944
 0.4915121281519532204	-0.4576444940175861120	-0.1820475056301802397	 0.3639976726844906807
-0.0301999761722981930	 0.4662481991108506918	-0.1991091512609273195	-0.4133112675044685602
 0.3227892583236098289	 0.2252525300718843937	-0.3559754670131951571	-0.0150917973369359970
 0.2112478602211922407	-0.4077342012897133827	 0.3161342139355838299	-0.2775533932726830244
 0.3388996673747897148	-0.3431075762491673231	 0.1493655242957174778	 0.2563899969682097435
-0.1355479962658137083	 0.4316385015845298767	-0.2054667365737259388	-0.1543232484254986048
-0.0724266350734978914	 0.1127585917711257935	-0.0236432782839983702	 0.1685836622491478920
-0.4769996521063148975	-0.3707141070626676083	 0.3718775415327399969	 0.2044018274173140526
 0.2504144548438489437	 0.0161895677447319031	 0.0825741759035736322	-0.3154493845067918301
-0.0230642096139490604	-0.2371614554431289434	 0.3142885945271700621	 0.2539812480099499226
-0.0905132228508591652	-0.0086363204754889011	-0.4753306263592094183	-0.1765853592660278082
-0.2744283804204314947	-0.3902312316931784153	 0.3997540962882339954	-0.4826641839463263750
-0.3296808877494186163	-0.0572456999216228724	 0.4476389288902282715	-0.2629372922237962484
 0.4953407407738268375	 0.2992515524383634329	 0.0555311432108283043	 0.3102866187691688538
-0.4116073700133711100	-0.3443169421516358852	 0.2878348000813275576	-0.4163496284745633602
-0.4400264746509492397	 0.4352992353960871696	 0.1785758365876972675	-0.3461047236341983080
 0.0209067910909652710	-0.4708217415027320385	-0.0800540701020509005	 0.3341325919609516859
 0.3791717521380633116	-0.2962663033977150917	 0.3118798383511602879	 0.4940794785507023335
-0.4062295313924551010	 0.0154320627916604280	-0.4498344848398119211	-0.3757832294795662165
 0.3552571162581443787	-0.2055246294476091862	 0.1141238550189882517	-0.3859767543617635965
-0.1554340745788067579	-0.3257570802234113216	 0.3930837302468717098	-0.4393057939596474171
-0.4140949258580803871	 0.4446084913797676563	-0.4252660234924405813	 0.1345584411174058914
 0.4112590751610696316	-0.0754058472812175751	-0.4760654324200004339	-0.2439497590530663729
-0.3926879926584661007	-0.3721779386978596449	-0.0414308474864810705	-0.2213215548545122147
 0.2682125379797071218	 0.0731883707921952009	 0.1756898120511323214	-0.1621546174865216017
 0.1133570754900574684	-0.3059627669863402843	-0.3585193809121847153	-0.3630897065158933401
 0.2417475972324609756	-0.1085423030890524387	 0.1175918865483254194	 0.1791552875656634569
-0.2869825283996760845	-0.2741435591597110033	-0.0117086276877671480	-0.1863067189697176218
 0.4853800053242594004	-0.3139487667940557003	 0.3308219544123858213	 0.3241917649284005165
-0.1198354440275579691	 0.4158716169185936451	-0.1621738763060420752	 0.1740541541948914528
 0.0398095927666872740	 0.1444959745276719332	-0.0908801481127738953	-0.0468694311566650867
-0.4214972464833408594	-0.4755607801489531994	-0.1526921149343252182	 0.4103898773901164532
 0.3279482922516763210	-0.3391950870864093304	 0.2739055696874856949	-0.3092495477758347988
-0.1975534455850720406	 0.4782665912061929703	 0.2905514019075781107	-0.4715849475469440222
-0.2305691523943096399	 0.3455636263824999332	 0.3921899690758436918	-0.2935092039406299591
-0.1323542573954910040	 0.1687929697800427675	 0.3842231887392699718	-0.0085890346672385931
-0.1712322670500725508	-0.4608694545459002256	 0.0738226759713143110	-0.4377326492685824633
-0.4956208243966102600	 0.2735420186072587967	 0.4876561493147164583	-0.2355794459581375122
 0.0372196903917938471	-0.4546313181053847075	 0.4481611866503953934	-0.0546298215631395578
-0.1952956058084964752	 0.2577712775673717260	-0.2451743762940168381	-0.4737024852074682713
-0.0160292393993586302	 0.4790503177791833878	-0.0472410996444523335	-0.3585831797681748867
-0.0078414478339254856	-0.0202029526699334383	-0.1864024314563721418	-0.1587705723941326141
-0.4250871636904776096	-0.2604234390892088413	 0.0571585088036954403	-0.1171398977749049664
-0.3915078071877360344	-0.3602271019481122494	-0.4601561673916876316	-0.0284699306357651949
-0.0141580011695623398	 0.3777824237477034330	 0.1300685480237007141	-0.2098140281159430742
 0.4420581420417875051	 0.0082229916006326675	-0.3575711555313318968	-0.0527341794222593307
 0.3202416852582246065	-0.4249696671031415462	-0.2240758880507200956	-0.3939188655931502581
 0.4854321873281151056	 0.1886119577102363110	-0.2529408263508230448	-0.1740807555615901947
 0.2733904735650867224	 0.4105366326402872801	 0.3350667057093232870	 0.4504365706816315651
-0.3969699335284531116	 0.0841794149018824100	-0.1092717309948056936	-0.2837931236717849970
-0.0751098259352147579	 0.2624100071843713522	-0.1495200188364833593	 0.0044961762614548206
 0.2705283679533749819	-0.1315157390199601650	-0.3786648532841354609	 0.3477930205408483744
 0.2477859547361731529	-0.2374311629682779312	 0.1429058639332652092	-0.1683462080545723438
-0.1967035718262195587	-0.0277318914886564016	 0.1738496141042560339	 0.4199759205803275108
-0.0744520751759409904	 0.3847238603048026562	 0.4097259524278342724	 0.3324580339249223471
 0.2928126028273254633	 0.3119146837852895260	 0.0327568617649376392	 0.4558716467581689358
-0.2424324504099786282	 0.3742544201668351889	 0.2662059732247143984	-0.3405251221265643835
-0.0452535434160381556	-0.3335260234307497740	-0.1160415650811046362	-0.4904389337170869112
