"state","state_id","year","cigsale","retprice"
"Alabama",1,1970,89.8000030517578,39.5999984741211
"Alabama",1,1971,95.4000015258789,42.7000007629395
"Alabama",1,1972,101.099998474121,42.2999992370605
"Alabama",1,1973,102.900001525879,42.0999984741211
"Alabama",1,1974,108.199996948242,43.0999984741211
"Alabama",1,1975,111.699996948242,46.5999984741211
"Alabama",1,1976,116.199996948242,50.4000015258789
"Alabama",1,1977,117.099998474121,50.0999984741211
"Alabama",1,1978,123,55.0999984741211
"Alabama",1,1979,121.400001525879,56.7999992370605
"Alabama",1,1980,123.199996948242,60.5999984741211
"Alabama",1,1981,119.599998474121,68.8000030517578
"Alabama",1,1982,119.099998474121,73.0999984741211
"Alabama",1,1983,116.300003051758,84.4000015258789
"Alabama",1,1984,113,90.8000030517578
"Alabama",1,1985,114.5,99
"Alabama",1,1986,116.300003051758,103
"Alabama",1,1987,114,110
"Alabama",1,1988,112.099998474121,114.400001525879
"Alabama",1,1989,105.599998474121,122.300003051758
"Alabama",1,1990,108.599998474121,139.100006103516
"Alabama",1,1991,107.900001525879,144.399993896484
"Alabama",1,1992,109.099998474121,172.199996948242
"Alabama",1,1993,108.5,176.199996948242
"Alabama",1,1994,107.099998474121,154.600006103516
"Alabama",1,1995,102.599998474121,155.100006103516
"Alabama",1,1996,101.400001525879,158.300003051758
"Alabama",1,1997,104.900001525879,167.399993896484
"Alabama",1,1998,106.199996948242,180.5
"Alabama",1,1999,100.699996948242,195.600006103516
"Alabama",1,2000,96.1999969482422,270.700012207031
"Arkansas",2,1970,100.300003051758,36.7000007629395
"Arkansas",2,1971,104.099998474121,38.7999992370605
"Arkansas",2,1972,103.900001525879,44.0999984741211
"Arkansas",2,1973,108,45.0999984741211
"Arkansas",2,1974,109.699996948242,45.5
"Arkansas",2,1975,114.800003051758,48.5999984741211
"Arkansas",2,1976,119.099998474121,50.9000015258789
"Arkansas",2,1977,122.599998474121,52.5999984741211
"Arkansas",2,1978,127.300003051758,56.5
"Arkansas",2,1979,126.5,58.4000015258789
"Arkansas",2,1980,131.800003051758,61.5
"Arkansas",2,1981,128.699996948242,64.6999969482422
"Arkansas",2,1982,127.400001525879,72.0999984741211
"Arkansas",2,1983,128,82
"Arkansas",2,1984,123.099998474121,93.5999984741211
"Arkansas",2,1985,125.800003051758,98.5
"Arkansas",2,1986,126,103.599998474121
"Arkansas",2,1987,122.300003051758,113
"Arkansas",2,1988,121.5,119.900001525879
"Arkansas",2,1989,118.300003051758,127.699996948242
"Arkansas",2,1990,113.099998474121,141.199996948242
"Arkansas",2,1991,116.800003051758,146.5
"Arkansas",2,1992,126,177.300003051758
"Arkansas",2,1993,113.800003051758,179.899993896484
"Arkansas",2,1994,108.800003051758,168.100006103516
"Arkansas",2,1995,113,167.300003051758
"Arkansas",2,1996,110.699996948242,167.100006103516
"Arkansas",2,1997,108.699996948242,181.300003051758
"Arkansas",2,1998,109.5,187.300003051758
"Arkansas",2,1999,104.800003051758,206.899993896484
"Arkansas",2,2000,99.4000015258789,279.299987792969
"California",3,1970,123,38.7999992370605
"California",3,1971,121,39.7000007629395
"California",3,1972,123.5,39.9000015258789
"California",3,1973,124.400001525879,39.9000015258789
"California",3,1974,126.699996948242,41.9000015258789
"California",3,1975,127.099998474121,45
"California",3,1976,128,48.2999992370605
"California",3,1977,126.400001525879,49
"California",3,1978,126.099998474121,58.7000007629395
"California",3,1979,121.900001525879,60.0999984741211
"California",3,1980,120.199996948242,62.0999984741211
"California",3,1981,118.599998474121,66.4000015258789
"California",3,1982,115.400001525879,72.8000030517578
"California",3,1983,110.800003051758,84.9000015258789
"California",3,1984,104.800003051758,94.9000015258789
"California",3,1985,102.800003051758,98
"California",3,1986,99.6999969482422,104.400001525879
"California",3,1987,97.5,103.900001525879
"California",3,1988,90.0999984741211,117.400001525879
"California",3,1989,82.4000015258789,126.400001525879
"California",3,1990,77.8000030517578,163.800003051758
"California",3,1991,68.6999969482422,186.800003051758
"California",3,1992,67.5,201.899993896484
"California",3,1993,63.4000015258789,205.100006103516
"California",3,1994,58.5999984741211,190.300003051758
"California",3,1995,56.4000015258789,195.100006103516
"California",3,1996,54.5,197.899993896484
"California",3,1997,53.7999992370605,200.300003051758
"California",3,1998,52.2999992370605,207.800003051758
"California",3,1999,47.2000007629395,224.899993896484
"California",3,2000,41.5999984741211,351.200012207031
"Colorado",4,1970,124.800003051758,29.3999996185303
"Colorado",4,1971,125.5,31.1000003814697
"Colorado",4,1972,134.300003051758,31.2000007629395
"Colorado",4,1973,137.899993896484,32.7000007629395
"Colorado",4,1974,132.800003051758,38.0999984741211
"Colorado",4,1975,131,41.7000007629395
"Colorado",4,1976,134.199996948242,44.7999992370605
"Colorado",4,1977,132,44.7000007629395
"Colorado",4,1978,129.199996948242,57.4000015258789
"Colorado",4,1979,131.5,52.7999992370605
"Colorado",4,1980,131,54.5999984741211
"Colorado",4,1981,133.800003051758,58.0999984741211
"Colorado",4,1982,130.5,61.4000015258789
"Colorado",4,1983,125.300003051758,73.3000030517578
"Colorado",4,1984,119.699996948242,83.4000015258789
"Colorado",4,1985,112.400001525879,93.0999984741211
"Colorado",4,1986,109.900001525879,95.0999984741211
"Colorado",4,1987,102.400001525879,108.599998474121
"Colorado",4,1988,94.5999984741211,116
"Colorado",4,1989,88.8000030517578,130.800003051758
"Colorado",4,1990,87.4000015258789,149.300003051758
"Colorado",4,1991,90.1999969482422,152.600006103516
"Colorado",4,1992,88.3000030517578,157.5
"Colorado",4,1993,88.5999984741211,168.199996948242
"Colorado",4,1994,89.0999984741211,153.199996948242
"Colorado",4,1995,85.4000015258789,164.199996948242
"Colorado",4,1996,83.0999984741211,169.600006103516
"Colorado",4,1997,81.3000030517578,174.399993896484
"Colorado",4,1998,81.1999969482422,185.800003051758
"Colorado",4,1999,79.5999984741211,204.199996948242
"Colorado",4,2000,73,281.299987792969
"Connecticut",5,1970,120,42.2000007629395
"Connecticut",5,1971,117.599998474121,45.5
"Connecticut",5,1972,110.800003051758,51.2999992370605
"Connecticut",5,1973,109.300003051758,50.5999984741211
"Connecticut",5,1974,112.400001525879,52.5
"Connecticut",5,1975,110.199996948242,54.5
"Connecticut",5,1976,113.400001525879,57.5999984741211
"Connecticut",5,1977,117.300003051758,58.4000015258789
"Connecticut",5,1978,117.5,61.7000007629395
"Connecticut",5,1979,117.400001525879,64.4000015258789
"Connecticut",5,1980,118,67
"Connecticut",5,1981,116.400001525879,80.0999984741211
"Connecticut",5,1982,114.699996948242,85.5999984741211
"Connecticut",5,1983,114.099998474121,95.5999984741211
"Connecticut",5,1984,112.5,113.5
"Connecticut",5,1985,111,118.599998474121
"Connecticut",5,1986,108.5,118.5
"Connecticut",5,1987,109,122.699996948242
"Connecticut",5,1988,104.800003051758,129.699996948242
"Connecticut",5,1989,100.599998474121,142
"Connecticut",5,1990,91.5,171.199996948242
"Connecticut",5,1991,86.6999969482422,175.600006103516
"Connecticut",5,1992,83.5,193.5
"Connecticut",5,1993,79.0999984741211,202.300003051758
"Connecticut",5,1994,76.5999984741211,205.600006103516
"Connecticut",5,1995,79.3000030517578,205.399993896484
"Connecticut",5,1996,76,206.300003051758
"Connecticut",5,1997,75.9000015258789,208.5
"Connecticut",5,1998,75.5,217.899993896484
"Connecticut",5,1999,73.4000015258789,236.5
"Connecticut",5,2000,71.4000015258789,312.299987792969
"Delaware",6,1970,155,39
"Delaware",6,1971,161.100006103516,41.2999992370605
"Delaware",6,1972,156.300003051758,44.7000007629395
"Delaware",6,1973,154.699996948242,44
"Delaware",6,1974,151.300003051758,44.2000007629395
"Delaware",6,1975,147.600006103516,45.9000015258789
"Delaware",6,1976,153,50.0999984741211
"Delaware",6,1977,153.300003051758,51.7000007629395
"Delaware",6,1978,155.5,58.7000007629395
"Delaware",6,1979,150.199996948242,60
"Delaware",6,1980,150.5,62.7000007629395
"Delaware",6,1981,152.600006103516,66
"Delaware",6,1982,154.100006103516,74.0999984741211
"Delaware",6,1983,149.600006103516,82
"Delaware",6,1984,144,91.0999984741211
"Delaware",6,1985,144.5,98.6999969482422
"Delaware",6,1986,142.399993896484,105.199996948242
"Delaware",6,1987,141,111.400001525879
"Delaware",6,1988,137.100006103516,119.300003051758
"Delaware",6,1989,131.699996948242,124
"Delaware",6,1990,127.199996948242,140
"Delaware",6,1991,118.800003051758,143.199996948242
"Delaware",6,1992,120,174.699996948242
"Delaware",6,1993,123.800003051758,187.899993896484
"Delaware",6,1994,126.099998474121,152.5
"Delaware",6,1995,127.199996948242,160.699996948242
"Delaware",6,1996,128.300003051758,169.100006103516
"Delaware",6,1997,124.099998474121,171.899993896484
"Delaware",6,1998,132.800003051758,179.199996948242
"Delaware",6,1999,139.5,198.300003051758
"Delaware",6,2000,140.699996948242,276.200012207031
"Georgia",7,1970,109.900001525879,34.2999992370605
"Georgia",7,1971,115.699996948242,35.7999992370605
"Georgia",7,1972,117,40.9000015258789
"Georgia",7,1973,119.800003051758,42.4000015258789
"Georgia",7,1974,123.699996948242,42.4000015258789
"Georgia",7,1975,122.900001525879,44.5
"Georgia",7,1976,125.900001525879,47.9000015258789
"Georgia",7,1977,127.900001525879,49.5
"Georgia",7,1978,130.600006103516,54.7000007629395
"Georgia",7,1979,131,56.5999984741211
"Georgia",7,1980,134,59.2999992370605
"Georgia",7,1981,131.699996948242,62.5999984741211
"Georgia",7,1982,131.199996948242,67.8000030517578
"Georgia",7,1983,128.600006103516,78.9000015258789
"Georgia",7,1984,126.300003051758,86.8000030517578
"Georgia",7,1985,128.800003051758,90.6999969482422
"Georgia",7,1986,129,100.099998474121
"Georgia",7,1987,129.300003051758,103.900001525879
"Georgia",7,1988,124.099998474121,109.199996948242
"Georgia",7,1989,117.099998474121,122.400001525879
"Georgia",7,1990,113.800003051758,132.300003051758
"Georgia",7,1991,109.599998474121,138.199996948242
"Georgia",7,1992,109.199996948242,159.5
"Georgia",7,1993,109.199996948242,167.199996948242
"Georgia",7,1994,107.800003051758,147.800003051758
"Georgia",7,1995,100.300003051758,153.800003051758
"Georgia",7,1996,102.699996948242,156.100006103516
"Georgia",7,1997,100.599998474121,158.899993896484
"Georgia",7,1998,100.5,168.699996948242
"Georgia",7,1999,97.0999984741211,188
"Georgia",7,2000,88.4000015258789,257.399993896484
"Idaho",8,1970,102.400001525879,33.7999992370605
"Idaho",8,1971,108.5,33.5999984741211
"Idaho",8,1972,126.099998474121,33.7000007629395
"Idaho",8,1973,121.800003051758,36.2999992370605
"Idaho",8,1974,125.599998474121,38
"Idaho",8,1975,123.300003051758,40.2999992370605
"Idaho",8,1976,125.099998474121,42.5
"Idaho",8,1977,125,45.5999984741211
"Idaho",8,1978,122.800003051758,51.5
"Idaho",8,1979,117.5,55.4000015258789
"Idaho",8,1980,115.199996948242,56.4000015258789
"Idaho",8,1981,114.099998474121,59.2000007629395
"Idaho",8,1982,111.5,67.5999984741211
"Idaho",8,1983,111.300003051758,76.5
"Idaho",8,1984,103.599998474121,88.5
"Idaho",8,1985,100.699996948242,97.5999984741211
"Idaho",8,1986,96.6999969482422,99.9000015258789
"Idaho",8,1987,95,107.099998474121
"Idaho",8,1988,84.5,121.900001525879
"Idaho",8,1989,78.4000015258789,133.600006103516
"Idaho",8,1990,90.0999984741211,141.300003051758
"Idaho",8,1991,85.4000015258789,144.399993896484
"Idaho",8,1992,85.0999984741211,167.199996948242
"Idaho",8,1993,86.6999969482422,171.199996948242
"Idaho",8,1994,93,150.5
"Idaho",8,1995,78.1999969482422,163.5
"Idaho",8,1996,73.5999984741211,176.5
"Idaho",8,1997,75,184.399993896484
"Idaho",8,1998,78.9000015258789,187.100006103516
"Idaho",8,1999,75.0999984741211,210.699996948242
"Idaho",8,2000,66.9000015258789,275.899993896484
"Illinois",9,1970,124.800003051758,41.4000015258789
"Illinois",9,1971,125.599998474121,41.4000015258789
"Illinois",9,1972,126.599998474121,41.9000015258789
"Illinois",9,1973,124.400001525879,41
"Illinois",9,1974,131.899993896484,41.9000015258789
"Illinois",9,1975,131.800003051758,45.2000007629395
"Illinois",9,1976,134.399993896484,48.4000015258789
"Illinois",9,1977,134,49.4000015258789
"Illinois",9,1978,136.699996948242,54.5999984741211
"Illinois",9,1979,135.300003051758,56.7999992370605
"Illinois",9,1980,135.199996948242,60
"Illinois",9,1981,133,63.0999984741211
"Illinois",9,1982,130.699996948242,69.5999984741211
"Illinois",9,1983,127.900001525879,80.8000030517578
"Illinois",9,1984,124,89.5999984741211
"Illinois",9,1985,121.599998474121,96.6999969482422
"Illinois",9,1986,118.199996948242,108.400001525879
"Illinois",9,1987,109.5,116.199996948242
"Illinois",9,1988,107.599998474121,124.099998474121
"Illinois",9,1989,104.599998474121,132.699996948242
"Illinois",9,1990,94.0999984741211,147.300003051758
"Illinois",9,1991,96.0999984741211,154
"Illinois",9,1992,94.8000030517578,179.800003051758
"Illinois",9,1993,94.5999984741211,187.5
"Illinois",9,1994,85.6999969482422,182.100006103516
"Illinois",9,1995,84.3000030517578,185.199996948242
"Illinois",9,1996,81.8000030517578,188.699996948242
"Illinois",9,1997,79.5999984741211,198.699996948242
"Illinois",9,1998,80.3000030517578,202.300003051758
"Illinois",9,1999,72.1999969482422,240.5
"Illinois",9,2000,70,312.700012207031
"Indiana",10,1970,134.600006103516,30.6000003814697
"Indiana",10,1971,139.300003051758,32.2000007629395
"Indiana",10,1972,149.199996948242,32.5
"Indiana",10,1973,156,32.9000015258789
"Indiana",10,1974,159.600006103516,34.5
"Indiana",10,1975,162.399993896484,36.7000007629395
"Indiana",10,1976,166.600006103516,38.7000007629395
"Indiana",10,1977,173,40.5999984741211
"Indiana",10,1978,150.899993896484,50
"Indiana",10,1979,148.899993896484,52.5
"Indiana",10,1980,146.899993896484,53.7000007629395
"Indiana",10,1981,148.5,58.2999992370605
"Indiana",10,1982,147.699996948242,65.0999984741211
"Indiana",10,1983,143,75.6999969482422
"Indiana",10,1984,137.800003051758,85.1999969482422
"Indiana",10,1985,135.300003051758,88.8000030517578
"Indiana",10,1986,137.600006103516,93.5999984741211
"Indiana",10,1987,134,100.099998474121
"Indiana",10,1988,134,109.300003051758
"Indiana",10,1989,132.5,119
"Indiana",10,1990,128.300003051758,130.800003051758
"Indiana",10,1991,127.199996948242,135.800003051758
"Indiana",10,1992,128.199996948242,153.5
"Indiana",10,1993,126.800003051758,157.5
"Indiana",10,1994,128.199996948242,146.600006103516
"Indiana",10,1995,135.399993896484,146.300003051758
"Indiana",10,1996,135.100006103516,147.800003051758
"Indiana",10,1997,135.300003051758,156.300003051758
"Indiana",10,1998,135.899993896484,166.800003051758
"Indiana",10,1999,133.300003051758,190
"Indiana",10,2000,125.5,260.200012207031
"Iowa",11,1970,108.5,37.7000007629395
"Iowa",11,1971,108.400001525879,38.5
"Iowa",11,1972,109.400001525879,41.9000015258789
"Iowa",11,1973,110.599998474121,41.9000015258789
"Iowa",11,1974,116.099998474121,43.2000007629395
"Iowa",11,1975,120.5,45.4000015258789
"Iowa",11,1976,124.400001525879,47.7999992370605
"Iowa",11,1977,125.5,49.4000015258789
"Iowa",11,1978,127.099998474121,54.5999984741211
"Iowa",11,1979,124.199996948242,56.4000015258789
"Iowa",11,1980,124.599998474121,58.7999992370605
"Iowa",11,1981,132.899993896484,61.4000015258789
"Iowa",11,1982,116.199996948242,72.8000030517578
"Iowa",11,1983,115.599998474121,84
"Iowa",11,1984,111.199996948242,93.3000030517578
"Iowa",11,1985,109.400001525879,99.5
"Iowa",11,1986,104.099998474121,104.800003051758
"Iowa",11,1987,101.099998474121,117.099998474121
"Iowa",11,1988,100.199996948242,124.199996948242
"Iowa",11,1989,94.4000015258789,145.100006103516
"Iowa",11,1990,95.4000015258789,149.600006103516
"Iowa",11,1991,97.0999984741211,155.399993896484
"Iowa",11,1992,95.1999969482422,178.5
"Iowa",11,1993,92.5,189.699996948242
"Iowa",11,1994,93.4000015258789,171.399993896484
"Iowa",11,1995,93,179
"Iowa",11,1996,94,183.800003051758
"Iowa",11,1997,93.9000015258789,189.300003051758
"Iowa",11,1998,94,193.800003051758
"Iowa",11,1999,91.6999969482422,213
"Iowa",11,2000,88.9000015258789,286.299987792969
"Kansas",12,1970,114,34.2000007629395
"Kansas",12,1971,102.800003051758,38.9000015258789
"Kansas",12,1972,111,38.7999992370605
"Kansas",12,1973,115.199996948242,39.2999992370605
"Kansas",12,1974,118.599998474121,40.2000007629395
"Kansas",12,1975,123.400001525879,42.7000007629395
"Kansas",12,1976,127.699996948242,46.5999984741211
"Kansas",12,1977,127.900001525879,48.0999984741211
"Kansas",12,1978,127.099998474121,52.5999984741211
"Kansas",12,1979,126.400001525879,54.7999992370605
"Kansas",12,1980,127.099998474121,58.2999992370605
"Kansas",12,1981,132,59.7999992370605
"Kansas",12,1982,130.899993896484,65.0999984741211
"Kansas",12,1983,127.599998474121,77
"Kansas",12,1984,121.699996948242,91
"Kansas",12,1985,115.699996948242,97.5
"Kansas",12,1986,109.400001525879,103
"Kansas",12,1987,105.199996948242,114.5
"Kansas",12,1988,103.199996948242,123.900001525879
"Kansas",12,1989,96.5,136.5
"Kansas",12,1990,94.3000030517578,145.800003051758
"Kansas",12,1991,91.8000030517578,152.699996948242
"Kansas",12,1992,90,174.199996948242
"Kansas",12,1993,89.9000015258789,174.199996948242
"Kansas",12,1994,89.0999984741211,159.600006103516
"Kansas",12,1995,90.0999984741211,165.699996948242
"Kansas",12,1996,88.6999969482422,167.699996948242
"Kansas",12,1997,89.1999969482422,171.300003051758
"Kansas",12,1998,87.5999984741211,184.300003051758
"Kansas",12,1999,83.3000030517578,207
"Kansas",12,2000,79.8000030517578,271.200012207031
"Kentucky",13,1970,155.800003051758,28.2999992370605
"Kentucky",13,1971,163.5,30.1000003814697
"Kentucky",13,1972,179.399993896484,30.6000003814697
"Kentucky",13,1973,201.899993896484,30.6000003814697
"Kentucky",13,1974,212.399993896484,31.5
"Kentucky",13,1975,223,33.2999992370605
"Kentucky",13,1976,230.899993896484,36
"Kentucky",13,1977,229.399993896484,36.9000015258789
"Kentucky",13,1978,224.699996948242,41.4000015258789
"Kentucky",13,1979,214.899993896484,43.4000015258789
"Kentucky",13,1980,215.300003051758,46.2999992370605
"Kentucky",13,1981,209.699996948242,49.4000015258789
"Kentucky",13,1982,210.600006103516,56.2999992370605
"Kentucky",13,1983,201.100006103516,66.4000015258789
"Kentucky",13,1984,183.199996948242,75.4000015258789
"Kentucky",13,1985,182.399993896484,79.3000030517578
"Kentucky",13,1986,179.800003051758,85.4000015258789
"Kentucky",13,1987,171.199996948242,90.5
"Kentucky",13,1988,173.199996948242,94.4000015258789
"Kentucky",13,1989,171.600006103516,103.800003051758
"Kentucky",13,1990,182.5,115.599998474121
"Kentucky",13,1991,170.399993896484,120.5
"Kentucky",13,1992,167.600006103516,135.800003051758
"Kentucky",13,1993,167.600006103516,145.399993896484
"Kentucky",13,1994,170.100006103516,132.800003051758
"Kentucky",13,1995,175.300003051758,134.800003051758
"Kentucky",13,1996,179,139.800003051758
"Kentucky",13,1997,186.800003051758,145.600006103516
"Kentucky",13,1998,171.300003051758,155.699996948242
"Kentucky",13,1999,165.300003051758,179.199996948242
"Kentucky",13,2000,156.199996948242,243.399993896484
"Louisiana",14,1970,115.900001525879,34.2999992370605
"Louisiana",14,1971,119.800003051758,39.2999992370605
"Louisiana",14,1972,125.300003051758,40
"Louisiana",14,1973,126.699996948242,39.9000015258789
"Louisiana",14,1974,129.899993896484,41.5999984741211
"Louisiana",14,1975,133.600006103516,44.2999992370605
"Louisiana",14,1976,139.600006103516,48.0999984741211
"Louisiana",14,1977,140,48.9000015258789
"Louisiana",14,1978,142.699996948242,54.2000007629395
"Louisiana",14,1979,140.100006103516,57.0999984741211
"Louisiana",14,1980,143.800003051758,60
"Louisiana",14,1981,144,62.5999984741211
"Louisiana",14,1982,143.899993896484,70.3000030517578
"Louisiana",14,1983,133.699996948242,80.6999969482422
"Louisiana",14,1984,128.899993896484,90.6999969482422
"Louisiana",14,1985,125,103
"Louisiana",14,1986,121.199996948242,105.099998474121
"Louisiana",14,1987,116.5,117.800003051758
"Louisiana",14,1988,110.900001525879,120.400001525879
"Louisiana",14,1989,103.599998474121,130.699996948242
"Louisiana",14,1990,101.5,143.399993896484
"Louisiana",14,1991,107.199996948242,149.600006103516
"Louisiana",14,1992,108.5,178.100006103516
"Louisiana",14,1993,106.199996948242,180.5
"Louisiana",14,1994,105.300003051758,157.399993896484
"Louisiana",14,1995,105.699996948242,155.800003051758
"Louisiana",14,1996,106.800003051758,165.300003051758
"Louisiana",14,1997,105.300003051758,166.899993896484
"Louisiana",14,1998,103.199996948242,185.899993896484
"Louisiana",14,1999,101,208
"Louisiana",14,2000,104.300003051758,281.200012207031
"Maine",15,1970,128.5,38
"Maine",15,1971,133.199996948242,38.7999992370605
"Maine",15,1972,136.5,41.5
"Maine",15,1973,138,41
"Maine",15,1974,142.100006103516,41.7999992370605
"Maine",15,1975,140.699996948242,46.7000007629395
"Maine",15,1976,144.899993896484,49.9000015258789
"Maine",15,1977,145.600006103516,50.9000015258789
"Maine",15,1978,143.899993896484,55
"Maine",15,1979,138.5,54.5
"Maine",15,1980,141.199996948242,59
"Maine",15,1981,138.899993896484,62.9000015258789
"Maine",15,1982,139.5,69.6999969482422
"Maine",15,1983,135.399993896484,80.8000030517578
"Maine",15,1984,135.5,93.6999969482422
"Maine",15,1985,127.900001525879,98.0999984741211
"Maine",15,1986,119,112.699996948242
"Maine",15,1987,125,121.199996948242
"Maine",15,1988,125,129
"Maine",15,1989,122.400001525879,144.399993896484
"Maine",15,1990,117.5,160.100006103516
"Maine",15,1991,116.099998474121,165.800003051758
"Maine",15,1992,114.5,187.699996948242
"Maine",15,1993,108.5,192.600006103516
"Maine",15,1994,101.599998474121,178.300003051758
"Maine",15,1995,102.300003051758,184.899993896484
"Maine",15,1996,100,186.899993896484
"Maine",15,1997,101.099998474121,190.199996948242
"Maine",15,1998,94.5,219.600006103516
"Maine",15,1999,85.5,267.799987792969
"Maine",15,2000,82.9000015258789,330.5
"Minnesota",16,1970,104.300003051758,39.0999984741211
"Minnesota",16,1971,116.400001525879,40.0999984741211
"Minnesota",16,1972,96.8000030517578,45.2000007629395
"Minnesota",16,1973,106.800003051758,45.5999984741211
"Minnesota",16,1974,110.599998474121,47
"Minnesota",16,1975,111.5,49.4000015258789
"Minnesota",16,1976,116.699996948242,52.0999984741211
"Minnesota",16,1977,117.199996948242,53.0999984741211
"Minnesota",16,1978,118.900001525879,57.9000015258789
"Minnesota",16,1979,118.300003051758,60.9000015258789
"Minnesota",16,1980,117.699996948242,63
"Minnesota",16,1981,120.800003051758,65.8000030517578
"Minnesota",16,1982,119.400001525879,71.6999969482422
"Minnesota",16,1983,113.199996948242,87.3000030517578
"Minnesota",16,1984,110.800003051758,99.1999969482422
"Minnesota",16,1985,113,101.5
"Minnesota",16,1986,104.300003051758,116.300003051758
"Minnesota",16,1987,108.800003051758,120.099998474121
"Minnesota",16,1988,94.0999984741211,141.699996948242
"Minnesota",16,1989,92.3000030517578,152.5
"Minnesota",16,1990,90.6999969482422,162.300003051758
"Minnesota",16,1991,86.1999969482422,173.899993896484
"Minnesota",16,1992,83.8000030517578,197.699996948242
"Minnesota",16,1993,81.5999984741211,215.600006103516
"Minnesota",16,1994,83.4000015258789,196.100006103516
"Minnesota",16,1995,84.0999984741211,202.199996948242
"Minnesota",16,1996,81.6999969482422,208.600006103516
"Minnesota",16,1997,84.0999984741211,216.800003051758
"Minnesota",16,1998,83.1999969482422,220.199996948242
"Minnesota",16,1999,80.6999969482422,227.399993896484
"Minnesota",16,2000,76,303.600006103516
"Mississippi",17,1970,93.4000015258789,36.2000007629395
"Mississippi",17,1971,105.400001525879,37.5
"Mississippi",17,1972,112.099998474121,37.4000015258789
"Mississippi",17,1973,115,37.2999992370605
"Mississippi",17,1974,117.099998474121,41.4000015258789
"Mississippi",17,1975,116.800003051758,43
"Mississippi",17,1976,120.900001525879,46.4000015258789
"Mississippi",17,1977,122.099998474121,48.7999992370605
"Mississippi",17,1978,124.900001525879,53.5999984741211
"Mississippi",17,1979,123.900001525879,56.5
"Mississippi",17,1980,127,59.7000007629395
"Mississippi",17,1981,125.300003051758,63
"Mississippi",17,1982,125.800003051758,69.1999969482422
"Mississippi",17,1983,122.300003051758,78.5999984741211
"Mississippi",17,1984,116.400001525879,89
"Mississippi",17,1985,115.300003051758,96.4000015258789
"Mississippi",17,1986,113.199996948242,106
"Mississippi",17,1987,110,115.800003051758
"Mississippi",17,1988,109,122.599998474121
"Mississippi",17,1989,108.300003051758,125.800003051758
"Mississippi",17,1990,101.800003051758,139.899993896484
"Mississippi",17,1991,105.599998474121,142.699996948242
"Mississippi",17,1992,103.900001525879,160.800003051758
"Mississippi",17,1993,105.400001525879,177.800003051758
"Mississippi",17,1994,106,156.899993896484
"Mississippi",17,1995,107.5,153.899993896484
"Mississippi",17,1996,106.900001525879,161.199996948242
"Mississippi",17,1997,106.300003051758,168.600006103516
"Mississippi",17,1998,107,175.800003051758
"Mississippi",17,1999,103.900001525879,199.5
"Mississippi",17,2000,97.1999969482422,272
"Missouri",18,1970,121.300003051758,36
"Missouri",18,1971,127.599998474121,36.7999992370605
"Missouri",18,1972,130,37.7000007629395
"Missouri",18,1973,132.100006103516,37.7000007629395
"Missouri",18,1974,135.399993896484,38
"Missouri",18,1975,135.600006103516,43.5
"Missouri",18,1976,139.5,44.7000007629395
"Missouri",18,1977,140.800003051758,45.9000015258789
"Missouri",18,1978,141.800003051758,49.9000015258789
"Missouri",18,1979,140.199996948242,52.2000007629395
"Missouri",18,1980,142.100006103516,57.2999992370605
"Missouri",18,1981,140.5,59.9000015258789
"Missouri",18,1982,139.699996948242,64.6999969482422
"Missouri",18,1983,134.100006103516,74.8000030517578
"Missouri",18,1984,130,84.8000030517578
"Missouri",18,1985,129.199996948242,93.6999969482422
"Missouri",18,1986,128.800003051758,101.900001525879
"Missouri",18,1987,128.699996948242,108.5
"Missouri",18,1988,127.400001525879,114.599998474121
"Missouri",18,1989,122.800003051758,118.900001525879
"Missouri",18,1990,119.099998474121,129.100006103516
"Missouri",18,1991,119.900001525879,132.5
"Missouri",18,1992,122.300003051758,153.100006103516
"Missouri",18,1993,121.599998474121,157.600006103516
"Missouri",18,1994,119.400001525879,146.800003051758
"Missouri",18,1995,124,150.300003051758
"Missouri",18,1996,124.099998474121,159.800003051758
"Missouri",18,1997,120.599998474121,163.399993896484
"Missouri",18,1998,120.099998474121,173.800003051758
"Missouri",18,1999,118,197
"Missouri",18,2000,113.800003051758,258.799987792969
"Montana",19,1970,111.199996948242,34
"Montana",19,1971,115.599998474121,34.7000007629395
"Montana",19,1972,122.199996948242,40.0999984741211
"Montana",19,1973,119.900001525879,40.9000015258789
"Montana",19,1974,121.900001525879,41.7999992370605
"Montana",19,1975,123.699996948242,43.7000007629395
"Montana",19,1976,124.900001525879,45.2999992370605
"Montana",19,1977,127,47.5999984741211
"Montana",19,1978,127.199996948242,51.9000015258789
"Montana",19,1979,120.300003051758,53.7000007629395
"Montana",19,1980,122,56.7000007629395
"Montana",19,1981,121.099998474121,60.4000015258789
"Montana",19,1982,122.400001525879,65.6999969482422
"Montana",19,1983,113.699996948242,77.1999969482422
"Montana",19,1984,110.099998474121,91.3000030517578
"Montana",19,1985,103.599998474121,95.5
"Montana",19,1986,97.8000030517578,102
"Montana",19,1987,91.6999969482422,106.199996948242
"Montana",19,1988,87.0999984741211,115.300003051758
"Montana",19,1989,86.1999969482422,123
"Montana",19,1990,84.6999969482422,140.399993896484
"Montana",19,1991,82.9000015258789,143.600006103516
"Montana",19,1992,86.5999984741211,163.5
"Montana",19,1993,86,179.399993896484
"Montana",19,1994,88.1999969482422,151.300003051758
"Montana",19,1995,90.5,155.399993896484
"Montana",19,1996,87.3000030517578,156.800003051758
"Montana",19,1997,88.9000015258789,164.899993896484
"Montana",19,1998,89.0999984741211,175.399993896484
"Montana",19,1999,82.5999984741211,196.199996948242
"Montana",19,2000,75.5,260.700012207031
"Nebraska",20,1970,108.099998474121,33.9000015258789
"Nebraska",20,1971,108.599998474121,34.7000007629395
"Nebraska",20,1972,104.900001525879,41.0999984741211
"Nebraska",20,1973,106.599998474121,41.2000007629395
"Nebraska",20,1974,110.5,42
"Nebraska",20,1975,114.099998474121,44.5999984741211
"Nebraska",20,1976,118.099998474121,46.7999992370605
"Nebraska",20,1977,117.699996948242,48.0999984741211
"Nebraska",20,1978,117.400001525879,53.5999984741211
"Nebraska",20,1979,116.099998474121,55.4000015258789
"Nebraska",20,1980,116.300003051758,59.5
"Nebraska",20,1981,117,60.9000015258789
"Nebraska",20,1982,117.099998474121,69.6999969482422
"Nebraska",20,1983,110.800003051758,83.6999969482422
"Nebraska",20,1984,107.699996948242,94.8000030517578
"Nebraska",20,1985,105.099998474121,95.8000030517578
"Nebraska",20,1986,103.099998474121,104
"Nebraska",20,1987,101.300003051758,113.699996948242
"Nebraska",20,1988,92.9000015258789,123.300003051758
"Nebraska",20,1989,93.8000030517578,139.300003051758
"Nebraska",20,1990,89.9000015258789,143.399993896484
"Nebraska",20,1991,92.4000015258789,152.199996948242
"Nebraska",20,1992,90.5999984741211,169.5
"Nebraska",20,1993,91.0999984741211,177.199996948242
"Nebraska",20,1994,85.9000015258789,169.600006103516
"Nebraska",20,1995,88.5,170.699996948242
"Nebraska",20,1996,86.1999969482422,175.5
"Nebraska",20,1997,85.5,184.800003051758
"Nebraska",20,1998,83.0999984741211,194.600006103516
"Nebraska",20,1999,86.5999984741211,214.600006103516
"Nebraska",20,2000,77.5999984741211,288.299987792969
"Nevada",21,1970,189.5,38.9000015258789
"Nevada",21,1971,190.5,44
"Nevada",21,1972,198.600006103516,40.5999984741211
"Nevada",21,1973,201.5,40.2999992370605
"Nevada",21,1974,204.699996948242,41.9000015258789
"Nevada",21,1975,205.199996948242,44.5
"Nevada",21,1976,201.399993896484,44.9000015258789
"Nevada",21,1977,190.800003051758,49.2999992370605
"Nevada",21,1978,187,54.2999992370605
"Nevada",21,1979,183.300003051758,57.0999984741211
"Nevada",21,1980,177.699996948242,63.0999984741211
"Nevada",21,1981,171.899993896484,63.2999992370605
"Nevada",21,1982,165.100006103516,71.5999984741211
"Nevada",21,1983,159.199996948242,81.9000015258789
"Nevada",21,1984,136.600006103516,99.8000030517578
"Nevada",21,1985,146.699996948242,109.300003051758
"Nevada",21,1986,142.600006103516,106.599998474121
"Nevada",21,1987,147.699996948242,114
"Nevada",21,1988,141.899993896484,129.600006103516
"Nevada",21,1989,137.899993896484,145.600006103516
"Nevada",21,1990,137.300003051758,173.699996948242
"Nevada",21,1991,115.5,186.300003051758
"Nevada",21,1992,110,193.800003051758
"Nevada",21,1993,108.099998474121,196.800003051758
"Nevada",21,1994,105.199996948242,190.300003051758
"Nevada",21,1995,100.900001525879,190.399993896484
"Nevada",21,1996,99,195
"Nevada",21,1997,95.5999984741211,198.5
"Nevada",21,1998,102.400001525879,200.600006103516
"Nevada",21,1999,103.900001525879,225.800003051758
"Nevada",21,2000,93.1999969482422,303.5
"New Hampshire",22,1970,265.700012207031,31.3999996185303
"New Hampshire",22,1971,278,34.0999984741211
"New Hampshire",22,1972,296.200012207031,36.0999984741211
"New Hampshire",22,1973,279,36.9000015258789
"New Hampshire",22,1974,269.799987792969,37.9000015258789
"New Hampshire",22,1975,269.100006103516,40.7999992370605
"New Hampshire",22,1976,290.5,43.9000015258789
"New Hampshire",22,1977,278.799987792969,45
"New Hampshire",22,1978,269.600006103516,49.7000007629395
"New Hampshire",22,1979,254.600006103516,53.2000007629395
"New Hampshire",22,1980,247.800003051758,55.2999992370605
"New Hampshire",22,1981,245.399993896484,58.4000015258789
"New Hampshire",22,1982,239.800003051758,67
"New Hampshire",22,1983,232.899993896484,74.6999969482422
"New Hampshire",22,1984,215.100006103516,90.5
"New Hampshire",22,1985,201.100006103516,89.1999969482422
"New Hampshire",22,1986,195.899993896484,100
"New Hampshire",22,1987,195.100006103516,102
"New Hampshire",22,1988,180.399993896484,113.5
"New Hampshire",22,1989,172.899993896484,125.900001525879
"New Hampshire",22,1990,152.399993896484,135.899993896484
"New Hampshire",22,1991,144.800003051758,153.899993896484
"New Hampshire",22,1992,143.699996948242,164.399993896484
"New Hampshire",22,1993,148.899993896484,181.100006103516
"New Hampshire",22,1994,153.800003051758,157.800003051758
"New Hampshire",22,1995,158.5,163.899993896484
"New Hampshire",22,1996,158,168.600006103516
"New Hampshire",22,1997,174.399993896484,176.600006103516
"New Hampshire",22,1998,173.800003051758,197
"New Hampshire",22,1999,171.699996948242,222.800003051758
"New Hampshire",22,2000,147.300003051758,313.899993896484
"New Mexico",23,1970,90,39.7000007629395
"New Mexico",23,1971,92.5999984741211,41.7000007629395
"New Mexico",23,1972,99.3000030517578,41.0999984741211
"New Mexico",23,1973,98.9000015258789,41.7999992370605
"New Mexico",23,1974,100.300003051758,43.7000007629395
"New Mexico",23,1975,103.099998474121,46.2999992370605
"New Mexico",23,1976,102.400001525879,49.5
"New Mexico",23,1977,102.400001525879,51.5999984741211
"New Mexico",23,1978,103.099998474121,56
"New Mexico",23,1979,101,57.5999984741211
"New Mexico",23,1980,102.699996948242,62.5999984741211
"New Mexico",23,1981,103,63
"New Mexico",23,1982,97.5,69.4000015258789
"New Mexico",23,1983,96.3000030517578,79.5999984741211
"New Mexico",23,1984,88.9000015258789,90.1999969482422
"New Mexico",23,1985,88,97.5
"New Mexico",23,1986,88.1999969482422,101.199996948242
"New Mexico",23,1987,82.3000030517578,110.199996948242
"New Mexico",23,1988,77.6999969482422,113.699996948242
"New Mexico",23,1989,74.4000015258789,127.199996948242
"New Mexico",23,1990,70.8000030517578,133.600006103516
"New Mexico",23,1991,69.9000015258789,146.899993896484
"New Mexico",23,1992,71.4000015258789,165.399993896484
"New Mexico",23,1993,69,172.199996948242
"New Mexico",23,1994,68.1999969482422,158.399993896484
"New Mexico",23,1995,67,163.5
"New Mexico",23,1996,65.6999969482422,170.800003051758
"New Mexico",23,1997,61.7999992370605,176
"New Mexico",23,1998,62.5999984741211,183.800003051758
"New Mexico",23,1999,59.7000007629395,201.800003051758
"New Mexico",23,2000,53.7999992370605,279.799987792969
"North Carolina",24,1970,172.399993896484,27.2999992370605
"North Carolina",24,1971,187.600006103516,29.3999996185303
"North Carolina",24,1972,214.100006103516,28.7000007629395
"North Carolina",24,1973,226.5,28.8999996185303
"North Carolina",24,1974,227.300003051758,30.1000003814697
"North Carolina",24,1975,226,32.9000015258789
"North Carolina",24,1976,230.199996948242,35.7999992370605
"North Carolina",24,1977,217,36.5999984741211
"North Carolina",24,1978,205.5,41.7999992370605
"North Carolina",24,1979,197.300003051758,43.7000007629395
"North Carolina",24,1980,187.800003051758,47.2999992370605
"North Carolina",24,1981,179.300003051758,50
"North Carolina",24,1982,179,55.5
"North Carolina",24,1983,169.800003051758,66
"North Carolina",24,1984,160.600006103516,75
"North Carolina",24,1985,156.300003051758,78.9000015258789
"North Carolina",24,1986,154.399993896484,83.6999969482422
"North Carolina",24,1987,150.5,90.5999984741211
"North Carolina",24,1988,146,96
"North Carolina",24,1989,139.300003051758,107.599998474121
"North Carolina",24,1990,133.699996948242,116.400001525879
"North Carolina",24,1991,132.699996948242,126.599998474121
"North Carolina",24,1992,128.899993896484,145
"North Carolina",24,1993,129.699996948242,153.5
"North Carolina",24,1994,112.699996948242,135.899993896484
"North Carolina",24,1995,124.900001525879,142.300003051758
"North Carolina",24,1996,129.699996948242,145.600006103516
"North Carolina",24,1997,125.599998474121,152
"North Carolina",24,1998,126,167.600006103516
"North Carolina",24,1999,113.099998474121,186.800003051758
"North Carolina",24,2000,109,257.299987792969
"North Dakota",25,1970,93.8000030517578,37.2999992370605
"North Dakota",25,1971,98.5,38.9000015258789
"North Dakota",25,1972,103.800003051758,38.9000015258789
"North Dakota",25,1973,108.699996948242,39.4000015258789
"North Dakota",25,1974,110.5,39.9000015258789
"North Dakota",25,1975,117.900001525879,42.5999984741211
"North Dakota",25,1976,125.400001525879,45.9000015258789
"North Dakota",25,1977,122.199996948242,47.4000015258789
"North Dakota",25,1978,121.900001525879,53.2000007629395
"North Dakota",25,1979,121.300003051758,55
"North Dakota",25,1980,123.699996948242,59.5999984741211
"North Dakota",25,1981,125.699996948242,62
"North Dakota",25,1982,126.800003051758,67.8000030517578
"North Dakota",25,1983,119.599998474121,77.9000015258789
"North Dakota",25,1984,109.400001525879,94.4000015258789
"North Dakota",25,1985,103.199996948242,100.599998474121
"North Dakota",25,1986,99.8000030517578,104.199996948242
"North Dakota",25,1987,92.3000030517578,110.300003051758
"North Dakota",25,1988,87.0999984741211,123.300003051758
"North Dakota",25,1989,84.0999984741211,135.899993896484
"North Dakota",25,1990,77.0999984741211,144.300003051758
"North Dakota",25,1991,85.1999969482422,159.800003051758
"North Dakota",25,1992,74.3000030517578,168.300003051758
"North Dakota",25,1993,83,177.600006103516
"North Dakota",25,1994,81,180.100006103516
"North Dakota",25,1995,80.5999984741211,179.5
"North Dakota",25,1996,80.8000030517578,182.699996948242
"North Dakota",25,1997,77.5,194.100006103516
"North Dakota",25,1998,79.0999984741211,205.199996948242
"North Dakota",25,1999,74.6999969482422,223.600006103516
"North Dakota",25,2000,72.5,297.5
"Ohio",26,1970,121.599998474121,36.5999984741211
"Ohio",26,1971,124.599998474121,38.0999984741211
"Ohio",26,1972,124.400001525879,38.4000015258789
"Ohio",26,1973,120.5,42
"Ohio",26,1974,122.099998474121,42.9000015258789
"Ohio",26,1975,122.5,46
"Ohio",26,1976,124.599998474121,48.5
"Ohio",26,1977,127.300003051758,49.7999992370605
"Ohio",26,1978,131.300003051758,53.9000015258789
"Ohio",26,1979,130.899993896484,56.2999992370605
"Ohio",26,1980,133.5,58.7000007629395
"Ohio",26,1981,132.800003051758,61.4000015258789
"Ohio",26,1982,134,68.3000030517578
"Ohio",26,1983,130,82.5
"Ohio",26,1984,127.099998474121,89.1999969482422
"Ohio",26,1985,126.699996948242,92.1999969482422
"Ohio",26,1986,126.300003051758,98.0999984741211
"Ohio",26,1987,124.599998474121,102.199996948242
"Ohio",26,1988,122.400001525879,108.400001525879
"Ohio",26,1989,118.599998474121,120.5
"Ohio",26,1990,115.5,135.399993896484
"Ohio",26,1991,113.199996948242,139.800003051758
"Ohio",26,1992,112.300003051758,159.600006103516
"Ohio",26,1993,108.900001525879,162.5
"Ohio",26,1994,108.599998474121,151.199996948242
"Ohio",26,1995,111.699996948242,155.600006103516
"Ohio",26,1996,107.599998474121,159.699996948242
"Ohio",26,1997,108.599998474121,166.800003051758
"Ohio",26,1998,106.400001525879,172.899993896484
"Ohio",26,1999,104,193.199996948242
"Ohio",26,2000,99.9000015258789,265.399993896484
"Oklahoma",27,1970,108.400001525879,38.4000015258789
"Oklahoma",27,1971,115.400001525879,39.7999992370605
"Oklahoma",27,1972,121.699996948242,39.7999992370605
"Oklahoma",27,1973,124.099998474121,40.4000015258789
"Oklahoma",27,1974,130.5,41
"Oklahoma",27,1975,132.899993896484,43.5999984741211
"Oklahoma",27,1976,138.600006103516,46.4000015258789
"Oklahoma",27,1977,140.399993896484,47.9000015258789
"Oklahoma",27,1978,143.600006103516,53.0999984741211
"Oklahoma",27,1979,141.600006103516,55.5
"Oklahoma",27,1980,141.600006103516,62.9000015258789
"Oklahoma",27,1981,143.699996948242,65.8000030517578
"Oklahoma",27,1982,147,71.6999969482422
"Oklahoma",27,1983,140,83.9000015258789
"Oklahoma",27,1984,128.100006103516,93.3000030517578
"Oklahoma",27,1985,124.199996948242,95.0999984741211
"Oklahoma",27,1986,119.900001525879,104.599998474121
"Oklahoma",27,1987,113.099998474121,114.400001525879
"Oklahoma",27,1988,103.599998474121,122.599998474121
"Oklahoma",27,1989,97.5,133.399993896484
"Oklahoma",27,1990,88.4000015258789,146.100006103516
"Oklahoma",27,1991,87.8000030517578,149.100006103516
"Oklahoma",27,1992,86.3000030517578,170.600006103516
"Oklahoma",27,1993,86.1999969482422,182.399993896484
"Oklahoma",27,1994,104.800003051758,163.399993896484
"Oklahoma",27,1995,109.5,161.100006103516
"Oklahoma",27,1996,110.800003051758,162.699996948242
"Oklahoma",27,1997,111.800003051758,172
"Oklahoma",27,1998,112.199996948242,183.600006103516
"Oklahoma",27,1999,111.400001525879,203.399993896484
"Oklahoma",27,2000,108.900001525879,272.600006103516
"Pennsylvania",28,1970,107.300003051758,38.4000015258789
"Pennsylvania",28,1971,106.300003051758,44.7000007629395
"Pennsylvania",28,1972,109,44.7000007629395
"Pennsylvania",28,1973,110.699996948242,44.9000015258789
"Pennsylvania",28,1974,114.199996948242,46.5999984741211
"Pennsylvania",28,1975,114.599998474121,49.7999992370605
"Pennsylvania",28,1976,118.800003051758,52.2999992370605
"Pennsylvania",28,1977,120.099998474121,53.2999992370605
"Pennsylvania",28,1978,122.300003051758,57.4000015258789
"Pennsylvania",28,1979,122.599998474121,60.5999984741211
"Pennsylvania",28,1980,124,61.2999992370605
"Pennsylvania",28,1981,125.199996948242,64.8000030517578
"Pennsylvania",28,1982,123.300003051758,69.8000030517578
"Pennsylvania",28,1983,125.300003051758,81.6999969482422
"Pennsylvania",28,1984,115.300003051758,97.6999969482422
"Pennsylvania",28,1985,115.800003051758,100.099998474121
"Pennsylvania",28,1986,113.900001525879,104.900001525879
"Pennsylvania",28,1987,110.599998474121,110
"Pennsylvania",28,1988,107.599998474121,112.300003051758
"Pennsylvania",28,1989,107.099998474121,122.800003051758
"Pennsylvania",28,1990,101.300003051758,133.699996948242
"Pennsylvania",28,1991,102.5,144.100006103516
"Pennsylvania",28,1992,96.1999969482422,176.199996948242
"Pennsylvania",28,1993,94.6999969482422,183.800003051758
"Pennsylvania",28,1994,95.4000015258789,158.100006103516
"Pennsylvania",28,1995,95.4000015258789,161.699996948242
"Pennsylvania",28,1996,93.3000030517578,169.399993896484
"Pennsylvania",28,1997,92.9000015258789,176.5
"Pennsylvania",28,1998,92.0999984741211,190.899993896484
"Pennsylvania",28,1999,91.0999984741211,205
"Pennsylvania",28,2000,87.9000015258789,280.100006103516
"Rhode Island",29,1970,123.900001525879,39.2999992370605
"Rhode Island",29,1971,123.199996948242,40.2000007629395
"Rhode Island",29,1972,134.399993896484,41.5999984741211
"Rhode Island",29,1973,142,40.5999984741211
"Rhode Island",29,1974,146.100006103516,41.2999992370605
"Rhode Island",29,1975,154.699996948242,44.2999992370605
"Rhode Island",29,1976,150.199996948242,52.2000007629395
"Rhode Island",29,1977,148.800003051758,52.2999992370605
"Rhode Island",29,1978,146.800003051758,56.2999992370605
"Rhode Island",29,1979,145.800003051758,58.7000007629395
"Rhode Island",29,1980,149.300003051758,60
"Rhode Island",29,1981,151.199996948242,64.5
"Rhode Island",29,1982,146.300003051758,71.5999984741211
"Rhode Island",29,1983,135.800003051758,84
"Rhode Island",29,1984,136.899993896484,94.8000030517578
"Rhode Island",29,1985,133.399993896484,100.300003051758
"Rhode Island",29,1986,136.300003051758,101.800003051758
"Rhode Island",29,1987,124.400001525879,113.5
"Rhode Island",29,1988,138,121.5
"Rhode Island",29,1989,120.800003051758,134.800003051758
"Rhode Island",29,1990,101.400001525879,150.899993896484
"Rhode Island",29,1991,103.599998474121,170.300003051758
"Rhode Island",29,1992,100.099998474121,190
"Rhode Island",29,1993,94.0999984741211,197.899993896484
"Rhode Island",29,1994,91.9000015258789,168.899993896484
"Rhode Island",29,1995,90.8000030517578,209.600006103516
"Rhode Island",29,1996,87.5,214.899993896484
"Rhode Island",29,1997,90,217
"Rhode Island",29,1998,88.6999969482422,232.199996948242
"Rhode Island",29,1999,86.9000015258789,251.699996948242
"Rhode Island",29,2000,83.0999984741211,322.899993896484
"South Carolina",30,1970,103.599998474121,32.5
"South Carolina",30,1971,115,34.2999992370605
"South Carolina",30,1972,118.699996948242,34.0999984741211
"South Carolina",30,1973,125.5,33.5
"South Carolina",30,1974,129.699996948242,35.2000007629395
"South Carolina",30,1975,130.5,38.0999984741211
"South Carolina",30,1976,136.800003051758,41
"South Carolina",30,1977,137.199996948242,42.2000007629395
"South Carolina",30,1978,140.399993896484,49.2000007629395
"South Carolina",30,1979,135.699996948242,50.2000007629395
"South Carolina",30,1980,138.300003051758,52.2999992370605
"South Carolina",30,1981,136.100006103516,54.7000007629395
"South Carolina",30,1982,136,61.9000015258789
"South Carolina",30,1983,131.100006103516,72.4000015258789
"South Carolina",30,1984,127,81.3000030517578
"South Carolina",30,1985,125.400001525879,83
"South Carolina",30,1986,126.599998474121,88.6999969482422
"South Carolina",30,1987,126.599998474121,95.3000030517578
"South Carolina",30,1988,124.400001525879,99.9000015258789
"South Carolina",30,1989,122.400001525879,111.900001525879
"South Carolina",30,1990,118.599998474121,125.199996948242
"South Carolina",30,1991,121.5,129
"South Carolina",30,1992,112.800003051758,151.899993896484
"South Carolina",30,1993,115.199996948242,164.5
"South Carolina",30,1994,112.199996948242,139.100006103516
"South Carolina",30,1995,109.199996948242,140
"South Carolina",30,1996,102.900001525879,149.5
"South Carolina",30,1997,124.5,153.899993896484
"South Carolina",30,1998,126.900001525879,165.300003051758
"South Carolina",30,1999,109.400001525879,179.600006103516
"South Carolina",30,2000,103.900001525879,255.300003051758
"South Dakota",31,1970,92.6999969482422,38.5
"South Dakota",31,1971,96.6999969482422,38.5
"South Dakota",31,1972,103,39.0999984741211
"South Dakota",31,1973,103.5,39.5999984741211
"South Dakota",31,1974,108.400001525879,40.4000015258789
"South Dakota",31,1975,113.5,42.7999992370605
"South Dakota",31,1976,116.699996948242,45
"South Dakota",31,1977,115.599998474121,46.4000015258789
"South Dakota",31,1978,116.900001525879,53.2000007629395
"South Dakota",31,1979,117.400001525879,54.0999984741211
"South Dakota",31,1980,114.699996948242,58.7999992370605
"South Dakota",31,1981,115.699996948242,62.2999992370605
"South Dakota",31,1982,113,68
"South Dakota",31,1983,109.800003051758,78.8000030517578
"South Dakota",31,1984,105.699996948242,89.8000030517578
"South Dakota",31,1985,104.400001525879,92.3000030517578
"South Dakota",31,1986,97,108.5
"South Dakota",31,1987,95.8000030517578,113.699996948242
"South Dakota",31,1988,91.9000015258789,124.699996948242
"South Dakota",31,1989,87.4000015258789,130.100006103516
"South Dakota",31,1990,88.3000030517578,138.899993896484
"South Dakota",31,1991,91.8000030517578,150.300003051758
"South Dakota",31,1992,93,163
"South Dakota",31,1993,91.5999984741211,180.300003051758
"South Dakota",31,1994,94.8000030517578,154.399993896484
"South Dakota",31,1995,98.5999984741211,162.100006103516
"South Dakota",31,1996,92.3000030517578,171.199996948242
"South Dakota",31,1997,88.8000030517578,181.699996948242
"South Dakota",31,1998,88.3000030517578,192.800003051758
"South Dakota",31,1999,83.5,207.899993896484
"South Dakota",31,2000,75.0999984741211,272.899993896484
"Tennessee",32,1970,99.8000030517578,39.9000015258789
"Tennessee",32,1971,106.300003051758,41.5999984741211
"Tennessee",32,1972,111.5,41.5999984741211
"Tennessee",32,1973,109.699996948242,40.7999992370605
"Tennessee",32,1974,114.800003051758,42.5
"Tennessee",32,1975,117.400001525879,45.2999992370605
"Tennessee",32,1976,121.699996948242,48.2999992370605
"Tennessee",32,1977,124.599998474121,49.5999984741211
"Tennessee",32,1978,127.300003051758,54.7999992370605
"Tennessee",32,1979,127.199996948242,57.2999992370605
"Tennessee",32,1980,130.399993896484,60.2999992370605
"Tennessee",32,1981,129.100006103516,63.7000007629395
"Tennessee",32,1982,131.399993896484,68.3000030517578
"Tennessee",32,1983,129,79.0999984741211
"Tennessee",32,1984,125.099998474121,88.3000030517578
"Tennessee",32,1985,128.699996948242,92.5
"Tennessee",32,1986,129,98.8000030517578
"Tennessee",32,1987,130.600006103516,103.5
"Tennessee",32,1988,125.300003051758,112.099998474121
"Tennessee",32,1989,124.699996948242,121.5
"Tennessee",32,1990,121.800003051758,135
"Tennessee",32,1991,120.599998474121,137.399993896484
"Tennessee",32,1992,121,163.899993896484
"Tennessee",32,1993,120.800003051758,170.199996948242
"Tennessee",32,1994,118.800003051758,150.300003051758
"Tennessee",32,1995,125.400001525879,153
"Tennessee",32,1996,119.199996948242,155.899993896484
"Tennessee",32,1997,118.900001525879,161.100006103516
"Tennessee",32,1998,119.699996948242,167.699996948242
"Tennessee",32,1999,115.599998474121,189.5
"Tennessee",32,2000,108.699996948242,261.200012207031
"Texas",33,1970,106.400001525879,40.4000015258789
"Texas",33,1971,108.900001525879,42
"Texas",33,1972,108.599998474121,46.9000015258789
"Texas",33,1973,110.400001525879,46.4000015258789
"Texas",33,1974,114.699996948242,47.5
"Texas",33,1975,116,50.5999984741211
"Texas",33,1976,121.400001525879,53.2999992370605
"Texas",33,1977,124.199996948242,53.2999992370605
"Texas",33,1978,126.599998474121,59.0999984741211
"Texas",33,1979,126.400001525879,62.2000007629395
"Texas",33,1980,129.699996948242,63.7000007629395
"Texas",33,1981,129,66.9000015258789
"Texas",33,1982,131.199996948242,73.8000030517578
"Texas",33,1983,126.400001525879,84.0999984741211
"Texas",33,1984,117.199996948242,93.8000030517578
"Texas",33,1985,115.900001525879,102.099998474121
"Texas",33,1986,113.699996948242,105.5
"Texas",33,1987,105.800003051758,114.400001525879
"Texas",33,1988,96.5,128
"Texas",33,1989,94.5,137
"Texas",33,1990,85.5999984741211,145.699996948242
"Texas",33,1991,79.4000015258789,173.600006103516
"Texas",33,1992,77.1999969482422,186
"Texas",33,1993,81.3000030517578,204.600006103516
"Texas",33,1994,78.8000030517578,177.699996948242
"Texas",33,1995,75.1999969482422,185
"Texas",33,1996,74.5999984741211,188.399993896484
"Texas",33,1997,72.5999984741211,189.800003051758
"Texas",33,1998,73.1999969482422,201.800003051758
"Texas",33,1999,67.5999984741211,225
"Texas",33,2000,69.3000030517578,292.299987792969
"Utah",34,1970,65.5,34.5999984741211
"Utah",34,1971,67.6999969482422,36.5999984741211
"Utah",34,1972,71.3000030517578,37.2000007629395
"Utah",34,1973,72.6999969482422,36.5
"Utah",34,1974,75.5999984741211,37.7999992370605
"Utah",34,1975,75.8000030517578,40.5
"Utah",34,1976,77.9000015258789,43.4000015258789
"Utah",34,1977,78,44.7000007629395
"Utah",34,1978,79.5999984741211,49.5
"Utah",34,1979,79.0999984741211,53.7000007629395
"Utah",34,1980,74.8000030517578,57.2000007629395
"Utah",34,1981,77.5999984741211,62.7000007629395
"Utah",34,1982,73.5999984741211,68.0999984741211
"Utah",34,1983,69,82
"Utah",34,1984,66.3000030517578,95.3000030517578
"Utah",34,1985,66.5,104.599998474121
"Utah",34,1986,64.4000015258789,103.5
"Utah",34,1987,67.6999969482422,108.599998474121
"Utah",34,1988,55,122.900001525879
"Utah",34,1989,57,135.600006103516
"Utah",34,1990,53.4000015258789,151.899993896484
"Utah",34,1991,53.5,167.100006103516
"Utah",34,1992,55,170.100006103516
"Utah",34,1993,56.2000007629395,180.100006103516
"Utah",34,1994,55.7999992370605,160.399993896484
"Utah",34,1995,52,168.800003051758
"Utah",34,1996,54,174.899993896484
"Utah",34,1997,57,186.199996948242
"Utah",34,1998,42.2999992370605,222.699996948242
"Utah",34,1999,43.9000015258789,243.699996948242
"Utah",34,2000,40.7000007629395,312.899993896484
"Vermont",35,1970,122.599998474121,37.7000007629395
"Vermont",35,1971,124.400001525879,39.5
"Vermont",35,1972,138,40
"Vermont",35,1973,146.800003051758,39.7999992370605
"Vermont",35,1974,151.800003051758,41.2999992370605
"Vermont",35,1975,155.5,41.7999992370605
"Vermont",35,1976,171.100006103516,47.0999984741211
"Vermont",35,1977,169.399993896484,47
"Vermont",35,1978,162.399993896484,52.5
"Vermont",35,1979,160.899993896484,54.7999992370605
"Vermont",35,1980,161.600006103516,58.9000015258789
"Vermont",35,1981,163.800003051758,61
"Vermont",35,1982,162.300003051758,66.8000030517578
"Vermont",35,1983,153.800003051758,77
"Vermont",35,1984,144.300003051758,90.5999984741211
"Vermont",35,1985,144.5,95.5
"Vermont",35,1986,131.199996948242,104.900001525879
"Vermont",35,1987,128.300003051758,113.800003051758
"Vermont",35,1988,128.699996948242,123.699996948242
"Vermont",35,1989,120.900001525879,129.699996948242
"Vermont",35,1990,124.300003051758,143.699996948242
"Vermont",35,1991,120.900001525879,150.100006103516
"Vermont",35,1992,126.5,168
"Vermont",35,1993,117.199996948242,173.800003051758
"Vermont",35,1994,120.300003051758,159.600006103516
"Vermont",35,1995,123.199996948242,160.100006103516
"Vermont",35,1996,102.5,196.399993896484
"Vermont",35,1997,97.6999969482422,201.899993896484
"Vermont",35,1998,97,213.899993896484
"Vermont",35,1999,94.0999984741211,233.699996948242
"Vermont",35,2000,88.9000015258789,301.100006103516
"Virginia",36,1970,124.300003051758,28.7999992370605
"Virginia",36,1971,128.399993896484,30.2000007629395
"Virginia",36,1972,137,29.8999996185303
"Virginia",36,1973,143.100006103516,30.1000003814697
"Virginia",36,1974,149.600006103516,31.2999992370605
"Virginia",36,1975,152.699996948242,33.5999984741211
"Virginia",36,1976,158.100006103516,37.9000015258789
"Virginia",36,1977,157.699996948242,38.4000015258789
"Virginia",36,1978,155.899993896484,42.7999992370605
"Virginia",36,1979,151.800003051758,45.7999992370605
"Virginia",36,1980,148.899993896484,48.5
"Virginia",36,1981,149.899993896484,51.7999992370605
"Virginia",36,1982,147.399993896484,56.4000015258789
"Virginia",36,1983,144.699996948242,68.8000030517578
"Virginia",36,1984,136.800003051758,76
"Virginia",36,1985,134.600006103516,83.5999984741211
"Virginia",36,1986,135.800003051758,91.3000030517578
"Virginia",36,1987,133,94.5999984741211
"Virginia",36,1988,129.5,102.099998474121
"Virginia",36,1989,122.5,109.400001525879
"Virginia",36,1990,118.900001525879,128.600006103516
"Virginia",36,1991,109.099998474121,136.5
"Virginia",36,1992,108.199996948242,157.899993896484
"Virginia",36,1993,105.400001525879,165.699996948242
"Virginia",36,1994,106.199996948242,156.5
"Virginia",36,1995,106.699996948242,157.5
"Virginia",36,1996,104.599998474121,159.600006103516
"Virginia",36,1997,108,159.600006103516
"Virginia",36,1998,105.599998474121,162.199996948242
"Virginia",36,1999,102.099998474121,183.699996948242
"Virginia",36,2000,96.6999969482422,252.800003051758
"West Virginia",37,1970,114.5,33.7000007629395
"West Virginia",37,1971,111.5,41.5999984741211
"West Virginia",37,1972,117.5,41.2999992370605
"West Virginia",37,1973,116.599998474121,39.9000015258789
"West Virginia",37,1974,119.900001525879,42
"West Virginia",37,1975,123.199996948242,45.2000007629395
"West Virginia",37,1976,129.699996948242,48.4000015258789
"West Virginia",37,1977,133.899993896484,48.9000015258789
"West Virginia",37,1978,131.600006103516,53.9000015258789
"West Virginia",37,1979,122.099998474121,62.4000015258789
"West Virginia",37,1980,122.300003051758,64.3000030517578
"West Virginia",37,1981,120.5,66.1999969482422
"West Virginia",37,1982,119.800003051758,75.0999984741211
"West Virginia",37,1983,115.699996948242,88.1999969482422
"West Virginia",37,1984,111.900001525879,97.1999969482422
"West Virginia",37,1985,109.099998474121,103.199996948242
"West Virginia",37,1986,112.099998474121,104.099998474121
"West Virginia",37,1987,107.5,112.800003051758
"West Virginia",37,1988,109.099998474121,122.199996948242
"West Virginia",37,1989,104,131.199996948242
"West Virginia",37,1990,104.099998474121,142.899993896484
"West Virginia",37,1991,100.099998474121,144.100006103516
"West Virginia",37,1992,97.9000015258789,158.199996948242
"West Virginia",37,1993,111,166.199996948242
"West Virginia",37,1994,104.199996948242,150.100006103516
"West Virginia",37,1995,115.199996948242,156.800003051758
"West Virginia",37,1996,112.699996948242,157.300003051758
"West Virginia",37,1997,114.5,160.899993896484
"West Virginia",37,1998,114.599998474121,171.100006103516
"West Virginia",37,1999,112.400001525879,192.399993896484
"West Virginia",37,2000,107.900001525879,253.699996948242
"Wisconsin",38,1970,106.400001525879,38.5
"Wisconsin",38,1971,105.400001525879,40.2000007629395
"Wisconsin",38,1972,108.800003051758,40.2999992370605
"Wisconsin",38,1973,109.5,42.5999984741211
"Wisconsin",38,1974,111.800003051758,43.9000015258789
"Wisconsin",38,1975,113.5,46.5999984741211
"Wisconsin",38,1976,115.400001525879,51.2999992370605
"Wisconsin",38,1977,117.199996948242,52.0999984741211
"Wisconsin",38,1978,116.699996948242,57.0999984741211
"Wisconsin",38,1979,117.099998474121,58.7000007629395
"Wisconsin",38,1980,117.599998474121,61.2000007629395
"Wisconsin",38,1981,119.900001525879,64.9000015258789
"Wisconsin",38,1982,115.599998474121,75
"Wisconsin",38,1983,106.300003051758,92
"Wisconsin",38,1984,105.599998474121,100.800003051758
"Wisconsin",38,1985,107,106.800003051758
"Wisconsin",38,1986,105.400001525879,110.800003051758
"Wisconsin",38,1987,106,116.300003051758
"Wisconsin",38,1988,102.599998474121,128.600006103516
"Wisconsin",38,1989,100.300003051758,138.300003051758
"Wisconsin",38,1990,94,151.100006103516
"Wisconsin",38,1991,95.5,158.600006103516
"Wisconsin",38,1992,96.1999969482422,176.5
"Wisconsin",38,1993,91.1999969482422,195.5
"Wisconsin",38,1994,91.8000030517578,178.600006103516
"Wisconsin",38,1995,93.5,188
"Wisconsin",38,1996,92.0999984741211,200.5
"Wisconsin",38,1997,91.9000015258789,200.699996948242
"Wisconsin",38,1998,88.6999969482422,210.800003051758
"Wisconsin",38,1999,84.4000015258789,243.5
"Wisconsin",38,2000,80.0999984741211,312.799987792969
"Wyoming",39,1970,132.199996948242,34.0999984741211
"Wyoming",39,1971,131.699996948242,34.4000015258789
"Wyoming",39,1972,140,34.4000015258789
"Wyoming",39,1973,141.199996948242,34.4000015258789
"Wyoming",39,1974,145.800003051758,35.7999992370605
"Wyoming",39,1975,160.699996948242,38.5999984741211
"Wyoming",39,1976,161.5,42.5999984741211
"Wyoming",39,1977,160.399993896484,43.4000015258789
"Wyoming",39,1978,160.300003051758,49.7999992370605
"Wyoming",39,1979,168.600006103516,51.7000007629395
"Wyoming",39,1980,158.100006103516,55.2999992370605
"Wyoming",39,1981,163.100006103516,55.9000015258789
"Wyoming",39,1982,157.699996948242,64.3000030517578
"Wyoming",39,1983,141.199996948242,71
"Wyoming",39,1984,128.899993896484,81.6999969482422
"Wyoming",39,1985,125.699996948242,87.4000015258789
"Wyoming",39,1986,124.800003051758,97.8000030517578
"Wyoming",39,1987,110.400001525879,102.699996948242
"Wyoming",39,1988,114.300003051758,112.900001525879
"Wyoming",39,1989,111.400001525879,118.599998474121
"Wyoming",39,1990,96.9000015258789,129.5
"Wyoming",39,1991,109.099998474121,136
"Wyoming",39,1992,110.800003051758,155.100006103516
"Wyoming",39,1993,108.400001525879,166.899993896484
"Wyoming",39,1994,111.199996948242,147.399993896484
"Wyoming",39,1995,115,153
"Wyoming",39,1996,110.300003051758,162.5
"Wyoming",39,1997,108.800003051758,164.100006103516
"Wyoming",39,1998,102.900001525879,168.800003051758
"Wyoming",39,1999,104.800003051758,189.600006103516
"Wyoming",39,2000,90.5,267.100006103516
