Quarter,City,GDP Growth,Lockdown,Time
2012-01-01,Beijing,3416.429301,0,1
2012-04-01,Beijing,4113.422617,0,2
2012-07-01,Beijing,3854.361525,0,3
2012-10-01,Beijing,4610.921092,0,4
2013-01-01,Beijing,3589.759241,0,5
2013-04-01,Beijing,4357.544628,0,6
2013-07-01,Beijing,4018.097539,0,7
2013-10-01,Beijing,5187.172839,0,8
2014-01-01,Beijing,3772.074371,0,9
2014-04-01,Beijing,4569.022029,0,10
2014-07-01,Beijing,4259.014806,0,11
2014-10-01,Beijing,5598.663081,0,12
2015-01-01,Beijing,4030.519164,0,13
2015-04-01,Beijing,4862.408932,0,14
2015-07-01,Beijing,4507.678759,0,15
2015-10-01,Beijing,5874.013345,0,16
2016-01-01,Beijing,4541.294035,0,17
2016-04-01,Beijing,4944.574792,0,18
2016-07-01,Beijing,4887.745554,0,19
2016-10-01,Beijing,6817.532758,0,20
2017-01-01,Beijing,4949.090591,0,21
2017-04-01,Beijing,5161.233386,0,22
2017-07-01,Beijing,5780.081914,0,23
2017-10-01,Beijing,6799.652589,0,24
2018-01-01,Beijing,5796.737019,0,25
2018-04-01,Beijing,6372.87256,0,26
2018-07-01,Beijing,6580.559816,0,27
2018-10-01,Beijing,7417.869023,0,28
2019-01-01,Beijing,6126.182993,0,29
2019-04-01,Beijing,6725.563871,0,30
2019-07-01,Beijing,6894.785416,0,31
2019-10-01,Beijing,7576.190171,0,32
2020-01-01,Beijing,5659.531884,0,33
2020-04-01,Beijing,6664.270239,0,34
2020-07-01,Beijing,7253.662774,0,35
2020-10-01,Beijing,7879.888472,0,36
2012-01-01,Tianjin,2324.949573,0,1
2012-04-01,Tianjin,2936.110193,0,2
2012-07-01,Tianjin,2957.589621,0,3
2012-10-01,Tianjin,3337.59172,0,4
2013-01-01,Tianjin,2560.097428,0,5
2013-04-01,Tianjin,3191.649646,0,6
2013-07-01,Tianjin,3140.239041,0,7
2013-10-01,Tianjin,3659.858013,0,8
2014-01-01,Tianjin,2722.121236,0,9
2014-04-01,Tianjin,3410.433368,0,10
2014-07-01,Tianjin,3334.46605,0,11
2014-10-01,Tianjin,3963.731377,0,12
2015-01-01,Tianjin,3129.262272,0,13
2015-04-01,Tianjin,3497.508093,0,14
2015-07-01,Tianjin,3698.098712,0,15
2015-10-01,Tianjin,3561.492035,0,16
2016-01-01,Tianjin,3340.109502,0,17
2016-04-01,Tianjin,3685.880324,0,18
2016-07-01,Tianjin,3940.82678,0,19
2016-10-01,Tianjin,3740.650129,0,20
2017-01-01,Tianjin,3768.722298,0,21
2017-04-01,Tianjin,3799.166201,0,22
2017-07-01,Tianjin,3255.70472,0,23
2017-10-01,Tianjin,4122.099151,0,24
2018-01-01,Tianjin,2390.543269,0,25
2018-04-01,Tianjin,2659.234546,0,26
2018-07-01,Tianjin,2645.333746,0,27
2018-10-01,Tianjin,2863.757207,0,28
2019-01-01,Tianjin,2413.842444,0,29
2019-04-01,Tianjin,2665.427587,0,30
2019-07-01,Tianjin,2747.271093,0,31
2019-10-01,Tianjin,3021.268174,0,32
2020-01-01,Tianjin,2149.992446,0,33
2020-04-01,Tianjin,2591.119431,0,34
2020-07-01,Tianjin,2842.369293,0,35
2020-10-01,Tianjin,3050.968162,0,36
2012-01-01,Hebei,4389.811364,0,1
2012-04-01,Hebei,6539.174744,0,2
2012-07-01,Hebei,6588.033809,0,3
2012-10-01,Hebei,6260.406757,0,4
2013-01-01,Hebei,4594.246942,0,5
2013-04-01,Hebei,6825.585536,0,6
2013-07-01,Hebei,6774.174862,0,7
2013-10-01,Hebei,6525.342532,0,8
2014-01-01,Hebei,4621.032499,0,9
2014-04-01,Hebei,6985.266083,0,10
2014-07-01,Hebei,6895.661564,0,11
2014-10-01,Hebei,6642.123484,0,12
2015-01-01,Hebei,5108.638385,0,13
2015-04-01,Hebei,6572.169158,0,14
2015-07-01,Hebei,6311.231382,0,15
2015-10-01,Hebei,7259.24665,0,16
2016-01-01,Hebei,5404.793993,0,17
2016-04-01,Hebei,6664.523609,0,18
2016-07-01,Hebei,6698.429116,0,19
2016-10-01,Hebei,7997.273635,0,20
2017-01-01,Hebei,6182.479601,0,21
2017-04-01,Hebei,7311.767243,0,22
2017-07-01,Hebei,7536.576556,0,23
2017-10-01,Hebei,6869.119562,0,24
2018-01-01,Hebei,5715.93732,0,25
2018-04-01,Hebei,6640.269712,0,26
2018-07-01,Hebei,6689.952856,0,27
2018-10-01,Hebei,6967.902274,0,28
2019-01-01,Hebei,6081.175544,0,29
2019-04-01,Hebei,6708.534787,0,30
2019-07-01,Hebei,6945.489231,0,31
2019-10-01,Hebei,7546.968265,0,32
2020-01-01,Hebei,5579.928041,0,33
2020-04-01,Hebei,6861.267917,0,34
2020-07-01,Hebei,7162.431415,0,35
2020-10-01,Hebei,7986.479929,0,36
2012-01-01,Shanxi,2239.777092,0,1
2012-04-01,Shanxi,2987.999278,0,2
2012-07-01,Shanxi,2637.071358,0,3
2012-10-01,Shanxi,3036.835124,0,4
2013-01-01,Shanxi,2277.162073,0,5
2013-04-01,Shanxi,3004.969482,0,6
2013-07-01,Shanxi,2628.9984,0,7
2013-10-01,Shanxi,3148.223024,0,8
2014-01-01,Shanxi,2251.714531,0,9
2014-04-01,Shanxi,2992.728335,0,10
2014-07-01,Shanxi,2590.730476,0,11
2014-10-01,Shanxi,3136.404289,0,12
2015-01-01,Shanxi,2195.628639,0,13
2015-04-01,Shanxi,2782.782226,0,14
2015-07-01,Shanxi,2720.283314,0,15
2015-10-01,Shanxi,3210.887608,0,16
2016-01-01,Shanxi,2075.940121,0,17
2016-04-01,Shanxi,2764.652528,0,18
2016-07-01,Shanxi,2736.44295,0,19
2016-10-01,Shanxi,3455.154931,0,20
2017-01-01,Shanxi,2347.055118,0,21
2017-04-01,Shanxi,3176.965848,0,22
2017-07-01,Shanxi,3245.444462,0,23
2017-10-01,Shanxi,4206.987826,0,24
2018-01-01,Shanxi,2846.972889,0,25
2018-04-01,Shanxi,3229.347776,0,26
2018-07-01,Shanxi,3194.267232,0,27
2018-10-01,Shanxi,3826.800541,0,28
2019-01-01,Shanxi,3027.666552,0,29
2019-04-01,Shanxi,3373.329031,0,30
2019-07-01,Shanxi,3461.728032,0,31
2019-10-01,Shanxi,3738.19718,0,32
2020-01-01,Shanxi,2797.005356,0,33
2020-04-01,Shanxi,3284.384262,0,34
2020-07-01,Shanxi,3632.707795,0,35
2020-10-01,Shanxi,3987.482013,0,36
2012-01-01,Inner Mongolia,2409.831777,0,1
2012-04-01,Inner Mongolia,3536.94543,0,2
2012-07-01,Inner Mongolia,3674.825826,0,3
2012-10-01,Inner Mongolia,4513.258352,0,4
2013-01-01,Inner Mongolia,2544.443278,0,5
2013-04-01,Inner Mongolia,3580.551834,0,6
2013-07-01,Inner Mongolia,3657.54362,0,7
2013-10-01,Inner Mongolia,4801.899171,0,8
2014-01-01,Inner Mongolia,2673.576255,0,9
2014-04-01,Inner Mongolia,3541.166579,0,10
2014-07-01,Inner Mongolia,3717.366391,0,11
2014-10-01,Inner Mongolia,5182.813423,0,12
2015-01-01,Inner Mongolia,2754.550801,0,13
2015-04-01,Inner Mongolia,3478.951728,0,14
2015-07-01,Inner Mongolia,3913.0157,0,15
2015-10-01,Inner Mongolia,4839.373809,0,16
2016-01-01,Inner Mongolia,2905.624944,0,17
2016-04-01,Inner Mongolia,3378.614489,0,18
2016-07-01,Inner Mongolia,4245.5807,0,19
2016-10-01,Inner Mongolia,4523.897947,0,20
2017-01-01,Inner Mongolia,3071.749234,0,21
2017-04-01,Inner Mongolia,3855.836674,0,22
2017-07-01,Inner Mongolia,4293.38631,0,23
2017-10-01,Inner Mongolia,1919.042401,0,24
2018-01-01,Inner Mongolia,2742.007146,0,25
2018-04-01,Inner Mongolia,3149.590932,0,26
2018-07-01,Inner Mongolia,3332.054609,0,27
2018-10-01,Inner Mongolia,3716.560998,0,28
2019-01-01,Inner Mongolia,2911.667767,0,29
2019-04-01,Inner Mongolia,3315.277554,0,30
2019-07-01,Inner Mongolia,3507.258547,0,31
2019-10-01,Inner Mongolia,3739.548138,0,32
2020-01-01,Inner Mongolia,2710.454262,0,33
2020-04-01,Inner Mongolia,3204.217269,0,34
2020-07-01,Inner Mongolia,3546.405369,0,35
2020-10-01,Inner Mongolia,3886.82219,0,36
2012-01-01,Liaoning,4329.130287,0,1
2012-04-01,Liaoning,5808.386495,0,2
2012-07-01,Liaoning,5745.988151,0,3
2012-10-01,Liaoning,6410.214615,0,4
2013-01-01,Liaoning,4617.212934,0,5
2013-04-01,Liaoning,6212.212892,0,6
2013-07-01,Liaoning,6090.257891,0,7
2013-10-01,Liaoning,6933.636948,0,8
2014-01-01,Liaoning,4875.823005,0,9
2014-04-01,Liaoning,6514.835727,0,10
2014-07-01,Liaoning,6178.856566,0,11
2014-10-01,Liaoning,7107.054774,0,12
2015-01-01,Liaoning,4865.186239,0,13
2015-04-01,Liaoning,6229.756112,0,14
2015-07-01,Liaoning,6279.882121,0,15
2015-10-01,Liaoning,6999.315737,0,16
2016-01-01,Liaoning,4722.086987,0,17
2016-04-01,Liaoning,6026.369054,0,18
2016-07-01,Liaoning,5981.978552,0,19
2016-10-01,Liaoning,1911.691007,0,20
2017-01-01,Liaoning,3782.497946,0,21
2017-04-01,Liaoning,4777.418426,0,22
2017-07-01,Liaoning,5247.246673,0,23
2017-10-01,Liaoning,5514.549206,0,24
2018-01-01,Liaoning,4060.027001,0,25
2018-04-01,Liaoning,4697.063712,0,26
2018-07-01,Liaoning,4849.919852,0,27
2018-10-01,Liaoning,5337.909058,0,28
2019-01-01,Liaoning,4305.783921,0,29
2019-04-01,Liaoning,4901.581196,0,30
2019-07-01,Liaoning,4987.758223,0,31
2019-10-01,Liaoning,5398.48322,0,32
2020-01-01,Liaoning,3856.656273,0,33
2020-04-01,Liaoning,4700.065393,0,34
2020-07-01,Liaoning,5061.432763,0,35
2020-10-01,Liaoning,5692.731632,0,36
2012-01-01,Jilin,1762.577371,0,1
2012-04-01,Jilin,2210.003963,0,2
2012-07-01,Jilin,2623.24299,0,3
2012-10-01,Jilin,4074.070028,0,4
2013-01-01,Jilin,1878.558385,0,5
2013-04-01,Jilin,2302.944862,0,6
2013-07-01,Jilin,2770.765753,0,7
2013-10-01,Jilin,4382.006374,0,8
2014-01-01,Jilin,1960.621602,0,9
2014-04-01,Jilin,2416.989899,0,10
2014-07-01,Jilin,2807.324746,0,11
2014-10-01,Jilin,4581.707609,0,12
2015-01-01,Jilin,2005.656392,0,13
2015-04-01,Jilin,2500.938804,0,14
2015-07-01,Jilin,2933.813187,0,15
2015-10-01,Jilin,4347.080992,0,16
2016-01-01,Jilin,2048.675847,0,17
2016-04-01,Jilin,2578.919298,0,18
2016-07-01,Jilin,3036.94979,0,19
2016-10-01,Jilin,4516.653668,0,20
2017-01-01,Jilin,2176.278488,0,21
2017-04-01,Jilin,2806.501855,0,22
2017-07-01,Jilin,3113.034623,0,23
2017-10-01,Jilin,4032.000019,0,24
2018-01-01,Jilin,1951.363771,0,25
2018-04-01,Jilin,2378.602497,0,26
2018-07-01,Jilin,2319.832932,0,27
2018-10-01,Jilin,2295.056523,0,28
2019-01-01,Jilin,1949.180173,0,29
2019-04-01,Jilin,2195.118442,0,30
2019-07-01,Jilin,2391.358967,0,31
2019-10-01,Jilin,2506.268056,0,32
2020-01-01,Jilin,1821.060766,0,33
2020-04-01,Jilin,2276.815602,0,34
2020-07-01,Jilin,2519.743188,0,35
2020-10-01,Jilin,2666.437478,0,36
2012-01-01,Heilongjiang,2169.440937,0,1
2012-04-01,Heilongjiang,2607.872768,0,2
2012-07-01,Heilongjiang,2614.199558,0,3
2012-10-01,Heilongjiang,4678.975302,0,4
2013-01-01,Heilongjiang,2226.600305,0,5
2013-04-01,Heilongjiang,2547.829134,0,6
2013-07-01,Heilongjiang,2763.501663,0,7
2013-10-01,Heilongjiang,4934.065476,0,8
2014-01-01,Heilongjiang,2231.540578,0,9
2014-04-01,Heilongjiang,2572.656483,0,10
2014-07-01,Heilongjiang,2819.815334,0,11
2014-10-01,Heilongjiang,5173.111826,0,12
2015-01-01,Heilongjiang,2137.203115,0,13
2015-04-01,Heilongjiang,2412.81707,0,14
2015-07-01,Heilongjiang,2818.89384,0,15
2015-10-01,Heilongjiang,5330.632976,0,16
2016-01-01,Heilongjiang,2133.476487,0,17
2016-04-01,Heilongjiang,2502.342256,0,18
2016-07-01,Heilongjiang,2994.284521,0,19
2016-10-01,Heilongjiang,5136.482037,0,20
2017-01-01,Heilongjiang,2274.684954,0,21
2017-04-01,Heilongjiang,2721.306532,0,22
2017-07-01,Heilongjiang,3097.57517,0,23
2017-10-01,Heilongjiang,4898.833764,0,24
2018-01-01,Heilongjiang,1938.5906,0,25
2018-04-01,Heilongjiang,2299.45075,0,26
2018-07-01,Heilongjiang,2406.020465,0,27
2018-10-01,Heilongjiang,3655.850369,0,28
2019-01-01,Heilongjiang,2021.64304,0,29
2019-04-01,Heilongjiang,2361.731647,0,30
2019-07-01,Heilongjiang,2456.099611,0,31
2019-10-01,Heilongjiang,3754.869572,0,32
2020-01-01,Heilongjiang,1798.683317,0,33
2020-04-01,Heilongjiang,2176.461516,0,34
2020-07-01,Heilongjiang,2573.712873,0,35
2020-10-01,Heilongjiang,3894.206835,0,36
2012-01-01,Shanghai,4153.840201,0,1
2012-04-01,Shanghai,4432.903696,0,2
2012-07-01,Shanghai,4311.477348,0,3
2012-10-01,Shanghai,5195.542856,0,4
2013-01-01,Shanghai,4364.198038,0,5
2013-04-01,Shanghai,4572.986227,0,6
2013-07-01,Shanghai,4641.776554,0,7
2013-10-01,Shanghai,5538.911114,0,8
2014-01-01,Shanghai,4571.213433,0,9
2014-04-01,Shanghai,4805.207472,0,10
2014-07-01,Shanghai,4813.779993,0,11
2014-10-01,Shanghai,5927.102132,0,12
2015-01-01,Shanghai,4891.240801,0,13
2015-04-01,Shanghai,5050.101439,0,14
2015-07-01,Shanghai,4964.523227,0,15
2015-10-01,Shanghai,6036.787723,0,16
2016-01-01,Shanghai,5086.521148,0,17
2016-04-01,Shanghai,5425.795874,0,18
2016-07-01,Shanghai,5281.212111,0,19
2016-10-01,Shanghai,6951.215575,0,20
2017-01-01,Shanghai,5534.618486,0,21
2017-04-01,Shanghai,5540.14046,0,22
2017-07-01,Shanghai,6102.675934,0,23
2017-10-01,Shanghai,7145.724728,0,24
2018-01-01,Shanghai,6366.669162,0,25
2018-04-01,Shanghai,7041.872534,0,26
2018-07-01,Shanghai,6629.416955,0,27
2018-10-01,Shanghai,8105.542505,0,28
2019-01-01,Shanghai,6488.45572,0,29
2019-04-01,Shanghai,7127.462605,0,30
2019-07-01,Shanghai,7392.234825,0,31
2019-10-01,Shanghai,8079.583039,0,32
2020-01-01,Shanghai,5873.196042,0,33
2020-04-01,Shanghai,7102.288529,0,34
2020-07-01,Shanghai,7462.905692,0,35
2020-10-01,Shanghai,8593.881022,0,36
2012-01-01,Jiangsu,9766.511994,0,1
2012-04-01,Jiangsu,12882.76966,0,2
2012-07-01,Jiangsu,11905.8236,0,3
2012-10-01,Jiangsu,13636.71192,0,4
2013-01-01,Jiangsu,10471.87603,0,5
2013-04-01,Jiangsu,13667.14707,0,6
2013-07-01,Jiangsu,12409.31287,0,7
2013-10-01,Jiangsu,15472.90503,0,8
2014-01-01,Jiangsu,11111.61505,0,9
2014-04-01,Jiangsu,14629.18588,0,10
2014-07-01,Jiangsu,13152.50314,0,11
2014-10-01,Jiangsu,16570.39546,0,12
2015-01-01,Jiangsu,12394.1557,0,13
2015-04-01,Jiangsu,16141.22749,0,14
2015-07-01,Jiangsu,14392.97635,0,15
2015-10-01,Jiangsu,15848.03068,0,16
2016-01-01,Jiangsu,13662.50038,0,17
2016-04-01,Jiangsu,16374.53534,0,18
2016-07-01,Jiangsu,15294.9567,0,19
2016-10-01,Jiangsu,18106.82609,0,20
2017-01-01,Jiangsu,15296.70955,0,21
2017-04-01,Jiangsu,17678.13515,0,22
2017-07-01,Jiangsu,17478.21694,0,23
2017-10-01,Jiangsu,18737.15974,0,24
2018-01-01,Jiangsu,16275.05973,0,25
2018-04-01,Jiangsu,17909.84318,0,26
2018-07-01,Jiangsu,18283.98284,0,27
2018-10-01,Jiangsu,20929.05527,0,28
2019-01-01,Jiangsu,17099.07822,0,29
2019-04-01,Jiangsu,18705.11121,0,30
2019-07-01,Jiangsu,19223.29887,0,31
2019-10-01,Jiangsu,20998.67293,0,32
2020-01-01,Jiangsu,15608.90587,0,33
2020-04-01,Jiangsu,19168.6649,0,34
2020-07-01,Jiangsu,20103.01902,0,35
2020-10-01,Jiangsu,21608.21018,0,36
2012-01-01,Zhejiang,6002.04694,0,1
2012-04-01,Zhejiang,8077.074044,0,2
2012-07-01,Zhejiang,7544.062538,0,3
2012-10-01,Zhejiang,9392.27217,0,4
2013-01-01,Zhejiang,6360.40687,0,5
2013-04-01,Zhejiang,8468.794175,0,6
2013-07-01,Zhejiang,8091.989465,0,7
2013-10-01,Zhejiang,10084.90731,0,8
2014-01-01,Zhejiang,6625.53045,0,9
2014-04-01,Zhejiang,8706.099867,0,10
2014-07-01,Zhejiang,8464.707035,0,11
2014-10-01,Zhejiang,10677.29344,0,12
2015-01-01,Zhejiang,7074.921626,0,13
2015-04-01,Zhejiang,9213.7246,0,14
2015-07-01,Zhejiang,8793.44549,0,15
2015-10-01,Zhejiang,11182.24575,0,16
2016-01-01,Zhejiang,7758.844736,0,17
2016-04-01,Zhejiang,9450.281211,0,18
2016-07-01,Zhejiang,9543.844723,0,19
2016-10-01,Zhejiang,12449.60509,0,20
2017-01-01,Zhejiang,8587.273237,0,21
2017-04-01,Zhejiang,10405.60109,0,22
2017-07-01,Zhejiang,11060.95344,0,23
2017-10-01,Zhejiang,11998.20311,0,24
2018-01-01,Zhejiang,9931.694586,0,25
2018-04-01,Zhejiang,11150.61061,0,26
2018-07-01,Zhejiang,11778.46941,0,27
2018-10-01,Zhejiang,13204.41824,0,28
2019-01-01,Zhejiang,10681.05068,0,29
2019-04-01,Zhejiang,11797.78243,0,30
2019-07-01,Zhejiang,12268.66088,0,31
2019-10-01,Zhejiang,13364.3409,0,32
2020-01-01,Zhejiang,9796.372092,0,33
2020-04-01,Zhejiang,12087.36257,0,34
2020-07-01,Zhejiang,12674.0326,0,35
2020-10-01,Zhejiang,14209.67193,0,36
2012-01-01,Anhui,2954.970461,0,1
2012-04-01,Anhui,4024.059493,0,2
2012-07-01,Anhui,4260.300374,0,3
2012-10-01,Anhui,4220.044846,0,4
2013-01-01,Anhui,3214.642658,0,5
2013-04-01,Anhui,4324.381141,0,6
2013-07-01,Anhui,4403.696403,0,7
2013-10-01,Anhui,4917.116435,0,8
2014-01-01,Anhui,3426.693381,0,9
2014-04-01,Anhui,4631.31213,0,10
2014-07-01,Anhui,4639.856063,0,11
2014-10-01,Anhui,5308.505136,0,12
2015-01-01,Anhui,3620.980618,0,13
2015-04-01,Anhui,4872.101358,0,14
2015-07-01,Anhui,4814.640339,0,15
2015-10-01,Anhui,5456.231743,0,16
2016-01-01,Anhui,3882.401536,0,17
2016-04-01,Anhui,5341.420462,0,18
2016-07-01,Anhui,5127.739698,0,19
2016-10-01,Anhui,6100.705605,0,20
2017-01-01,Anhui,4813.27594,0,21
2017-04-01,Anhui,5632.414604,0,22
2017-07-01,Anhui,5952.901738,0,23
2017-10-01,Anhui,5963.320856,0,24
2018-01-01,Anhui,6057.971299,0,25
2018-04-01,Anhui,6635.741807,0,26
2018-07-01,Anhui,7033.10895,0,27
2018-10-01,Anhui,7871.000729,0,28
2019-01-01,Anhui,6502.072524,0,29
2019-04-01,Anhui,7216.557509,0,30
2019-07-01,Anhui,7481.658861,0,31
2019-10-01,Anhui,8091.552345,0,32
2020-01-01,Anhui,5935.379347,0,33
2020-04-01,Anhui,7517.561736,0,34
2020-07-01,Anhui,7781.613506,0,35
2020-10-01,Anhui,8522.889349,0,36
2012-01-01,Fujian,2977.594451,0,1
2012-04-01,Fujian,4173.747733,0,2
2012-07-01,Fujian,4023.971343,0,3
2012-10-01,Fujian,6554.569431,0,4
2013-01-01,Fujian,3270.161202,0,5
2013-04-01,Fujian,4511.770054,0,6
2013-07-01,Fujian,4397.775353,0,7
2013-10-01,Fujian,6996.202124,0,8
2014-01-01,Fujian,3466.760053,0,9
2014-04-01,Fujian,4885.57051,0,10
2014-07-01,Fujian,4712.801694,0,11
2014-10-01,Fujian,7644.952945,0,12
2015-01-01,Fujian,3684.642665,0,13
2015-04-01,Fujian,5151.878895,0,14
2015-07-01,Fujian,4994.340212,0,15
2015-10-01,Fujian,8155.322512,0,16
2016-01-01,Fujian,4792.73121,0,17
2016-04-01,Fujian,5001.280123,0,18
2016-07-01,Fujian,5387.245623,0,19
2016-10-01,Fujian,8790.476378,0,20
2017-01-01,Fujian,5366.137256,0,21
2017-04-01,Fujian,5535.165013,0,22
2017-07-01,Fujian,6066.985118,0,23
2017-10-01,Fujian,9491.80242,0,24
2018-01-01,Fujian,6858.476645,0,25
2018-04-01,Fujian,7635.260623,0,26
2018-07-01,Fujian,7971.702015,0,27
2018-10-01,Fujian,8859.495265,0,28
2019-01-01,Fujian,7428.94809,0,29
2019-04-01,Fujian,8217.978378,0,30
2019-07-01,Fujian,8490.343498,0,31
2019-10-01,Fujian,9283.157593,0,32
2020-01-01,Fujian,6854.716154,0,33
2020-04-01,Fujian,8430.220847,0,34
2020-07-01,Fujian,8822.725789,0,35
2020-10-01,Fujian,9821.297365,0,36
2012-01-01,Jiangxi,2213.805202,0,1
2012-04-01,Jiangxi,2635.779338,0,2
2012-07-01,Jiangxi,3229.31722,0,3
2012-10-01,Jiangxi,3538.913549,0,4
2013-01-01,Jiangxi,2392.632603,0,5
2013-04-01,Jiangxi,2792.831608,0,6
2013-07-01,Jiangxi,3470.495603,0,7
2013-10-01,Jiangxi,3944.410485,0,8
2014-01-01,Jiangxi,2530.065919,0,9
2014-04-01,Jiangxi,2996.467463,0,10
2014-07-01,Jiangxi,3771.532102,0,11
2014-10-01,Jiangxi,4153.097615,0,12
2015-01-01,Jiangxi,2891.094377,0,13
2015-04-01,Jiangxi,3184.721801,0,14
2015-07-01,Jiangxi,3665.270989,0,15
2015-10-01,Jiangxi,4358.586464,0,16
2016-01-01,Jiangxi,3136.651308,0,17
2016-04-01,Jiangxi,3340.839422,0,18
2016-07-01,Jiangxi,3931.270056,0,19
2016-10-01,Jiangxi,4884.212724,0,20
2017-01-01,Jiangxi,3544.072491,0,21
2017-04-01,Jiangxi,3758.39703,0,22
2017-07-01,Jiangxi,4648.868763,0,23
2017-10-01,Jiangxi,4256.907589,0,24
2018-01-01,Jiangxi,3972.45837,0,25
2018-04-01,Jiangxi,4409.688708,0,26
2018-07-01,Jiangxi,4470.811803,0,27
2018-10-01,Jiangxi,5175.824989,0,28
2019-01-01,Jiangxi,4285.056805,0,29
2019-04-01,Jiangxi,4691.557143,0,30
2019-07-01,Jiangxi,4833.040192,0,31
2019-10-01,Jiangxi,5285.090936,0,32
2020-01-01,Jiangxi,4009.974939,0,33
2020-04-01,Jiangxi,4787.497581,0,34
2020-07-01,Jiangxi,5009.149151,0,35
2020-10-01,Jiangxi,5512.732797,0,36
2012-01-01,Shandong,9120.893895,0,1
2012-04-01,Shandong,12755.59634,0,2
2012-07-01,Shandong,10956.04632,0,3
2012-10-01,Shandong,12487.44896,0,4
2013-01-01,Shandong,9807.599534,0,5
2013-04-01,Shandong,13248.24088,0,6
2013-07-01,Shandong,12062.74162,0,7
2013-10-01,Shandong,13823.7231,0,8
2014-01-01,Shandong,10453.6042,0,9
2014-04-01,Shandong,14002.37197,0,10
2014-07-01,Shandong,12788.12761,0,11
2014-10-01,Shandong,14457.69332,0,12
2015-01-01,Shandong,11128.86775,0,13
2015-04-01,Shandong,14475.06973,0,14
2015-07-01,Shandong,13674.39082,0,15
2015-10-01,Shandong,14868.79181,0,16
2016-01-01,Shandong,12575.73458,0,17
2016-04-01,Shandong,14205.89826,0,18
2016-07-01,Shandong,14283.53611,0,19
2016-10-01,Shandong,16194.29247,0,20
2017-01-01,Shandong,13834.09663,0,21
2017-04-01,Shandong,15328.1854,0,22
2017-07-01,Shandong,16432.35858,0,23
2017-10-01,Shandong,14643.38494,0,24
2018-01-01,Shandong,11902.63755,0,25
2018-04-01,Shandong,13600.39219,0,26
2018-07-01,Shandong,14163.53939,0,27
2018-10-01,Shandong,14267.76884,0,28
2019-01-01,Shandong,12451.25133,0,29
2019-04-01,Shandong,13817.70875,0,30
2019-07-01,Shandong,14156.64821,0,31
2019-10-01,Shandong,15255.55954,0,32
2020-01-01,Shandong,11251.16224,0,33
2020-04-01,Shandong,13943.46383,0,34
2020-07-01,Shandong,14577.03147,0,35
2020-10-01,Shandong,16022.66279,0,36
2012-01-01,Henan,5746.08101,0,1
2012-04-01,Henan,6340.251756,0,2
2012-07-01,Henan,7685.820567,0,3
2012-10-01,Henan,6616.439709,0,4
2013-01-01,Henan,6096.621953,0,5
2013-04-01,Henan,6574.394997,0,6
2013-07-01,Henan,7719.474604,0,7
2013-10-01,Henan,7500.129102,0,8
2014-01-01,Henan,6391.748967,0,9
2014-04-01,Henan,7094.478628,0,10
2014-07-01,Henan,8181.721752,0,11
2014-10-01,Henan,8051.259051,0,12
2015-01-01,Henan,6517.529795,0,13
2015-04-01,Henan,7608.216672,0,14
2015-07-01,Henan,8483.306345,0,15
2015-10-01,Henan,8466.149174,0,16
2016-01-01,Henan,6854.338642,0,17
2016-04-01,Henan,7973.833348,0,18
2016-07-01,Henan,8945.97197,0,19
2016-10-01,Henan,9575.814721,0,20
2017-01-01,Henan,7691.577346,0,21
2017-04-01,Henan,8928.839987,0,22
2017-07-01,Henan,10199.57016,0,23
2017-10-01,Henan,9392.819898,0,24
2018-01-01,Henan,8718.816568,0,25
2018-04-01,Henan,9829.413698,0,26
2018-07-01,Henan,9742.567021,0,27
2018-10-01,Henan,11404.92616,0,28
2019-01-01,Henan,9390.121541,0,29
2019-04-01,Henan,10325.30213,0,30
2019-07-01,Henan,10609.04296,0,31
2019-10-01,Henan,11513.6213,0,32
2020-01-01,Henan,8579.449113,0,33
2020-04-01,Henan,10667.32203,0,34
2020-07-01,Henan,10682.65491,0,35
2020-10-01,Henan,11344.34294,0,36
2012-01-01,Hubei,3811.586944,0,1
2012-04-01,Hubei,5040.488236,0,2
2012-07-01,Hubei,4895.897361,0,3
2012-10-01,Hubei,6101.97022,0,4
2013-01-01,Hubei,4115.504234,0,5
2013-04-01,Hubei,5431.09134,0,6
2013-07-01,Hubei,5312.623145,0,7
2013-10-01,Hubei,6653.245817,0,8
2014-01-01,Hubei,4404.921886,0,9
2014-04-01,Hubei,5901.515129,0,10
2014-07-01,Hubei,5789.733255,0,11
2014-10-01,Hubei,7228.626521,0,12
2015-01-01,Hubei,4637.58449,0,13
2015-04-01,Hubei,6380.765861,0,14
2015-07-01,Hubei,6116.212333,0,15
2015-10-01,Hubei,7665.050107,0,16
2016-01-01,Hubei,5350.619192,0,17
2016-04-01,Hubei,6269.396004,0,18
2016-07-01,Hubei,6614.426891,0,19
2016-10-01,Hubei,8595.770236,0,20
2017-01-01,Hubei,5897.798986,0,21
2017-04-01,Hubei,6966.048512,0,22
2017-07-01,Hubei,7435.028174,0,23
2017-10-01,Hubei,8399.661905,0,24
2018-01-01,Hubei,7289.535037,0,25
2018-04-01,Hubei,8044.146669,0,26
2018-07-01,Hubei,8404.59528,0,27
2018-10-01,Hubei,9604.053588,0,28
2019-01-01,Hubei,7896.986219,0,29
2019-04-01,Hubei,8680.668858,0,30
2019-07-01,Hubei,8953.902738,0,31
2019-10-01,Hubei,9719.158777,0,32
2020-01-01,Hubei,4709.317931,1,33
2020-04-01,Hubei,8341.832393,1,34
2020-07-01,Hubei,9210.339078,1,35
2020-10-01,Hubei,10348.62997,1,36
2012-01-01,Hunan,3809.445473,0,1
2012-04-01,Hunan,5086.256554,0,2
2012-07-01,Hunan,4888.835185,0,3
2012-10-01,Hunan,6174.521164,0,4
2013-01-01,Hunan,4144.424038,0,5
2013-04-01,Hunan,5491.840379,0,6
2013-07-01,Hunan,5227.603005,0,7
2013-10-01,Hunan,6745.265802,0,8
2014-01-01,Hunan,4358.098785,0,9
2014-04-01,Hunan,5971.325841,0,10
2014-07-01,Hunan,5633.613383,0,11
2014-10-01,Hunan,7350.473276,0,12
2015-01-01,Hunan,4624.71892,0,13
2015-04-01,Hunan,6291.002015,0,14
2015-07-01,Hunan,6280.328557,0,15
2015-10-01,Hunan,7373.097398,0,16
2016-01-01,Hunan,5323.720094,0,17
2016-04-01,Hunan,6076.960576,0,18
2016-07-01,Hunan,6775.150676,0,19
2016-10-01,Hunan,8147.491576,0,20
2017-01-01,Hunan,5843.142134,0,21
2017-04-01,Hunan,6765.956406,0,22
2017-07-01,Hunan,7539.232365,0,23
2017-10-01,Hunan,7744.068662,0,24
2018-01-01,Hunan,6602.286932,0,25
2018-04-01,Hunan,7058.124803,0,26
2018-07-01,Hunan,7259.948501,0,27
2018-10-01,Hunan,8392.004507,0,28
2019-01-01,Hunan,6995.537522,0,29
2019-04-01,Hunan,7677.749077,0,30
2019-07-01,Hunan,7867.821821,0,31
2019-10-01,Hunan,8601.962935,0,32
2020-01-01,Hunan,6748.481212,0,33
2020-04-01,Hunan,7852.121885,0,34
2020-07-01,Hunan,8163.670822,0,35
2020-10-01,Hunan,9246.03747,0,36
2012-01-01,Guangdong,10384.32049,0,1
2012-04-01,Guangdong,13061.40229,0,2
2012-07-01,Guangdong,12956.6398,0,3
2012-10-01,Guangdong,14688.20092,0,4
2013-01-01,Guangdong,11144.51305,0,5
2013-04-01,Guangdong,13809.98117,0,6
2013-07-01,Guangdong,13931.52451,0,7
2013-10-01,Guangdong,15686.76101,0,8
2014-01-01,Guangdong,11698.37618,0,9
2014-04-01,Guangdong,14629.96354,0,10
2014-07-01,Guangdong,14721.339,0,11
2014-10-01,Guangdong,16893.90017,0,12
2015-01-01,Guangdong,12679.87395,0,13
2015-04-01,Guangdong,16404.17642,0,14
2015-07-01,Guangdong,15080.16145,0,15
2015-10-01,Guangdong,17087.77605,0,16
2016-01-01,Guangdong,14284.25877,0,17
2016-04-01,Guangdong,16450.84932,0,18
2016-07-01,Guangdong,16192.84656,0,19
2016-10-01,Guangdong,19575.10083,0,20
2017-01-01,Guangdong,15843.03373,0,21
2017-04-01,Guangdong,18774.96356,0,22
2017-07-01,Guangdong,17928.05915,0,23
2017-10-01,Guangdong,20134.58221,0,24
2018-01-01,Guangdong,17286.70798,0,25
2018-04-01,Guangdong,19378.82224,0,26
2018-07-01,Guangdong,19626.96676,0,27
2018-10-01,Guangdong,22959.94484,0,28
2019-01-01,Guangdong,18496.5945,0,29
2019-04-01,Guangdong,20345.5127,0,30
2019-07-01,Guangdong,20950.42033,0,31
2019-10-01,Guangdong,22736.78474,0,32
2020-01-01,Guangdong,16614.32114,0,33
2020-04-01,Guangdong,19968.42623,0,34
2020-07-01,Guangdong,21870.69977,0,35
2020-10-01,Guangdong,24406.10553,0,36
2012-01-01,Guangxi,2274.412457,0,1
2012-04-01,Guangxi,2449.756619,0,2
2012-07-01,Guangxi,2618.832774,0,3
2012-10-01,Guangxi,4243.01615,0,4
2013-01-01,Guangxi,2439.113261,0,5
2013-04-01,Guangxi,2632.942293,0,6
2013-07-01,Guangxi,2754.439694,0,7
2013-10-01,Guangxi,4718.807157,0,8
2014-01-01,Guangxi,2575.770419,0,9
2014-04-01,Guangxi,2805.604308,0,10
2014-07-01,Guangxi,2935.795959,0,11
2014-10-01,Guangxi,5029.824053,0,12
2015-01-01,Guangxi,2720.362377,0,13
2015-04-01,Guangxi,2960.804029,0,14
2015-07-01,Guangxi,3049.851227,0,15
2015-10-01,Guangxi,5361.010562,0,16
2016-01-01,Guangxi,2871.62672,0,17
2016-04-01,Guangxi,3141.66626,0,18
2016-07-01,Guangxi,3322.561808,0,19
2016-10-01,Guangxi,5797.923332,0,20
2017-01-01,Guangxi,3192.777667,0,21
2017-04-01,Guangxi,3460.090525,0,22
2017-07-01,Guangxi,3700.513607,0,23
2017-10-01,Guangxi,4685.06141,0,24
2018-01-01,Guangxi,3448.200111,0,25
2018-04-01,Guangxi,3638.468399,0,26
2018-07-01,Guangxi,4697.438233,0,27
2018-10-01,Guangxi,3786.637522,0,28
2019-01-01,Guangxi,3643.619229,0,29
2019-04-01,Guangxi,4020.227256,0,30
2019-07-01,Guangxi,4085.911583,0,31
2019-10-01,Guangxi,4484.777461,0,32
2020-01-01,Guangxi,3445.008509,0,33
2020-04-01,Guangxi,4122.128356,0,34
2020-07-01,Guangxi,4298.593711,0,35
2020-10-01,Guangxi,4620.546887,0,36
2012-01-01,Hainan,570.0362531,0,1
2012-04-01,Hainan,623.3444447,0,2
2012-07-01,Hainan,568.7481893,0,3
2012-10-01,Hainan,726.5821794,0,4
2013-01-01,Hainan,629.5089786,0,5
2013-04-01,Hainan,663.2464257,0,6
2013-07-01,Hainan,596.8680719,0,7
2013-10-01,Hainan,803.231298,0,8
2014-01-01,Hainan,676.1189545,0,9
2014-04-01,Hainan,716.6387707,0,10
2014-07-01,Hainan,642.2316721,0,11
2014-10-01,Hainan,866.7627663,0,12
2015-01-01,Hainan,688.3676596,0,13
2015-04-01,Hainan,794.9220275,0,14
2015-07-01,Hainan,684.5219823,0,15
2015-10-01,Hainan,870.3208469,0,16
2016-01-01,Hainan,755.1367473,0,17
2016-04-01,Hainan,853.4028363,0,18
2016-07-01,Hainan,695.8120886,0,19
2016-10-01,Hainan,930.3687003,0,20
2017-01-01,Hainan,822.862563,0,21
2017-04-01,Hainan,889.1314571,0,22
2017-07-01,Hainan,788.0158983,0,23
2017-10-01,Hainan,962.5560306,0,24
2018-01-01,Hainan,816.0033015,0,25
2018-04-01,Hainan,901.5109136,0,26
2018-07-01,Hainan,938.0441489,0,27
2018-10-01,Hainan,1063.760474,0,28
2019-01-01,Hainan,869.6592302,0,29
2019-04-01,Hainan,963.903587,0,30
2019-07-01,Hainan,984.9737544,0,31
2019-10-01,Hainan,1065.260958,0,32
2020-01-01,Hainan,784.8944256,0,33
2020-04-01,Hainan,909.8786806,0,34
2020-07-01,Hainan,1050.008963,0,35
2020-10-01,Hainan,1229.025476,0,36
2012-01-01,Chongqing,2281.124283,0,1
2012-04-01,Chongqing,2488.929699,0,2
2012-07-01,Chongqing,2552.62312,0,3
2012-10-01,Chongqing,2904.595569,0,4
2013-01-01,Chongqing,2399.730239,0,5
2013-04-01,Chongqing,2720.787362,0,6
2013-07-01,Chongqing,2426.428666,0,7
2013-10-01,Chongqing,3619.24091,0,8
2014-01-01,Chongqing,2581.072836,0,9
2014-04-01,Chongqing,2971.065411,0,10
2014-07-01,Chongqing,2616.870159,0,11
2014-10-01,Chongqing,4076.445375,0,12
2015-01-01,Chongqing,2828.428933,0,13
2015-04-01,Chongqing,3331.19942,0,14
2015-07-01,Chongqing,3380.063078,0,15
2015-10-01,Chongqing,3786.702195,0,16
2016-01-01,Chongqing,3162.75419,0,17
2016-04-01,Chongqing,3505.64323,0,18
2016-07-01,Chongqing,3748.411425,0,19
2016-10-01,Chongqing,4362.066684,0,20
2017-01-01,Chongqing,3588.891985,0,21
2017-04-01,Chongqing,3989.151394,0,22
2017-07-01,Chongqing,4242.189788,0,23
2017-10-01,Chongqing,4196.352407,0,24
2018-01-01,Chongqing,3989.778744,0,25
2018-04-01,Chongqing,4676.724043,0,26
2018-07-01,Chongqing,3990.695116,0,27
2018-10-01,Chongqing,4790.644216,0,28
2019-01-01,Chongqing,4163.717527,0,29
2019-04-01,Chongqing,4573.675411,0,30
2019-07-01,Chongqing,4710.461962,0,31
2019-10-01,Chongqing,5118.227013,0,32
2020-01-01,Chongqing,3808.387592,0,33
2020-04-01,Chongqing,4809.055863,0,34
2020-07-01,Chongqing,4980.792202,0,35
2020-10-01,Chongqing,5666.094578,0,36
2012-01-01,Sichuan,4453.77323,0,1
2012-04-01,Sichuan,5071.008459,0,2
2012-07-01,Sichuan,6226.345438,0,3
2012-10-01,Sichuan,5670.177968,0,4
2013-01-01,Sichuan,4771.322446,0,5
2013-04-01,Sichuan,5438.084642,0,6
2013-07-01,Sichuan,6525.702031,0,7
2013-10-01,Sichuan,6295.474085,0,8
2014-01-01,Sichuan,5051.093404,0,9
2014-04-01,Sichuan,5863.790491,0,10
2014-07-01,Sichuan,6877.094537,0,11
2014-10-01,Sichuan,6750.476492,0,12
2015-01-01,Sichuan,5300.420262,0,13
2015-04-01,Sichuan,5982.215895,0,14
2015-07-01,Sichuan,7455.657896,0,15
2015-10-01,Sichuan,6731.901661,0,16
2016-01-01,Sichuan,5589.3889,0,17
2016-04-01,Sichuan,6243.046926,0,18
2016-07-01,Sichuan,7981.353108,0,19
2016-10-01,Sichuan,7580.342488,0,20
2017-01-01,Sichuan,6207.78678,0,21
2017-04-01,Sichuan,6985.888105,0,22
2017-07-01,Sichuan,9215.358068,0,23
2017-10-01,Sichuan,7921.621389,0,24
2018-01-01,Sichuan,7541.507096,0,25
2018-04-01,Sichuan,8357.841684,0,26
2018-07-01,Sichuan,8768.873977,0,27
2018-10-01,Sichuan,9907.867178,0,28
2019-01-01,Sichuan,8142.514115,0,29
2019-04-01,Sichuan,9026.678863,0,30
2019-07-01,Sichuan,9269.740846,0,31
2019-10-01,Sichuan,9939.963773,0,32
2020-01-01,Sichuan,7600.461772,0,33
2020-04-01,Sichuan,9091.385164,0,34
2020-07-01,Sichuan,9676.995182,0,35
2020-10-01,Sichuan,10427.55549,0,36
2012-01-01,Guizhou,970.2938317,0,1
2012-04-01,Guizhou,1550.717338,0,2
2012-07-01,Guizhou,1439.762332,0,3
2012-10-01,Guizhou,2199.380506,0,4
2013-01-01,Guizhou,1088.199977,0,5
2013-04-01,Guizhou,1775.96348,0,6
2013-07-01,Guizhou,1622.162586,0,7
2013-10-01,Guizhou,2603.488644,0,8
2014-01-01,Guizhou,1228.390312,0,9
2014-04-01,Guizhou,2023.601797,0,10
2014-07-01,Guizhou,2035.97695,0,11
2014-10-01,Guizhou,2647.268715,0,12
2015-01-01,Guizhou,1409.4166,0,13
2015-04-01,Guizhou,2269.487596,0,14
2015-07-01,Guizhou,2374.096885,0,15
2015-10-01,Guizhou,2780.541865,0,16
2016-01-01,Guizhou,1758.046197,0,17
2016-04-01,Guizhou,2356.194323,0,18
2016-07-01,Guizhou,2644.210156,0,19
2016-10-01,Guizhou,3018.419493,0,20
2017-01-01,Guizhou,2075.316293,0,21
2017-04-01,Guizhou,2660.649729,0,22
2017-07-01,Guizhou,3085.280898,0,23
2017-10-01,Guizhou,3318.968834,0,24
2018-01-01,Guizhou,2714.830969,0,25
2018-04-01,Guizhou,3024.435165,0,26
2018-07-01,Guizhou,3096.101937,0,27
2018-10-01,Guizhou,3582.913125,0,28
2019-01-01,Guizhou,2959.198795,0,29
2019-04-01,Guizhou,3275.323248,0,30
2019-07-01,Guizhou,3361.100842,0,31
2019-10-01,Guizhou,3646.167587,0,32
2020-01-01,Guizhou,2828.639842,0,33
2020-04-01,Guizhou,3317.466081,0,34
2020-07-01,Guizhou,3579.960526,0,35
2020-10-01,Guizhou,4027.554023,0,36
2012-01-01,Yunnan,1782.01493,0,1
2012-04-01,Yunnan,1938.44103,0,2
2012-07-01,Yunnan,2269.64719,0,3
2012-10-01,Yunnan,3239.509546,0,4
2013-01-01,Yunnan,1964.898606,0,5
2013-04-01,Yunnan,2062.337255,0,6
2013-07-01,Yunnan,2512.720253,0,7
2013-10-01,Yunnan,3729.429886,0,8
2014-01-01,Yunnan,2083.115872,0,9
2014-04-01,Yunnan,2168.796719,0,10
2014-07-01,Yunnan,2702.878385,0,11
2014-10-01,Yunnan,3913.988542,0,12
2015-01-01,Yunnan,2182.349388,0,13
2015-04-01,Yunnan,2339.681243,0,14
2015-07-01,Yunnan,2879.756844,0,15
2015-10-01,Yunnan,3928.004345,0,16
2016-01-01,Yunnan,2270.743548,0,17
2016-04-01,Yunnan,2489.227547,0,18
2016-07-01,Yunnan,3050.452006,0,19
2016-10-01,Yunnan,4318.258602,0,20
2017-01-01,Yunnan,2531.844681,0,21
2017-04-01,Yunnan,2707.957635,0,22
2017-07-01,Yunnan,3401.786054,0,23
2017-10-01,Yunnan,4661.76218,0,24
2018-01-01,Yunnan,3682.64229,0,25
2018-04-01,Yunnan,4024.739328,0,26
2018-07-01,Yunnan,4279.97345,0,27
2018-10-01,Yunnan,4703.967671,0,28
2019-01-01,Yunnan,4038.034815,0,29
2019-04-01,Yunnan,4471.761658,0,30
2019-07-01,Yunnan,4607.689516,0,31
2019-10-01,Yunnan,4978.353117,0,32
2020-01-01,Yunnan,3810.713941,0,33
2020-04-01,Yunnan,4567.50313,0,34
2020-07-01,Yunnan,4810.458252,0,35
2020-10-01,Yunnan,5323.66806,0,36
2012-01-01,Tibet,118.8702244,0,1
2012-04-01,Tibet,138.9282694,0,2
2012-07-01,Tibet,191.933723,0,3
2012-10-01,Tibet,181.918954,0,4
2013-01-01,Tibet,133.6448505,0,5
2013-04-01,Tibet,153.7629388,0,6
2013-07-01,Tibet,214.2870628,0,7
2013-10-01,Tibet,207.1259377,0,8
2014-01-01,Tibet,145.6097291,0,9
2014-04-01,Tibet,167.1818638,0,10
2014-07-01,Tibet,247.715538,0,11
2014-10-01,Tibet,218.0720285,0,12
2015-01-01,Tibet,165.8920122,0,13
2015-04-01,Tibet,182.3717152,0,14
2015-07-01,Tibet,268.6717337,0,15
2015-10-01,Tibet,233.7597314,0,16
2016-01-01,Tibet,194.3619376,0,17
2016-04-01,Tibet,188.9088668,0,18
2016-07-01,Tibet,289.3715698,0,19
2016-10-01,Tibet,257.7004789,0,20
2017-01-01,Tibet,215.9135382,0,21
2017-04-01,Tibet,227.091471,0,22
2017-07-01,Tibet,306.4301138,0,23
2017-10-01,Tibet,292.8526145,0,24
2018-01-01,Tibet,270.0259179,0,25
2018-04-01,Tibet,291.770056,0,26
2018-07-01,Tibet,303.5588631,0,27
2018-10-01,Tibet,344.7452427,0,28
2019-01-01,Tibet,286.7016504,0,29
2019-04-01,Tibet,320.4343199,0,30
2019-07-01,Tibet,331.4855874,0,31
2019-10-01,Tibet,357.8801613,0,32
2020-01-01,Tibet,286.5938529,0,33
2020-04-01,Tibet,342.4258223,0,34
2020-07-01,Tibet,352.1089113,0,35
2020-10-01,Tibet,441.2773306,0,36
2012-01-01,Shaanxi,2442.363853,0,1
2012-04-01,Shaanxi,2988.910451,0,2
2012-07-01,Shaanxi,3048.139595,0,3
2012-10-01,Shaanxi,4312.691242,0,4
2013-01-01,Shaanxi,2646.287739,0,5
2013-04-01,Shaanxi,3201.377509,0,6
2013-07-01,Shaanxi,3252.515971,0,7
2013-10-01,Shaanxi,4814.103751,0,8
2014-01-01,Shaanxi,2812.294701,0,9
2014-04-01,Shaanxi,3465.196826,0,10
2014-07-01,Shaanxi,3497.067989,0,11
2014-10-01,Shaanxi,5193.937478,0,12
2015-01-01,Shaanxi,2911.482479,0,13
2015-04-01,Shaanxi,3721.914672,0,14
2015-07-01,Shaanxi,3693.37383,0,15
2015-10-01,Shaanxi,4770.575276,0,16
2016-01-01,Shaanxi,3171.851938,0,17
2016-04-01,Shaanxi,3619.830725,0,18
2016-07-01,Shaanxi,3865.658113,0,19
2016-10-01,Shaanxi,5393.324008,0,20
2017-01-01,Shaanxi,3403.796082,0,21
2017-04-01,Shaanxi,4440.298146,0,22
2017-07-01,Shaanxi,4544.715379,0,23
2017-10-01,Shaanxi,5420.560254,0,24
2018-01-01,Shaanxi,4161.424364,0,25
2018-04-01,Shaanxi,4709.940076,0,26
2018-07-01,Shaanxi,4781.508361,0,27
2018-10-01,Shaanxi,5423.189212,0,28
2019-01-01,Shaanxi,4451.727491,0,29
2019-04-01,Shaanxi,4945.058145,0,30
2019-07-01,Shaanxi,5065.594485,0,31
2019-10-01,Shaanxi,5506.021026,0,32
2020-01-01,Shaanxi,4074.566582,0,33
2020-04-01,Shaanxi,4855.650218,0,34
2020-07-01,Shaanxi,5187.323897,0,35
2020-10-01,Shaanxi,5666.628352,0,36
2012-01-01,Gansu,897.5460019,0,1
2012-04-01,Gansu,1003.987222,0,2
2012-07-01,Gansu,1460.241056,0,3
2012-10-01,Gansu,1632.11612,0,4
2013-01-01,Gansu,918.588444,0,5
2013-04-01,Gansu,1097.075364,0,6
2013-07-01,Gansu,1545.460976,0,7
2013-10-01,Gansu,1860.138917,0,8
2014-01-01,Gansu,923.550148,0,9
2014-04-01,Gansu,1168.37516,0,10
2014-07-01,Gansu,1625.655511,0,11
2014-10-01,Gansu,2017.583214,0,12
2015-01-01,Gansu,935.6171142,0,13
2015-04-01,Gansu,1225.084814,0,14
2015-07-01,Gansu,1663.429318,0,15
2015-10-01,Gansu,1785.634657,0,16
2016-01-01,Gansu,1008.851522,0,17
2016-04-01,Gansu,1206.875782,0,18
2016-07-01,Gansu,1675.484997,0,19
2016-10-01,Gansu,1985.247958,0,20
2017-01-01,Gansu,1125.30485,0,21
2017-04-01,Gansu,1293.015133,0,22
2017-07-01,Gansu,2128.617578,0,23
2017-10-01,Gansu,1452.614696,0,24
2018-01-01,Gansu,1386.389123,0,25
2018-04-01,Gansu,1613.103724,0,26
2018-07-01,Gansu,1657.044669,0,27
2018-10-01,Gansu,1732.611827,0,28
2019-01-01,Gansu,1492.877766,0,29
2019-04-01,Gansu,1644.301294,0,30
2019-07-01,Gansu,1712.60996,0,31
2019-10-01,Gansu,1867.277699,0,32
2020-01-01,Gansu,1437.824543,0,33
2020-04-01,Gansu,1660.096729,0,34
2020-07-01,Gansu,1768.853053,0,35
2020-10-01,Gansu,1948.026755,0,36
2012-01-01,Qinghai,281.9114954,0,1
2012-04-01,Qinghai,414.1091247,0,2
2012-07-01,Qinghai,432.0359462,0,3
2012-10-01,Qinghai,513.0832002,0,4
2013-01-01,Qinghai,297.3233223,0,5
2013-04-01,Qinghai,442.407036,0,6
2013-07-01,Qinghai,452.6749496,0,7
2013-10-01,Qinghai,580.347025,0,8
2014-01-01,Qinghai,315.8836944,0,9
2014-04-01,Qinghai,471.1834403,0,10
2014-07-01,Qinghai,465.8661981,0,11
2014-10-01,Qinghai,619.823189,0,12
2015-01-01,Qinghai,336.1670858,0,13
2015-04-01,Qinghai,463.7726621,0,14
2015-07-01,Qinghai,490.6811778,0,15
2015-10-01,Qinghai,625.9221165,0,16
2016-01-01,Qinghai,354.0563999,0,17
2016-04-01,Qinghai,474.8471571,0,18
2016-07-01,Qinghai,523.1414679,0,19
2016-10-01,Qinghai,651.0294127,0,20
2017-01-01,Qinghai,402.9155787,0,21
2017-04-01,Qinghai,523.2419749,0,22
2017-07-01,Qinghai,546.8889522,0,23
2017-10-01,Qinghai,538.7091162,0,24
2018-01-01,Qinghai,472.5190451,0,25
2018-04-01,Qinghai,495.2790444,0,26
2018-07-01,Qinghai,535.7823147,0,27
2018-10-01,Qinghai,550.6529832,0,28
2019-01-01,Qinghai,479.1114189,0,29
2019-04-01,Qinghai,534.3354012,0,30
2019-07-01,Qinghai,548.6292534,0,31
2019-10-01,Qinghai,601.4218138,0,32
2020-01-01,Qinghai,460.2062616,0,33
2020-04-01,Qinghai,527.6660162,0,34
2020-07-01,Qinghai,552.0514625,0,35
2020-10-01,Qinghai,598.0645609,0,36
2012-01-01,Ningxia,343.9421226,0,1
2012-04-01,Ningxia,483.7737795,0,2
2012-07-01,Ningxia,596.5329907,0,3
2012-10-01,Ningxia,646.7727698,0,4
2013-01-01,Ningxia,358.578912,0,5
2013-04-01,Ningxia,506.6487954,0,6
2013-07-01,Ningxia,641.0606661,0,7
2013-10-01,Ningxia,699.2166912,0,8
2014-01-01,Ningxia,372.2713239,0,9
2014-04-01,Ningxia,530.1909855,0,10
2014-07-01,Ningxia,679.7313444,0,11
2014-10-01,Ningxia,732.1147978,0,12
2015-01-01,Ningxia,382.5639644,0,13
2015-04-01,Ningxia,553.4273205,0,14
2015-07-01,Ningxia,712.3733428,0,15
2015-10-01,Ningxia,774.2375411,0,16
2016-01-01,Ningxia,417.2180547,0,17
2016-04-01,Ningxia,572.8599511,0,18
2016-07-01,Ningxia,747.9099463,0,19
2016-10-01,Ningxia,857.3697215,0,20
2017-01-01,Ningxia,477.2363616,0,21
2017-04-01,Ningxia,656.0987484,0,22
2017-07-01,Ningxia,846.2383888,0,23
2017-10-01,Ningxia,795.7261547,0,24
2018-01-01,Ningxia,593.4720043,0,25
2018-04-01,Ningxia,689.8377162,0,26
2018-07-01,Ningxia,695.8285699,0,27
2018-10-01,Ningxia,786.751222,0,28
2019-01-01,Ningxia,640.479072,0,29
2019-04-01,Ningxia,712.1043173,0,30
2019-07-01,Ningxia,737.4956014,0,31
2019-10-01,Ningxia,804.0161338,0,32
2020-01-01,Ningxia,610.1405606,0,33
2020-04-01,Ningxia,732.1209892,0,34
2020-07-01,Ningxia,784.7009532,0,35
2020-10-01,Ningxia,855.3834078,0,36
2012-01-01,Xinjiang,919.5641552,0,1
2012-04-01,Xinjiang,1267.205319,0,2
2012-07-01,Xinjiang,2104.386308,0,3
2012-10-01,Xinjiang,2234.267463,0,4
2013-01-01,Xinjiang,971.6646606,0,5
2013-04-01,Xinjiang,1358.322066,0,6
2013-07-01,Xinjiang,2237.693767,0,7
2013-10-01,Xinjiang,2505.018915,0,8
2014-01-01,Xinjiang,1033.729835,0,9
2014-04-01,Xinjiang,1434.639853,0,10
2014-07-01,Xinjiang,2349.694988,0,11
2014-10-01,Xinjiang,2802.359,0,12
2015-01-01,Xinjiang,987.4430594,0,13
2015-04-01,Xinjiang,2003.883968,0,14
2015-07-01,Xinjiang,2230.196439,0,15
2015-10-01,Xinjiang,2391.56217,0,16
2016-01-01,Xinjiang,1246.247642,0,17
2016-04-01,Xinjiang,1847.902036,0,18
2016-07-01,Xinjiang,2317.522244,0,19
2016-10-01,Xinjiang,2354.947872,0,20
2017-01-01,Xinjiang,1418.278787,0,21
2017-04-01,Xinjiang,2050.561096,0,22
2017-07-01,Xinjiang,2578.85559,0,23
2017-10-01,Xinjiang,2518.650189,0,24
2018-01-01,Xinjiang,2160.244973,0,25
2018-04-01,Xinjiang,2405.590152,0,26
2018-07-01,Xinjiang,2473.348268,0,27
2018-10-01,Xinjiang,2855.262676,0,28
2019-01-01,Xinjiang,2287.834207,0,29
2019-04-01,Xinjiang,2547.528976,0,30
2019-07-01,Xinjiang,2592.098671,0,31
2019-10-01,Xinjiang,2869.079616,0,32
2020-01-01,Xinjiang,2266.606799,0,33
2020-04-01,Xinjiang,2536.428259,0,34
2020-07-01,Xinjiang,2519.041973,0,35
2020-10-01,Xinjiang,2970.535647,0,36
