date,t,cause,hospitalization
2003-01-01,1,A10_B99_nopneumo,1649
2003-02-01,2,A10_B99_nopneumo,1618
2003-03-01,3,A10_B99_nopneumo,1832
2003-04-01,4,A10_B99_nopneumo,1781
2003-05-01,5,A10_B99_nopneumo,1757
2003-06-01,6,A10_B99_nopneumo,1730
2003-07-01,7,A10_B99_nopneumo,2207
2003-08-01,8,A10_B99_nopneumo,2151
2003-09-01,9,A10_B99_nopneumo,2343
2003-10-01,10,A10_B99_nopneumo,2191
2003-11-01,11,A10_B99_nopneumo,2079
2003-12-01,12,A10_B99_nopneumo,2186
2004-01-01,13,A10_B99_nopneumo,2226
2004-02-01,14,A10_B99_nopneumo,2283
2004-03-01,15,A10_B99_nopneumo,2610
2004-04-01,16,A10_B99_nopneumo,2221
2004-05-01,17,A10_B99_nopneumo,2287
2004-06-01,18,A10_B99_nopneumo,2232
2004-07-01,19,A10_B99_nopneumo,2142
2004-08-01,20,A10_B99_nopneumo,2164
2004-09-01,21,A10_B99_nopneumo,2185
2004-10-01,22,A10_B99_nopneumo,2037
2004-11-01,23,A10_B99_nopneumo,2131
2004-12-01,24,A10_B99_nopneumo,2053
2005-01-01,25,A10_B99_nopneumo,2301
2005-02-01,26,A10_B99_nopneumo,2084
2005-03-01,27,A10_B99_nopneumo,2442
2005-04-01,28,A10_B99_nopneumo,2336
2005-05-01,29,A10_B99_nopneumo,2338
2005-06-01,30,A10_B99_nopneumo,2228
2005-07-01,31,A10_B99_nopneumo,2215
2005-08-01,32,A10_B99_nopneumo,2217
2005-09-01,33,A10_B99_nopneumo,2168
2005-10-01,34,A10_B99_nopneumo,2098
2005-11-01,35,A10_B99_nopneumo,2032
2005-12-01,36,A10_B99_nopneumo,1967
2006-01-01,37,A10_B99_nopneumo,2209
2006-02-01,38,A10_B99_nopneumo,1921
2006-03-01,39,A10_B99_nopneumo,2169
2006-04-01,40,A10_B99_nopneumo,2109
2006-05-01,41,A10_B99_nopneumo,2155
2006-06-01,42,A10_B99_nopneumo,2069
2006-07-01,43,A10_B99_nopneumo,2075
2006-08-01,44,A10_B99_nopneumo,1989
2006-09-01,45,A10_B99_nopneumo,1936
2006-10-01,46,A10_B99_nopneumo,2148
2006-11-01,47,A10_B99_nopneumo,1944
2006-12-01,48,A10_B99_nopneumo,1950
2007-01-01,49,A10_B99_nopneumo,2013
2007-02-01,50,A10_B99_nopneumo,1953
2007-03-01,51,A10_B99_nopneumo,2208
2007-04-01,52,A10_B99_nopneumo,2121
2007-05-01,53,A10_B99_nopneumo,1979
2007-06-01,54,A10_B99_nopneumo,1975
2007-07-01,55,A10_B99_nopneumo,1952
2007-08-01,56,A10_B99_nopneumo,1913
2007-09-01,57,A10_B99_nopneumo,1765
2007-10-01,58,A10_B99_nopneumo,1994
2007-11-01,59,A10_B99_nopneumo,1986
2007-12-01,60,A10_B99_nopneumo,2413
2008-01-01,61,A10_B99_nopneumo,2907
2008-02-01,62,A10_B99_nopneumo,2819
2008-03-01,63,A10_B99_nopneumo,3173
2008-04-01,64,A10_B99_nopneumo,3568
2008-05-01,65,A10_B99_nopneumo,3273
2008-06-01,66,A10_B99_nopneumo,2892
2008-07-01,67,A10_B99_nopneumo,2746
2008-08-01,68,A10_B99_nopneumo,2698
2008-09-01,69,A10_B99_nopneumo,2588
2008-10-01,70,A10_B99_nopneumo,2799
2008-11-01,71,A10_B99_nopneumo,2530
2008-12-01,72,A10_B99_nopneumo,2574
2009-01-01,73,A10_B99_nopneumo,2588
2009-02-01,74,A10_B99_nopneumo,2508
2009-03-01,75,A10_B99_nopneumo,2989
2009-04-01,76,A10_B99_nopneumo,2797
2009-05-01,77,A10_B99_nopneumo,2834
2009-06-01,78,A10_B99_nopneumo,2655
2009-07-01,79,A10_B99_nopneumo,2631
2009-08-01,80,A10_B99_nopneumo,2618
2009-09-01,81,A10_B99_nopneumo,2490
2009-10-01,82,A10_B99_nopneumo,2560
2009-11-01,83,A10_B99_nopneumo,2595
2009-12-01,84,A10_B99_nopneumo,2572
2012-01-01,85,A10_B99_nopneumo,3110
2012-02-01,86,A10_B99_nopneumo,3035
2012-03-01,87,A10_B99_nopneumo,3418
2012-04-01,88,A10_B99_nopneumo,3302
2012-05-01,89,A10_B99_nopneumo,3301
2012-06-01,90,A10_B99_nopneumo,3202
2012-07-01,91,A10_B99_nopneumo,3191
2012-08-01,92,A10_B99_nopneumo,3026
2012-09-01,93,A10_B99_nopneumo,3105
2012-10-01,94,A10_B99_nopneumo,3275
2012-11-01,95,A10_B99_nopneumo,3158
2012-12-01,96,A10_B99_nopneumo,3271
2013-01-01,97,A10_B99_nopneumo,3440
2013-02-01,98,A10_B99_nopneumo,3282
2013-03-01,99,A10_B99_nopneumo,3538
2013-04-01,100,A10_B99_nopneumo,3603
2013-05-01,101,A10_B99_nopneumo,3583
2013-06-01,102,A10_B99_nopneumo,3477
2013-07-01,103,A10_B99_nopneumo,3447
2013-08-01,104,A10_B99_nopneumo,3370
2013-09-01,105,A10_B99_nopneumo,3309
2013-10-01,106,A10_B99_nopneumo,3446
2013-11-01,107,A10_B99_nopneumo,3336
2013-12-01,108,A10_B99_nopneumo,3446
2003-01-01,1,A39,11
2003-02-01,2,A39,9
2003-03-01,3,A39,14
2003-04-01,4,A39,14
2003-05-01,5,A39,18
2003-06-01,6,A39,13
2003-07-01,7,A39,25
2003-08-01,8,A39,23
2003-09-01,9,A39,25
2003-10-01,10,A39,17
2003-11-01,11,A39,11
2003-12-01,12,A39,15
2004-01-01,13,A39,12
2004-02-01,14,A39,13
2004-03-01,15,A39,29
2004-04-01,16,A39,15
2004-05-01,17,A39,20
2004-06-01,18,A39,26
2004-07-01,19,A39,26
2004-08-01,20,A39,21
2004-09-01,21,A39,23
2004-10-01,22,A39,13
2004-11-01,23,A39,12
2004-12-01,24,A39,14
2005-01-01,25,A39,23
2005-02-01,26,A39,22
2005-03-01,27,A39,22
2005-04-01,28,A39,10
2005-05-01,29,A39,18
2005-06-01,30,A39,14
2005-07-01,31,A39,15
2005-08-01,32,A39,24
2005-09-01,33,A39,20
2005-10-01,34,A39,17
2005-11-01,35,A39,15
2005-12-01,36,A39,15
2006-01-01,37,A39,27
2006-02-01,38,A39,13
2006-03-01,39,A39,9
2006-04-01,40,A39,14
2006-05-01,41,A39,15
2006-06-01,42,A39,23
2006-07-01,43,A39,15
2006-08-01,44,A39,18
2006-09-01,45,A39,27
2006-10-01,46,A39,13
2006-11-01,47,A39,23
2006-12-01,48,A39,14
2007-01-01,49,A39,14
2007-02-01,50,A39,19
2007-03-01,51,A39,8
2007-04-01,52,A39,15
2007-05-01,53,A39,11
2007-06-01,54,A39,22
2007-07-01,55,A39,14
2007-08-01,56,A39,19
2007-09-01,57,A39,14
2007-10-01,58,A39,13
2007-11-01,59,A39,14
2007-12-01,60,A39,20
2008-01-01,61,A39,46
2008-02-01,62,A39,17
2008-03-01,63,A39,28
2008-04-01,64,A39,26
2008-05-01,65,A39,30
2008-06-01,66,A39,23
2008-07-01,67,A39,34
2008-08-01,68,A39,30
2008-09-01,69,A39,31
2008-10-01,70,A39,24
2008-11-01,71,A39,18
2008-12-01,72,A39,35
2009-01-01,73,A39,36
2009-02-01,74,A39,15
2009-03-01,75,A39,37
2009-04-01,76,A39,23
2009-05-01,77,A39,41
2009-06-01,78,A39,40
2009-07-01,79,A39,51
2009-08-01,80,A39,59
2009-09-01,81,A39,41
2009-10-01,82,A39,39
2009-11-01,83,A39,35
2009-12-01,84,A39,30
2012-01-01,85,A39,25
2012-02-01,86,A39,22
2012-03-01,87,A39,31
2012-04-01,88,A39,24
2012-05-01,89,A39,31
2012-06-01,90,A39,41
2012-07-01,91,A39,28
2012-08-01,92,A39,40
2012-09-01,93,A39,30
2012-10-01,94,A39,36
2012-11-01,95,A39,30
2012-12-01,96,A39,32
2013-01-01,97,A39,27
2013-02-01,98,A39,31
2013-03-01,99,A39,27
2013-04-01,100,A39,26
2013-05-01,101,A39,36
2013-06-01,102,A39,34
2013-07-01,103,A39,27
2013-08-01,104,A39,24
2013-09-01,105,A39,26
2013-10-01,106,A39,31
2013-11-01,107,A39,34
2013-12-01,108,A39,38
2003-01-01,1,A41,322
2003-02-01,2,A41,349
2003-03-01,3,A41,459
2003-04-01,4,A41,481
2003-05-01,5,A41,454
2003-06-01,6,A41,421
2003-07-01,7,A41,571
2003-08-01,8,A41,537
2003-09-01,9,A41,571
2003-10-01,10,A41,528
2003-11-01,11,A41,511
2003-12-01,12,A41,541
2004-01-01,13,A41,541
2004-02-01,14,A41,637
2004-03-01,15,A41,738
2004-04-01,16,A41,627
2004-05-01,17,A41,620
2004-06-01,18,A41,652
2004-07-01,19,A41,600
2004-08-01,20,A41,608
2004-09-01,21,A41,571
2004-10-01,22,A41,538
2004-11-01,23,A41,583
2004-12-01,24,A41,521
2005-01-01,25,A41,565
2005-02-01,26,A41,489
2005-03-01,27,A41,594
2005-04-01,28,A41,629
2005-05-01,29,A41,618
2005-06-01,30,A41,665
2005-07-01,31,A41,655
2005-08-01,32,A41,532
2005-09-01,33,A41,471
2005-10-01,34,A41,547
2005-11-01,35,A41,499
2005-12-01,36,A41,499
2006-01-01,37,A41,564
2006-02-01,38,A41,501
2006-03-01,39,A41,532
2006-04-01,40,A41,591
2006-05-01,41,A41,593
2006-06-01,42,A41,564
2006-07-01,43,A41,543
2006-08-01,44,A41,514
2006-09-01,45,A41,463
2006-10-01,46,A41,512
2006-11-01,47,A41,424
2006-12-01,48,A41,517
2007-01-01,49,A41,486
2007-02-01,50,A41,494
2007-03-01,51,A41,566
2007-04-01,52,A41,578
2007-05-01,53,A41,543
2007-06-01,54,A41,474
2007-07-01,55,A41,500
2007-08-01,56,A41,472
2007-09-01,57,A41,443
2007-10-01,58,A41,463
2007-11-01,59,A41,462
2007-12-01,60,A41,650
2008-01-01,61,A41,695
2008-02-01,62,A41,723
2008-03-01,63,A41,815
2008-04-01,64,A41,850
2008-05-01,65,A41,846
2008-06-01,66,A41,836
2008-07-01,67,A41,792
2008-08-01,68,A41,792
2008-09-01,69,A41,810
2008-10-01,70,A41,871
2008-11-01,71,A41,753
2008-12-01,72,A41,777
2009-01-01,73,A41,765
2009-02-01,74,A41,747
2009-03-01,75,A41,868
2009-04-01,76,A41,762
2009-05-01,77,A41,790
2009-06-01,78,A41,742
2009-07-01,79,A41,813
2009-08-01,80,A41,796
2009-09-01,81,A41,788
2009-10-01,82,A41,769
2009-11-01,83,A41,789
2009-12-01,84,A41,857
2012-01-01,85,A41,822
2012-02-01,86,A41,869
2012-03-01,87,A41,926
2012-04-01,88,A41,897
2012-05-01,89,A41,960
2012-06-01,90,A41,894
2012-07-01,91,A41,926
2012-08-01,92,A41,823
2012-09-01,93,A41,838
2012-10-01,94,A41,890
2012-11-01,95,A41,815
2012-12-01,96,A41,877
2013-01-01,97,A41,942
2013-02-01,98,A41,867
2013-03-01,99,A41,1010
2013-04-01,100,A41,1093
2013-05-01,101,A41,1020
2013-06-01,102,A41,966
2013-07-01,103,A41,970
2013-08-01,104,A41,942
2013-09-01,105,A41,877
2013-10-01,106,A41,860
2013-11-01,107,A41,760
2013-12-01,108,A41,924
2003-01-01,1,B20_24,5
2003-02-01,2,B20_24,7
2003-03-01,3,B20_24,7
2003-04-01,4,B20_24,20
2003-05-01,5,B20_24,13
2003-06-01,6,B20_24,16
2003-07-01,7,B20_24,26
2003-08-01,8,B20_24,27
2003-09-01,9,B20_24,19
2003-10-01,10,B20_24,24
2003-11-01,11,B20_24,20
2003-12-01,12,B20_24,26
2004-01-01,13,B20_24,18
2004-02-01,14,B20_24,20
2004-03-01,15,B20_24,21
2004-04-01,16,B20_24,22
2004-05-01,17,B20_24,26
2004-06-01,18,B20_24,20
2004-07-01,19,B20_24,20
2004-08-01,20,B20_24,27
2004-09-01,21,B20_24,27
2004-10-01,22,B20_24,29
2004-11-01,23,B20_24,20
2004-12-01,24,B20_24,25
2005-01-01,25,B20_24,22
2005-02-01,26,B20_24,21
2005-03-01,27,B20_24,34
2005-04-01,28,B20_24,22
2005-05-01,29,B20_24,35
2005-06-01,30,B20_24,20
2005-07-01,31,B20_24,24
2005-08-01,32,B20_24,21
2005-09-01,33,B20_24,36
2005-10-01,34,B20_24,26
2005-11-01,35,B20_24,26
2005-12-01,36,B20_24,16
2006-01-01,37,B20_24,13
2006-02-01,38,B20_24,15
2006-03-01,39,B20_24,17
2006-04-01,40,B20_24,14
2006-05-01,41,B20_24,18
2006-06-01,42,B20_24,17
2006-07-01,43,B20_24,21
2006-08-01,44,B20_24,22
2006-09-01,45,B20_24,13
2006-10-01,46,B20_24,28
2006-11-01,47,B20_24,19
2006-12-01,48,B20_24,16
2007-01-01,49,B20_24,17
2007-02-01,50,B20_24,13
2007-03-01,51,B20_24,21
2007-04-01,52,B20_24,18
2007-05-01,53,B20_24,23
2007-06-01,54,B20_24,19
2007-07-01,55,B20_24,26
2007-08-01,56,B20_24,18
2007-09-01,57,B20_24,14
2007-10-01,58,B20_24,14
2007-11-01,59,B20_24,17
2007-12-01,60,B20_24,14
2008-01-01,61,B20_24,19
2008-02-01,62,B20_24,19
2008-03-01,63,B20_24,19
2008-04-01,64,B20_24,19
2008-05-01,65,B20_24,11
2008-06-01,66,B20_24,16
2008-07-01,67,B20_24,14
2008-08-01,68,B20_24,24
2008-09-01,69,B20_24,19
2008-10-01,70,B20_24,22
2008-11-01,71,B20_24,13
2008-12-01,72,B20_24,9
2009-01-01,73,B20_24,15
2009-02-01,74,B20_24,10
2009-03-01,75,B20_24,15
2009-04-01,76,B20_24,9
2009-05-01,77,B20_24,22
2009-06-01,78,B20_24,14
2009-07-01,79,B20_24,26
2009-08-01,80,B20_24,18
2009-09-01,81,B20_24,22
2009-10-01,82,B20_24,14
2009-11-01,83,B20_24,18
2009-12-01,84,B20_24,10
2012-01-01,85,B20_24,10
2012-02-01,86,B20_24,6
2012-03-01,87,B20_24,11
2012-04-01,88,B20_24,8
2012-05-01,89,B20_24,9
2012-06-01,90,B20_24,17
2012-07-01,91,B20_24,12
2012-08-01,92,B20_24,10
2012-09-01,93,B20_24,15
2012-10-01,94,B20_24,16
2012-11-01,95,B20_24,11
2012-12-01,96,B20_24,10
2013-01-01,97,B20_24,10
2013-02-01,98,B20_24,12
2013-03-01,99,B20_24,9
2013-04-01,100,B20_24,18
2013-05-01,101,B20_24,14
2013-06-01,102,B20_24,13
2013-07-01,103,B20_24,19
2013-08-01,104,B20_24,19
2013-09-01,105,B20_24,17
2013-10-01,106,B20_24,15
2013-11-01,107,B20_24,8
2013-12-01,108,B20_24,9
2003-01-01,1,B34,3
2003-02-01,2,B34,1
2003-03-01,3,B34,2
2003-04-01,4,B34,0
2003-05-01,5,B34,1
2003-06-01,6,B34,1
2003-07-01,7,B34,3
2003-08-01,8,B34,2
2003-09-01,9,B34,1
2003-10-01,10,B34,3
2003-11-01,11,B34,0
2003-12-01,12,B34,4
2004-01-01,13,B34,0
2004-02-01,14,B34,3
2004-03-01,15,B34,1
2004-04-01,16,B34,2
2004-05-01,17,B34,1
2004-06-01,18,B34,0
2004-07-01,19,B34,3
2004-08-01,20,B34,5
2004-09-01,21,B34,3
2004-10-01,22,B34,2
2004-11-01,23,B34,4
2004-12-01,24,B34,1
2005-01-01,25,B34,8
2005-02-01,26,B34,3
2005-03-01,27,B34,5
2005-04-01,28,B34,6
2005-05-01,29,B34,1
2005-06-01,30,B34,4
2005-07-01,31,B34,3
2005-08-01,32,B34,6
2005-09-01,33,B34,4
2005-10-01,34,B34,7
2005-11-01,35,B34,1
2005-12-01,36,B34,7
2006-01-01,37,B34,2
2006-02-01,38,B34,0
2006-03-01,39,B34,2
2006-04-01,40,B34,2
2006-05-01,41,B34,3
2006-06-01,42,B34,1
2006-07-01,43,B34,1
2006-08-01,44,B34,1
2006-09-01,45,B34,1
2006-10-01,46,B34,3
2006-11-01,47,B34,5
2006-12-01,48,B34,8
2007-01-01,49,B34,1
2007-02-01,50,B34,1
2007-03-01,51,B34,3
2007-04-01,52,B34,3
2007-05-01,53,B34,4
2007-06-01,54,B34,2
2007-07-01,55,B34,0
2007-08-01,56,B34,3
2007-09-01,57,B34,0
2007-10-01,58,B34,2
2007-11-01,59,B34,2
2007-12-01,60,B34,1
2008-01-01,61,B34,6
2008-02-01,62,B34,4
2008-03-01,63,B34,10
2008-04-01,64,B34,16
2008-05-01,65,B34,8
2008-06-01,66,B34,4
2008-07-01,67,B34,4
2008-08-01,68,B34,8
2008-09-01,69,B34,8
2008-10-01,70,B34,5
2008-11-01,71,B34,10
2008-12-01,72,B34,10
2009-01-01,73,B34,12
2009-02-01,74,B34,16
2009-03-01,75,B34,24
2009-04-01,76,B34,14
2009-05-01,77,B34,15
2009-06-01,78,B34,15
2009-07-01,79,B34,18
2009-08-01,80,B34,13
2009-09-01,81,B34,20
2009-10-01,82,B34,25
2009-11-01,83,B34,27
2009-12-01,84,B34,23
2012-01-01,85,B34,41
2012-02-01,86,B34,41
2012-03-01,87,B34,37
2012-04-01,88,B34,38
2012-05-01,89,B34,42
2012-06-01,90,B34,35
2012-07-01,91,B34,37
2012-08-01,92,B34,29
2012-09-01,93,B34,50
2012-10-01,94,B34,39
2012-11-01,95,B34,42
2012-12-01,96,B34,44
2013-01-01,97,B34,38
2013-02-01,98,B34,49
2013-03-01,99,B34,44
2013-04-01,100,B34,43
2013-05-01,101,B34,52
2013-06-01,102,B34,49
2013-07-01,103,B34,38
2013-08-01,104,B34,51
2013-09-01,105,B34,43
2013-10-01,106,B34,48
2013-11-01,107,B34,46
2013-12-01,108,B34,56
2003-01-01,1,C00_D48,190
2003-02-01,2,C00_D48,189
2003-03-01,3,C00_D48,188
2003-04-01,4,C00_D48,214
2003-05-01,5,C00_D48,237
2003-06-01,6,C00_D48,256
2003-07-01,7,C00_D48,294
2003-08-01,8,C00_D48,336
2003-09-01,9,C00_D48,396
2003-10-01,10,C00_D48,365
2003-11-01,11,C00_D48,321
2003-12-01,12,C00_D48,316
2004-01-01,13,C00_D48,351
2004-02-01,14,C00_D48,276
2004-03-01,15,C00_D48,421
2004-04-01,16,C00_D48,343
2004-05-01,17,C00_D48,365
2004-06-01,18,C00_D48,312
2004-07-01,19,C00_D48,333
2004-08-01,20,C00_D48,369
2004-09-01,21,C00_D48,338
2004-10-01,22,C00_D48,339
2004-11-01,23,C00_D48,332
2004-12-01,24,C00_D48,319
2005-01-01,25,C00_D48,338
2005-02-01,26,C00_D48,284
2005-03-01,27,C00_D48,365
2005-04-01,28,C00_D48,351
2005-05-01,29,C00_D48,349
2005-06-01,30,C00_D48,357
2005-07-01,31,C00_D48,311
2005-08-01,32,C00_D48,356
2005-09-01,33,C00_D48,340
2005-10-01,34,C00_D48,297
2005-11-01,35,C00_D48,304
2005-12-01,36,C00_D48,265
2006-01-01,37,C00_D48,273
2006-02-01,38,C00_D48,258
2006-03-01,39,C00_D48,310
2006-04-01,40,C00_D48,266
2006-05-01,41,C00_D48,297
2006-06-01,42,C00_D48,251
2006-07-01,43,C00_D48,269
2006-08-01,44,C00_D48,363
2006-09-01,45,C00_D48,283
2006-10-01,46,C00_D48,280
2006-11-01,47,C00_D48,285
2006-12-01,48,C00_D48,258
2007-01-01,49,C00_D48,268
2007-02-01,50,C00_D48,253
2007-03-01,51,C00_D48,306
2007-04-01,52,C00_D48,272
2007-05-01,53,C00_D48,312
2007-06-01,54,C00_D48,254
2007-07-01,55,C00_D48,303
2007-08-01,56,C00_D48,324
2007-09-01,57,C00_D48,273
2007-10-01,58,C00_D48,290
2007-11-01,59,C00_D48,288
2007-12-01,60,C00_D48,255
2008-01-01,61,C00_D48,272
2008-02-01,62,C00_D48,247
2008-03-01,63,C00_D48,255
2008-04-01,64,C00_D48,250
2008-05-01,65,C00_D48,222
2008-06-01,66,C00_D48,252
2008-07-01,67,C00_D48,257
2008-08-01,68,C00_D48,218
2008-09-01,69,C00_D48,221
2008-10-01,70,C00_D48,273
2008-11-01,71,C00_D48,204
2008-12-01,72,C00_D48,201
2009-01-01,73,C00_D48,191
2009-02-01,74,C00_D48,174
2009-03-01,75,C00_D48,221
2009-04-01,76,C00_D48,189
2009-05-01,77,C00_D48,211
2009-06-01,78,C00_D48,201
2009-07-01,79,C00_D48,207
2009-08-01,80,C00_D48,226
2009-09-01,81,C00_D48,251
2009-10-01,82,C00_D48,219
2009-11-01,83,C00_D48,238
2009-12-01,84,C00_D48,201
2012-01-01,85,C00_D48,192
2012-02-01,86,C00_D48,148
2012-03-01,87,C00_D48,207
2012-04-01,88,C00_D48,176
2012-05-01,89,C00_D48,196
2012-06-01,90,C00_D48,200
2012-07-01,91,C00_D48,207
2012-08-01,92,C00_D48,245
2012-09-01,93,C00_D48,203
2012-10-01,94,C00_D48,209
2012-11-01,95,C00_D48,186
2012-12-01,96,C00_D48,152
2013-01-01,97,C00_D48,194
2013-02-01,98,C00_D48,167
2013-03-01,99,C00_D48,191
2013-04-01,100,C00_D48,182
2013-05-01,101,C00_D48,193
2013-06-01,102,C00_D48,196
2013-07-01,103,C00_D48,200
2013-08-01,104,C00_D48,207
2013-09-01,105,C00_D48,234
2013-10-01,106,C00_D48,232
2013-11-01,107,C00_D48,177
2013-12-01,108,C00_D48,205
2003-01-01,1,D50_89,194
2003-02-01,2,D50_89,189
2003-03-01,3,D50_89,198
2003-04-01,4,D50_89,178
2003-05-01,5,D50_89,206
2003-06-01,6,D50_89,180
2003-07-01,7,D50_89,256
2003-08-01,8,D50_89,272
2003-09-01,9,D50_89,288
2003-10-01,10,D50_89,308
2003-11-01,11,D50_89,301
2003-12-01,12,D50_89,300
2004-01-01,13,D50_89,300
2004-02-01,14,D50_89,268
2004-03-01,15,D50_89,287
2004-04-01,16,D50_89,293
2004-05-01,17,D50_89,268
2004-06-01,18,D50_89,244
2004-07-01,19,D50_89,263
2004-08-01,20,D50_89,264
2004-09-01,21,D50_89,262
2004-10-01,22,D50_89,237
2004-11-01,23,D50_89,248
2004-12-01,24,D50_89,276
2005-01-01,25,D50_89,287
2005-02-01,26,D50_89,279
2005-03-01,27,D50_89,289
2005-04-01,28,D50_89,295
2005-05-01,29,D50_89,250
2005-06-01,30,D50_89,245
2005-07-01,31,D50_89,231
2005-08-01,32,D50_89,268
2005-09-01,33,D50_89,265
2005-10-01,34,D50_89,292
2005-11-01,35,D50_89,254
2005-12-01,36,D50_89,233
2006-01-01,37,D50_89,301
2006-02-01,38,D50_89,262
2006-03-01,39,D50_89,280
2006-04-01,40,D50_89,224
2006-05-01,41,D50_89,262
2006-06-01,42,D50_89,227
2006-07-01,43,D50_89,250
2006-08-01,44,D50_89,236
2006-09-01,45,D50_89,248
2006-10-01,46,D50_89,274
2006-11-01,47,D50_89,232
2006-12-01,48,D50_89,212
2007-01-01,49,D50_89,254
2007-02-01,50,D50_89,235
2007-03-01,51,D50_89,291
2007-04-01,52,D50_89,221
2007-05-01,53,D50_89,252
2007-06-01,54,D50_89,200
2007-07-01,55,D50_89,264
2007-08-01,56,D50_89,285
2007-09-01,57,D50_89,232
2007-10-01,58,D50_89,274
2007-11-01,59,D50_89,263
2007-12-01,60,D50_89,256
2008-01-01,61,D50_89,260
2008-02-01,62,D50_89,248
2008-03-01,63,D50_89,290
2008-04-01,64,D50_89,290
2008-05-01,65,D50_89,258
2008-06-01,66,D50_89,215
2008-07-01,67,D50_89,244
2008-08-01,68,D50_89,243
2008-09-01,69,D50_89,230
2008-10-01,70,D50_89,254
2008-11-01,71,D50_89,195
2008-12-01,72,D50_89,207
2009-01-01,73,D50_89,218
2009-02-01,74,D50_89,233
2009-03-01,75,D50_89,251
2009-04-01,76,D50_89,250
2009-05-01,77,D50_89,250
2009-06-01,78,D50_89,204
2009-07-01,79,D50_89,215
2009-08-01,80,D50_89,215
2009-09-01,81,D50_89,242
2009-10-01,82,D50_89,249
2009-11-01,83,D50_89,249
2009-12-01,84,D50_89,231
2012-01-01,85,D50_89,258
2012-02-01,86,D50_89,241
2012-03-01,87,D50_89,254
2012-04-01,88,D50_89,255
2012-05-01,89,D50_89,233
2012-06-01,90,D50_89,194
2012-07-01,91,D50_89,202
2012-08-01,92,D50_89,244
2012-09-01,93,D50_89,258
2012-10-01,94,D50_89,258
2012-11-01,95,D50_89,225
2012-12-01,96,D50_89,226
2013-01-01,97,D50_89,233
2013-02-01,98,D50_89,210
2013-03-01,99,D50_89,237
2013-04-01,100,D50_89,197
2013-05-01,101,D50_89,232
2013-06-01,102,D50_89,260
2013-07-01,103,D50_89,239
2013-08-01,104,D50_89,252
2013-09-01,105,D50_89,262
2013-10-01,106,D50_89,259
2013-11-01,107,D50_89,269
2013-12-01,108,D50_89,286
2003-01-01,1,E00_99,1559
2003-02-01,2,E00_99,1522
2003-03-01,3,E00_99,1649
2003-04-01,4,E00_99,1440
2003-05-01,5,E00_99,1443
2003-06-01,6,E00_99,1359
2003-07-01,7,E00_99,1823
2003-08-01,8,E00_99,2013
2003-09-01,9,E00_99,1807
2003-10-01,10,E00_99,1507
2003-11-01,11,E00_99,1332
2003-12-01,12,E00_99,1414
2004-01-01,13,E00_99,1480
2004-02-01,14,E00_99,1728
2004-03-01,15,E00_99,1851
2004-04-01,16,E00_99,1347
2004-05-01,17,E00_99,1153
2004-06-01,18,E00_99,1211
2004-07-01,19,E00_99,1389
2004-08-01,20,E00_99,1823
2004-09-01,21,E00_99,1802
2004-10-01,22,E00_99,1327
2004-11-01,23,E00_99,1250
2004-12-01,24,E00_99,1169
2005-01-01,25,E00_99,1341
2005-02-01,26,E00_99,1302
2005-03-01,27,E00_99,1522
2005-04-01,28,E00_99,1348
2005-05-01,29,E00_99,1405
2005-06-01,30,E00_99,1338
2005-07-01,31,E00_99,1379
2005-08-01,32,E00_99,1754
2005-09-01,33,E00_99,1414
2005-10-01,34,E00_99,1332
2005-11-01,35,E00_99,1105
2005-12-01,36,E00_99,1139
2006-01-01,37,E00_99,1344
2006-02-01,38,E00_99,1146
2006-03-01,39,E00_99,1270
2006-04-01,40,E00_99,1260
2006-05-01,41,E00_99,1233
2006-06-01,42,E00_99,1228
2006-07-01,43,E00_99,1364
2006-08-01,44,E00_99,1483
2006-09-01,45,E00_99,1269
2006-10-01,46,E00_99,1054
2006-11-01,47,E00_99,1016
2006-12-01,48,E00_99,930
2007-01-01,49,E00_99,963
2007-02-01,50,E00_99,899
2007-03-01,51,E00_99,1136
2007-04-01,52,E00_99,987
2007-05-01,53,E00_99,855
2007-06-01,54,E00_99,800
2007-07-01,55,E00_99,765
2007-08-01,56,E00_99,967
2007-09-01,57,E00_99,925
2007-10-01,58,E00_99,1028
2007-11-01,59,E00_99,942
2007-12-01,60,E00_99,969
2008-01-01,61,E00_99,1023
2008-02-01,62,E00_99,946
2008-03-01,63,E00_99,916
2008-04-01,64,E00_99,960
2008-05-01,65,E00_99,791
2008-06-01,66,E00_99,736
2008-07-01,67,E00_99,814
2008-08-01,68,E00_99,865
2008-09-01,69,E00_99,820
2008-10-01,70,E00_99,850
2008-11-01,71,E00_99,734
2008-12-01,72,E00_99,830
2009-01-01,73,E00_99,869
2009-02-01,74,E00_99,863
2009-03-01,75,E00_99,1010
2009-04-01,76,E00_99,841
2009-05-01,77,E00_99,845
2009-06-01,78,E00_99,722
2009-07-01,79,E00_99,731
2009-08-01,80,E00_99,688
2009-09-01,81,E00_99,810
2009-10-01,82,E00_99,847
2009-11-01,83,E00_99,1023
2009-12-01,84,E00_99,969
2012-01-01,85,E00_99,728
2012-02-01,86,E00_99,773
2012-03-01,87,E00_99,842
2012-04-01,88,E00_99,728
2012-05-01,89,E00_99,743
2012-06-01,90,E00_99,714
2012-07-01,91,E00_99,797
2012-08-01,92,E00_99,767
2012-09-01,93,E00_99,721
2012-10-01,94,E00_99,756
2012-11-01,95,E00_99,684
2012-12-01,96,E00_99,662
2013-01-01,97,E00_99,692
2013-02-01,98,E00_99,663
2013-03-01,99,E00_99,679
2013-04-01,100,E00_99,615
2013-05-01,101,E00_99,649
2013-06-01,102,E00_99,603
2013-07-01,103,E00_99,602
2013-08-01,104,E00_99,634
2013-09-01,105,E00_99,664
2013-10-01,106,E00_99,711
2013-11-01,107,E00_99,672
2013-12-01,108,E00_99,609
2003-01-01,1,E10_14,4
2003-02-01,2,E10_14,8
2003-03-01,3,E10_14,6
2003-04-01,4,E10_14,5
2003-05-01,5,E10_14,5
2003-06-01,6,E10_14,4
2003-07-01,7,E10_14,10
2003-08-01,8,E10_14,14
2003-09-01,9,E10_14,17
2003-10-01,10,E10_14,10
2003-11-01,11,E10_14,15
2003-12-01,12,E10_14,15
2004-01-01,13,E10_14,19
2004-02-01,14,E10_14,13
2004-03-01,15,E10_14,15
2004-04-01,16,E10_14,12
2004-05-01,17,E10_14,11
2004-06-01,18,E10_14,10
2004-07-01,19,E10_14,10
2004-08-01,20,E10_14,12
2004-09-01,21,E10_14,10
2004-10-01,22,E10_14,9
2004-11-01,23,E10_14,17
2004-12-01,24,E10_14,7
2005-01-01,25,E10_14,7
2005-02-01,26,E10_14,10
2005-03-01,27,E10_14,16
2005-04-01,28,E10_14,10
2005-05-01,29,E10_14,7
2005-06-01,30,E10_14,12
2005-07-01,31,E10_14,10
2005-08-01,32,E10_14,9
2005-09-01,33,E10_14,8
2005-10-01,34,E10_14,8
2005-11-01,35,E10_14,10
2005-12-01,36,E10_14,6
2006-01-01,37,E10_14,8
2006-02-01,38,E10_14,9
2006-03-01,39,E10_14,8
2006-04-01,40,E10_14,10
2006-05-01,41,E10_14,16
2006-06-01,42,E10_14,14
2006-07-01,43,E10_14,12
2006-08-01,44,E10_14,9
2006-09-01,45,E10_14,17
2006-10-01,46,E10_14,6
2006-11-01,47,E10_14,9
2006-12-01,48,E10_14,3
2007-01-01,49,E10_14,12
2007-02-01,50,E10_14,6
2007-03-01,51,E10_14,13
2007-04-01,52,E10_14,8
2007-05-01,53,E10_14,13
2007-06-01,54,E10_14,11
2007-07-01,55,E10_14,8
2007-08-01,56,E10_14,17
2007-09-01,57,E10_14,6
2007-10-01,58,E10_14,8
2007-11-01,59,E10_14,20
2007-12-01,60,E10_14,36
2008-01-01,61,E10_14,50
2008-02-01,62,E10_14,36
2008-03-01,63,E10_14,39
2008-04-01,64,E10_14,29
2008-05-01,65,E10_14,33
2008-06-01,66,E10_14,33
2008-07-01,67,E10_14,43
2008-08-01,68,E10_14,35
2008-09-01,69,E10_14,33
2008-10-01,70,E10_14,47
2008-11-01,71,E10_14,26
2008-12-01,72,E10_14,28
2009-01-01,73,E10_14,31
2009-02-01,74,E10_14,15
2009-03-01,75,E10_14,31
2009-04-01,76,E10_14,36
2009-05-01,77,E10_14,30
2009-06-01,78,E10_14,29
2009-07-01,79,E10_14,35
2009-08-01,80,E10_14,36
2009-09-01,81,E10_14,36
2009-10-01,82,E10_14,31
2009-11-01,83,E10_14,32
2009-12-01,84,E10_14,34
2012-01-01,85,E10_14,19
2012-02-01,86,E10_14,15
2012-03-01,87,E10_14,30
2012-04-01,88,E10_14,22
2012-05-01,89,E10_14,28
2012-06-01,90,E10_14,18
2012-07-01,91,E10_14,31
2012-08-01,92,E10_14,29
2012-09-01,93,E10_14,35
2012-10-01,94,E10_14,26
2012-11-01,95,E10_14,31
2012-12-01,96,E10_14,19
2013-01-01,97,E10_14,23
2013-02-01,98,E10_14,20
2013-03-01,99,E10_14,14
2013-04-01,100,E10_14,21
2013-05-01,101,E10_14,26
2013-06-01,102,E10_14,23
2013-07-01,103,E10_14,30
2013-08-01,104,E10_14,31
2013-09-01,105,E10_14,26
2013-10-01,106,E10_14,27
2013-11-01,107,E10_14,30
2013-12-01,108,E10_14,23
2003-01-01,1,E40_46,608
2003-02-01,2,E40_46,582
2003-03-01,3,E40_46,634
2003-04-01,4,E40_46,596
2003-05-01,5,E40_46,575
2003-06-01,6,E40_46,499
2003-07-01,7,E40_46,596
2003-08-01,8,E40_46,629
2003-09-01,9,E40_46,548
2003-10-01,10,E40_46,490
2003-11-01,11,E40_46,464
2003-12-01,12,E40_46,466
2004-01-01,13,E40_46,482
2004-02-01,14,E40_46,529
2004-03-01,15,E40_46,653
2004-04-01,16,E40_46,474
2004-05-01,17,E40_46,396
2004-06-01,18,E40_46,394
2004-07-01,19,E40_46,424
2004-08-01,20,E40_46,457
2004-09-01,21,E40_46,411
2004-10-01,22,E40_46,371
2004-11-01,23,E40_46,343
2004-12-01,24,E40_46,334
2005-01-01,25,E40_46,412
2005-02-01,26,E40_46,408
2005-03-01,27,E40_46,501
2005-04-01,28,E40_46,451
2005-05-01,29,E40_46,418
2005-06-01,30,E40_46,363
2005-07-01,31,E40_46,412
2005-08-01,32,E40_46,395
2005-09-01,33,E40_46,335
2005-10-01,34,E40_46,338
2005-11-01,35,E40_46,323
2005-12-01,36,E40_46,316
2006-01-01,37,E40_46,385
2006-02-01,38,E40_46,331
2006-03-01,39,E40_46,355
2006-04-01,40,E40_46,351
2006-05-01,41,E40_46,300
2006-06-01,42,E40_46,281
2006-07-01,43,E40_46,316
2006-08-01,44,E40_46,304
2006-09-01,45,E40_46,281
2006-10-01,46,E40_46,275
2006-11-01,47,E40_46,255
2006-12-01,48,E40_46,240
2007-01-01,49,E40_46,242
2007-02-01,50,E40_46,239
2007-03-01,51,E40_46,280
2007-04-01,52,E40_46,284
2007-05-01,53,E40_46,249
2007-06-01,54,E40_46,255
2007-07-01,55,E40_46,233
2007-08-01,56,E40_46,294
2007-09-01,57,E40_46,253
2007-10-01,58,E40_46,273
2007-11-01,59,E40_46,231
2007-12-01,60,E40_46,219
2008-01-01,61,E40_46,278
2008-02-01,62,E40_46,295
2008-03-01,63,E40_46,273
2008-04-01,64,E40_46,255
2008-05-01,65,E40_46,240
2008-06-01,66,E40_46,244
2008-07-01,67,E40_46,272
2008-08-01,68,E40_46,254
2008-09-01,69,E40_46,235
2008-10-01,70,E40_46,219
2008-11-01,71,E40_46,216
2008-12-01,72,E40_46,215
2009-01-01,73,E40_46,255
2009-02-01,74,E40_46,221
2009-03-01,75,E40_46,264
2009-04-01,76,E40_46,231
2009-05-01,77,E40_46,268
2009-06-01,78,E40_46,229
2009-07-01,79,E40_46,234
2009-08-01,80,E40_46,190
2009-09-01,81,E40_46,205
2009-10-01,82,E40_46,229
2009-11-01,83,E40_46,268
2009-12-01,84,E40_46,205
2012-01-01,85,E40_46,207
2012-02-01,86,E40_46,186
2012-03-01,87,E40_46,210
2012-04-01,88,E40_46,180
2012-05-01,89,E40_46,179
2012-06-01,90,E40_46,199
2012-07-01,91,E40_46,209
2012-08-01,92,E40_46,195
2012-09-01,93,E40_46,191
2012-10-01,94,E40_46,181
2012-11-01,95,E40_46,149
2012-12-01,96,E40_46,133
2013-01-01,97,E40_46,178
2013-02-01,98,E40_46,207
2013-03-01,99,E40_46,217
2013-04-01,100,E40_46,192
2013-05-01,101,E40_46,190
2013-06-01,102,E40_46,178
2013-07-01,103,E40_46,200
2013-08-01,104,E40_46,202
2013-09-01,105,E40_46,215
2013-10-01,106,E40_46,202
2013-11-01,107,E40_46,190
2013-12-01,108,E40_46,150
2003-01-01,1,G00_99_SY,410
2003-02-01,2,G00_99_SY,368
2003-03-01,3,G00_99_SY,373
2003-04-01,4,G00_99_SY,393
2003-05-01,5,G00_99_SY,417
2003-06-01,6,G00_99_SY,422
2003-07-01,7,G00_99_SY,576
2003-08-01,8,G00_99_SY,624
2003-09-01,9,G00_99_SY,681
2003-10-01,10,G00_99_SY,682
2003-11-01,11,G00_99_SY,612
2003-12-01,12,G00_99_SY,605
2004-01-01,13,G00_99_SY,606
2004-02-01,14,G00_99_SY,623
2004-03-01,15,G00_99_SY,720
2004-04-01,16,G00_99_SY,637
2004-05-01,17,G00_99_SY,651
2004-06-01,18,G00_99_SY,620
2004-07-01,19,G00_99_SY,628
2004-08-01,20,G00_99_SY,713
2004-09-01,21,G00_99_SY,688
2004-10-01,22,G00_99_SY,656
2004-11-01,23,G00_99_SY,682
2004-12-01,24,G00_99_SY,621
2005-01-01,25,G00_99_SY,725
2005-02-01,26,G00_99_SY,653
2005-03-01,27,G00_99_SY,735
2005-04-01,28,G00_99_SY,647
2005-05-01,29,G00_99_SY,645
2005-06-01,30,G00_99_SY,720
2005-07-01,31,G00_99_SY,682
2005-08-01,32,G00_99_SY,694
2005-09-01,33,G00_99_SY,681
2005-10-01,34,G00_99_SY,687
2005-11-01,35,G00_99_SY,644
2005-12-01,36,G00_99_SY,600
2006-01-01,37,G00_99_SY,662
2006-02-01,38,G00_99_SY,574
2006-03-01,39,G00_99_SY,697
2006-04-01,40,G00_99_SY,599
2006-05-01,41,G00_99_SY,635
2006-06-01,42,G00_99_SY,567
2006-07-01,43,G00_99_SY,639
2006-08-01,44,G00_99_SY,644
2006-09-01,45,G00_99_SY,631
2006-10-01,46,G00_99_SY,702
2006-11-01,47,G00_99_SY,651
2006-12-01,48,G00_99_SY,624
2007-01-01,49,G00_99_SY,685
2007-02-01,50,G00_99_SY,572
2007-03-01,51,G00_99_SY,714
2007-04-01,52,G00_99_SY,639
2007-05-01,53,G00_99_SY,656
2007-06-01,54,G00_99_SY,581
2007-07-01,55,G00_99_SY,631
2007-08-01,56,G00_99_SY,671
2007-09-01,57,G00_99_SY,648
2007-10-01,58,G00_99_SY,634
2007-11-01,59,G00_99_SY,591
2007-12-01,60,G00_99_SY,547
2008-01-01,61,G00_99_SY,644
2008-02-01,62,G00_99_SY,567
2008-03-01,63,G00_99_SY,660
2008-04-01,64,G00_99_SY,639
2008-05-01,65,G00_99_SY,585
2008-06-01,66,G00_99_SY,594
2008-07-01,67,G00_99_SY,614
2008-08-01,68,G00_99_SY,590
2008-09-01,69,G00_99_SY,612
2008-10-01,70,G00_99_SY,624
2008-11-01,71,G00_99_SY,603
2008-12-01,72,G00_99_SY,593
2009-01-01,73,G00_99_SY,606
2009-02-01,74,G00_99_SY,546
2009-03-01,75,G00_99_SY,630
2009-04-01,76,G00_99_SY,653
2009-05-01,77,G00_99_SY,660
2009-06-01,78,G00_99_SY,625
2009-07-01,79,G00_99_SY,644
2009-08-01,80,G00_99_SY,607
2009-09-01,81,G00_99_SY,611
2009-10-01,82,G00_99_SY,613
2009-11-01,83,G00_99_SY,682
2009-12-01,84,G00_99_SY,605
2012-01-01,85,G00_99_SY,620
2012-02-01,86,G00_99_SY,595
2012-03-01,87,G00_99_SY,655
2012-04-01,88,G00_99_SY,588
2012-05-01,89,G00_99_SY,604
2012-06-01,90,G00_99_SY,605
2012-07-01,91,G00_99_SY,625
2012-08-01,92,G00_99_SY,647
2012-09-01,93,G00_99_SY,600
2012-10-01,94,G00_99_SY,655
2012-11-01,95,G00_99_SY,618
2012-12-01,96,G00_99_SY,580
2013-01-01,97,G00_99_SY,618
2013-02-01,98,G00_99_SY,587
2013-03-01,99,G00_99_SY,617
2013-04-01,100,G00_99_SY,614
2013-05-01,101,G00_99_SY,563
2013-06-01,102,G00_99_SY,584
2013-07-01,103,G00_99_SY,653
2013-08-01,104,G00_99_SY,613
2013-09-01,105,G00_99_SY,687
2013-10-01,106,G00_99_SY,733
2013-11-01,107,G00_99_SY,610
2013-12-01,108,G00_99_SY,592
2003-01-01,1,H00_99_SY,65
2003-02-01,2,H00_99_SY,74
2003-03-01,3,H00_99_SY,89
2003-04-01,4,H00_99_SY,84
2003-05-01,5,H00_99_SY,81
2003-06-01,6,H00_99_SY,98
2003-07-01,7,H00_99_SY,139
2003-08-01,8,H00_99_SY,157
2003-09-01,9,H00_99_SY,124
2003-10-01,10,H00_99_SY,144
2003-11-01,11,H00_99_SY,134
2003-12-01,12,H00_99_SY,119
2004-01-01,13,H00_99_SY,130
2004-02-01,14,H00_99_SY,112
2004-03-01,15,H00_99_SY,165
2004-04-01,16,H00_99_SY,155
2004-05-01,17,H00_99_SY,146
2004-06-01,18,H00_99_SY,122
2004-07-01,19,H00_99_SY,126
2004-08-01,20,H00_99_SY,122
2004-09-01,21,H00_99_SY,119
2004-10-01,22,H00_99_SY,122
2004-11-01,23,H00_99_SY,129
2004-12-01,24,H00_99_SY,92
2005-01-01,25,H00_99_SY,110
2005-02-01,26,H00_99_SY,99
2005-03-01,27,H00_99_SY,130
2005-04-01,28,H00_99_SY,117
2005-05-01,29,H00_99_SY,136
2005-06-01,30,H00_99_SY,123
2005-07-01,31,H00_99_SY,130
2005-08-01,32,H00_99_SY,155
2005-09-01,33,H00_99_SY,121
2005-10-01,34,H00_99_SY,131
2005-11-01,35,H00_99_SY,139
2005-12-01,36,H00_99_SY,88
2006-01-01,37,H00_99_SY,99
2006-02-01,38,H00_99_SY,84
2006-03-01,39,H00_99_SY,138
2006-04-01,40,H00_99_SY,101
2006-05-01,41,H00_99_SY,128
2006-06-01,42,H00_99_SY,113
2006-07-01,43,H00_99_SY,150
2006-08-01,44,H00_99_SY,156
2006-09-01,45,H00_99_SY,156
2006-10-01,46,H00_99_SY,165
2006-11-01,47,H00_99_SY,164
2006-12-01,48,H00_99_SY,184
2007-01-01,49,H00_99_SY,155
2007-02-01,50,H00_99_SY,110
2007-03-01,51,H00_99_SY,127
2007-04-01,52,H00_99_SY,107
2007-05-01,53,H00_99_SY,142
2007-06-01,54,H00_99_SY,109
2007-07-01,55,H00_99_SY,116
2007-08-01,56,H00_99_SY,136
2007-09-01,57,H00_99_SY,104
2007-10-01,58,H00_99_SY,110
2007-11-01,59,H00_99_SY,117
2007-12-01,60,H00_99_SY,83
2008-01-01,61,H00_99_SY,76
2008-02-01,62,H00_99_SY,74
2008-03-01,63,H00_99_SY,62
2008-04-01,64,H00_99_SY,71
2008-05-01,65,H00_99_SY,81
2008-06-01,66,H00_99_SY,88
2008-07-01,67,H00_99_SY,91
2008-08-01,68,H00_99_SY,100
2008-09-01,69,H00_99_SY,94
2008-10-01,70,H00_99_SY,95
2008-11-01,71,H00_99_SY,121
2008-12-01,72,H00_99_SY,67
2009-01-01,73,H00_99_SY,77
2009-02-01,74,H00_99_SY,69
2009-03-01,75,H00_99_SY,118
2009-04-01,76,H00_99_SY,93
2009-05-01,77,H00_99_SY,113
2009-06-01,78,H00_99_SY,120
2009-07-01,79,H00_99_SY,111
2009-08-01,80,H00_99_SY,100
2009-09-01,81,H00_99_SY,113
2009-10-01,82,H00_99_SY,82
2009-11-01,83,H00_99_SY,102
2009-12-01,84,H00_99_SY,91
2012-01-01,85,H00_99_SY,85
2012-02-01,86,H00_99_SY,79
2012-03-01,87,H00_99_SY,90
2012-04-01,88,H00_99_SY,96
2012-05-01,89,H00_99_SY,118
2012-06-01,90,H00_99_SY,96
2012-07-01,91,H00_99_SY,102
2012-08-01,92,H00_99_SY,97
2012-09-01,93,H00_99_SY,87
2012-10-01,94,H00_99_SY,109
2012-11-01,95,H00_99_SY,92
2012-12-01,96,H00_99_SY,75
2013-01-01,97,H00_99_SY,76
2013-02-01,98,H00_99_SY,73
2013-03-01,99,H00_99_SY,73
2013-04-01,100,H00_99_SY,90
2013-05-01,101,H00_99_SY,91
2013-06-01,102,H00_99_SY,100
2013-07-01,103,H00_99_SY,90
2013-08-01,104,H00_99_SY,89
2013-09-01,105,H00_99_SY,107
2013-10-01,106,H00_99_SY,94
2013-11-01,107,H00_99_SY,94
2013-12-01,108,H00_99_SY,96
2003-01-01,1,I00_99,92
2003-02-01,2,I00_99,78
2003-03-01,3,I00_99,124
2003-04-01,4,I00_99,103
2003-05-01,5,I00_99,118
2003-06-01,6,I00_99,143
2003-07-01,7,I00_99,182
2003-08-01,8,I00_99,215
2003-09-01,9,I00_99,202
2003-10-01,10,I00_99,223
2003-11-01,11,I00_99,204
2003-12-01,12,I00_99,200
2004-01-01,13,I00_99,179
2004-02-01,14,I00_99,169
2004-03-01,15,I00_99,202
2004-04-01,16,I00_99,182
2004-05-01,17,I00_99,209
2004-06-01,18,I00_99,185
2004-07-01,19,I00_99,163
2004-08-01,20,I00_99,196
2004-09-01,21,I00_99,210
2004-10-01,22,I00_99,186
2004-11-01,23,I00_99,177
2004-12-01,24,I00_99,153
2005-01-01,25,I00_99,175
2005-02-01,26,I00_99,148
2005-03-01,27,I00_99,197
2005-04-01,28,I00_99,176
2005-05-01,29,I00_99,179
2005-06-01,30,I00_99,184
2005-07-01,31,I00_99,176
2005-08-01,32,I00_99,208
2005-09-01,33,I00_99,181
2005-10-01,34,I00_99,197
2005-11-01,35,I00_99,175
2005-12-01,36,I00_99,169
2006-01-01,37,I00_99,165
2006-02-01,38,I00_99,172
2006-03-01,39,I00_99,211
2006-04-01,40,I00_99,149
2006-05-01,41,I00_99,184
2006-06-01,42,I00_99,159
2006-07-01,43,I00_99,163
2006-08-01,44,I00_99,172
2006-09-01,45,I00_99,154
2006-10-01,46,I00_99,197
2006-11-01,47,I00_99,193
2006-12-01,48,I00_99,152
2007-01-01,49,I00_99,178
2007-02-01,50,I00_99,156
2007-03-01,51,I00_99,212
2007-04-01,52,I00_99,196
2007-05-01,53,I00_99,207
2007-06-01,54,I00_99,187
2007-07-01,55,I00_99,182
2007-08-01,56,I00_99,184
2007-09-01,57,I00_99,191
2007-10-01,58,I00_99,203
2007-11-01,59,I00_99,201
2007-12-01,60,I00_99,286
2008-01-01,61,I00_99,394
2008-02-01,62,I00_99,400
2008-03-01,63,I00_99,369
2008-04-01,64,I00_99,380
2008-05-01,65,I00_99,325
2008-06-01,66,I00_99,327
2008-07-01,67,I00_99,353
2008-08-01,68,I00_99,331
2008-09-01,69,I00_99,326
2008-10-01,70,I00_99,338
2008-11-01,71,I00_99,293
2008-12-01,72,I00_99,285
2009-01-01,73,I00_99,306
2009-02-01,74,I00_99,281
2009-03-01,75,I00_99,332
2009-04-01,76,I00_99,332
2009-05-01,77,I00_99,343
2009-06-01,78,I00_99,328
2009-07-01,79,I00_99,357
2009-08-01,80,I00_99,339
2009-09-01,81,I00_99,372
2009-10-01,82,I00_99,356
2009-11-01,83,I00_99,360
2009-12-01,84,I00_99,302
2012-01-01,85,I00_99,265
2012-02-01,86,I00_99,281
2012-03-01,87,I00_99,322
2012-04-01,88,I00_99,288
2012-05-01,89,I00_99,293
2012-06-01,90,I00_99,330
2012-07-01,91,I00_99,321
2012-08-01,92,I00_99,372
2012-09-01,93,I00_99,325
2012-10-01,94,I00_99,368
2012-11-01,95,I00_99,284
2012-12-01,96,I00_99,262
2013-01-01,97,I00_99,294
2013-02-01,98,I00_99,252
2013-03-01,99,I00_99,314
2013-04-01,100,I00_99,312
2013-05-01,101,I00_99,341
2013-06-01,102,I00_99,361
2013-07-01,103,I00_99,376
2013-08-01,104,I00_99,359
2013-09-01,105,I00_99,345
2013-10-01,106,I00_99,351
2013-11-01,107,I00_99,317
2013-12-01,108,I00_99,283
2003-01-01,1,I60_64,11
2003-02-01,2,I60_64,9
2003-03-01,3,I60_64,20
2003-04-01,4,I60_64,15
2003-05-01,5,I60_64,18
2003-06-01,6,I60_64,14
2003-07-01,7,I60_64,36
2003-08-01,8,I60_64,27
2003-09-01,9,I60_64,34
2003-10-01,10,I60_64,31
2003-11-01,11,I60_64,26
2003-12-01,12,I60_64,26
2004-01-01,13,I60_64,20
2004-02-01,14,I60_64,14
2004-03-01,15,I60_64,25
2004-04-01,16,I60_64,26
2004-05-01,17,I60_64,20
2004-06-01,18,I60_64,32
2004-07-01,19,I60_64,25
2004-08-01,20,I60_64,31
2004-09-01,21,I60_64,30
2004-10-01,22,I60_64,22
2004-11-01,23,I60_64,22
2004-12-01,24,I60_64,20
2005-01-01,25,I60_64,25
2005-02-01,26,I60_64,15
2005-03-01,27,I60_64,14
2005-04-01,28,I60_64,23
2005-05-01,29,I60_64,17
2005-06-01,30,I60_64,27
2005-07-01,31,I60_64,17
2005-08-01,32,I60_64,22
2005-09-01,33,I60_64,19
2005-10-01,34,I60_64,26
2005-11-01,35,I60_64,24
2005-12-01,36,I60_64,26
2006-01-01,37,I60_64,30
2006-02-01,38,I60_64,17
2006-03-01,39,I60_64,25
2006-04-01,40,I60_64,13
2006-05-01,41,I60_64,24
2006-06-01,42,I60_64,13
2006-07-01,43,I60_64,15
2006-08-01,44,I60_64,24
2006-09-01,45,I60_64,17
2006-10-01,46,I60_64,27
2006-11-01,47,I60_64,22
2006-12-01,48,I60_64,18
2007-01-01,49,I60_64,24
2007-02-01,50,I60_64,15
2007-03-01,51,I60_64,28
2007-04-01,52,I60_64,21
2007-05-01,53,I60_64,17
2007-06-01,54,I60_64,24
2007-07-01,55,I60_64,21
2007-08-01,56,I60_64,27
2007-09-01,57,I60_64,32
2007-10-01,58,I60_64,24
2007-11-01,59,I60_64,21
2007-12-01,60,I60_64,15
2008-01-01,61,I60_64,17
2008-02-01,62,I60_64,20
2008-03-01,63,I60_64,9
2008-04-01,64,I60_64,23
2008-05-01,65,I60_64,17
2008-06-01,66,I60_64,14
2008-07-01,67,I60_64,12
2008-08-01,68,I60_64,9
2008-09-01,69,I60_64,12
2008-10-01,70,I60_64,9
2008-11-01,71,I60_64,16
2008-12-01,72,I60_64,7
2009-01-01,73,I60_64,17
2009-02-01,74,I60_64,9
2009-03-01,75,I60_64,7
2009-04-01,76,I60_64,10
2009-05-01,77,I60_64,10
2009-06-01,78,I60_64,7
2009-07-01,79,I60_64,7
2009-08-01,80,I60_64,15
2009-09-01,81,I60_64,9
2009-10-01,82,I60_64,10
2009-11-01,83,I60_64,10
2009-12-01,84,I60_64,13
2012-01-01,85,I60_64,15
2012-02-01,86,I60_64,11
2012-03-01,87,I60_64,16
2012-04-01,88,I60_64,13
2012-05-01,89,I60_64,19
2012-06-01,90,I60_64,11
2012-07-01,91,I60_64,19
2012-08-01,92,I60_64,17
2012-09-01,93,I60_64,19
2012-10-01,94,I60_64,20
2012-11-01,95,I60_64,15
2012-12-01,96,I60_64,10
2013-01-01,97,I60_64,12
2013-02-01,98,I60_64,6
2013-03-01,99,I60_64,16
2013-04-01,100,I60_64,15
2013-05-01,101,I60_64,12
2013-06-01,102,I60_64,15
2013-07-01,103,I60_64,9
2013-08-01,104,I60_64,17
2013-09-01,105,I60_64,16
2013-10-01,106,I60_64,12
2013-11-01,107,I60_64,13
2013-12-01,108,I60_64,13
2003-01-01,1,J12_18,8275
2003-02-01,2,J12_18,8319
2003-03-01,3,J12_18,12994
2003-04-01,4,J12_18,16920
2003-05-01,5,J12_18,16955
2003-06-01,6,J12_18,15401
2003-07-01,7,J12_18,14732
2003-08-01,8,J12_18,11201
2003-09-01,9,J12_18,11578
2003-10-01,10,J12_18,11676
2003-11-01,11,J12_18,10158
2003-12-01,12,J12_18,8734
2004-01-01,13,J12_18,8030
2004-02-01,14,J12_18,8508
2004-03-01,15,J12_18,14534
2004-04-01,16,J12_18,16613
2004-05-01,17,J12_18,18201
2004-06-01,18,J12_18,16380
2004-07-01,19,J12_18,13649
2004-08-01,20,J12_18,11551
2004-09-01,21,J12_18,10602
2004-10-01,22,J12_18,10034
2004-11-01,23,J12_18,8791
2004-12-01,24,J12_18,7482
2005-01-01,25,J12_18,6839
2005-02-01,26,J12_18,6281
2005-03-01,27,J12_18,10714
2005-04-01,28,J12_18,14597
2005-05-01,29,J12_18,17415
2005-06-01,30,J12_18,16052
2005-07-01,31,J12_18,13292
2005-08-01,32,J12_18,9958
2005-09-01,33,J12_18,8537
2005-10-01,34,J12_18,9329
2005-11-01,35,J12_18,8118
2005-12-01,36,J12_18,7122
2006-01-01,37,J12_18,6896
2006-02-01,38,J12_18,5764
2006-03-01,39,J12_18,9394
2006-04-01,40,J12_18,12806
2006-05-01,41,J12_18,16745
2006-06-01,42,J12_18,16454
2006-07-01,43,J12_18,14797
2006-08-01,44,J12_18,11507
2006-09-01,45,J12_18,9430
2006-10-01,46,J12_18,9248
2006-11-01,47,J12_18,8991
2006-12-01,48,J12_18,8384
2007-01-01,49,J12_18,8788
2007-02-01,50,J12_18,9758
2007-03-01,51,J12_18,14087
2007-04-01,52,J12_18,14085
2007-05-01,53,J12_18,13948
2007-06-01,54,J12_18,12277
2007-07-01,55,J12_18,11175
2007-08-01,56,J12_18,9790
2007-09-01,57,J12_18,9186
2007-10-01,58,J12_18,8812
2007-11-01,59,J12_18,7075
2007-12-01,60,J12_18,5973
2008-01-01,61,J12_18,5599
2008-02-01,62,J12_18,5375
2008-03-01,63,J12_18,9765
2008-04-01,64,J12_18,14688
2008-05-01,65,J12_18,15130
2008-06-01,66,J12_18,13640
2008-07-01,67,J12_18,12796
2008-08-01,68,J12_18,9654
2008-09-01,69,J12_18,9239
2008-10-01,70,J12_18,9356
2008-11-01,71,J12_18,7861
2008-12-01,72,J12_18,6805
2009-01-01,73,J12_18,6264
2009-02-01,74,J12_18,6275
2009-03-01,75,J12_18,12000
2009-04-01,76,J12_18,17761
2009-05-01,77,J12_18,17442
2009-06-01,78,J12_18,13011
2009-07-01,79,J12_18,12822
2009-08-01,80,J12_18,11199
2009-09-01,81,J12_18,9187
2009-10-01,82,J12_18,9138
2009-11-01,83,J12_18,8348
2009-12-01,84,J12_18,7320
2012-01-01,85,J12_18,4675
2012-02-01,86,J12_18,5037
2012-03-01,87,J12_18,8983
2012-04-01,88,J12_18,12513
2012-05-01,89,J12_18,14164
2012-06-01,90,J12_18,12530
2012-07-01,91,J12_18,10645
2012-08-01,92,J12_18,7659
2012-09-01,93,J12_18,6991
2012-10-01,94,J12_18,7013
2012-11-01,95,J12_18,5850
2012-12-01,96,J12_18,4936
2013-01-01,97,J12_18,4682
2013-02-01,98,J12_18,4886
2013-03-01,99,J12_18,9326
2013-04-01,100,J12_18,13575
2013-05-01,101,J12_18,12808
2013-06-01,102,J12_18,11770
2013-07-01,103,J12_18,10127
2013-08-01,104,J12_18,7263
2013-09-01,105,J12_18,6606
2013-10-01,106,J12_18,6983
2013-11-01,107,J12_18,6051
2013-12-01,108,J12_18,5219
2003-01-01,1,K00_99,1549
2003-02-01,2,K00_99,1452
2003-03-01,3,K00_99,1323
2003-04-01,4,K00_99,1349
2003-05-01,5,K00_99,1342
2003-06-01,6,K00_99,1586
2003-07-01,7,K00_99,2021
2003-08-01,8,K00_99,2217
2003-09-01,9,K00_99,2190
2003-10-01,10,K00_99,2128
2003-11-01,11,K00_99,1901
2003-12-01,12,K00_99,1775
2004-01-01,13,K00_99,2019
2004-02-01,14,K00_99,2037
2004-03-01,15,K00_99,2147
2004-04-01,16,K00_99,1616
2004-05-01,17,K00_99,1717
2004-06-01,18,K00_99,1694
2004-07-01,19,K00_99,1947
2004-08-01,20,K00_99,2390
2004-09-01,21,K00_99,2293
2004-10-01,22,K00_99,2029
2004-11-01,23,K00_99,1944
2004-12-01,24,K00_99,1841
2005-01-01,25,K00_99,1905
2005-02-01,26,K00_99,1732
2005-03-01,27,K00_99,1952
2005-04-01,28,K00_99,1726
2005-05-01,29,K00_99,1798
2005-06-01,30,K00_99,1868
2005-07-01,31,K00_99,1899
2005-08-01,32,K00_99,2551
2005-09-01,33,K00_99,2193
2005-10-01,34,K00_99,2135
2005-11-01,35,K00_99,2154
2005-12-01,36,K00_99,2067
2006-01-01,37,K00_99,2046
2006-02-01,38,K00_99,1914
2006-03-01,39,K00_99,2220
2006-04-01,40,K00_99,1807
2006-05-01,41,K00_99,1865
2006-06-01,42,K00_99,1887
2006-07-01,43,K00_99,1927
2006-08-01,44,K00_99,2230
2006-09-01,45,K00_99,2071
2006-10-01,46,K00_99,2050
2006-11-01,47,K00_99,1841
2006-12-01,48,K00_99,1669
2007-01-01,49,K00_99,1829
2007-02-01,50,K00_99,1571
2007-03-01,51,K00_99,1890
2007-04-01,52,K00_99,1534
2007-05-01,53,K00_99,1636
2007-06-01,54,K00_99,1439
2007-07-01,55,K00_99,1500
2007-08-01,56,K00_99,1685
2007-09-01,57,K00_99,1613
2007-10-01,58,K00_99,1763
2007-11-01,59,K00_99,1714
2007-12-01,60,K00_99,1562
2008-01-01,61,K00_99,1435
2008-02-01,62,K00_99,1327
2008-03-01,63,K00_99,1421
2008-04-01,64,K00_99,1461
2008-05-01,65,K00_99,1357
2008-06-01,66,K00_99,1393
2008-07-01,67,K00_99,1452
2008-08-01,68,K00_99,1612
2008-09-01,69,K00_99,1615
2008-10-01,70,K00_99,1616
2008-11-01,71,K00_99,1428
2008-12-01,72,K00_99,1295
2009-01-01,73,K00_99,1283
2009-02-01,74,K00_99,1259
2009-03-01,75,K00_99,1557
2009-04-01,76,K00_99,1306
2009-05-01,77,K00_99,1439
2009-06-01,78,K00_99,1397
2009-07-01,79,K00_99,1455
2009-08-01,80,K00_99,1518
2009-09-01,81,K00_99,1555
2009-10-01,82,K00_99,1563
2009-11-01,83,K00_99,1567
2009-12-01,84,K00_99,1442
2012-01-01,85,K00_99,1488
2012-02-01,86,K00_99,1340
2012-03-01,87,K00_99,1587
2012-04-01,88,K00_99,1368
2012-05-01,89,K00_99,1474
2012-06-01,90,K00_99,1492
2012-07-01,91,K00_99,1507
2012-08-01,92,K00_99,1675
2012-09-01,93,K00_99,1524
2012-10-01,94,K00_99,1606
2012-11-01,95,K00_99,1409
2012-12-01,96,K00_99,1334
2013-01-01,97,K00_99,1383
2013-02-01,98,K00_99,1224
2013-03-01,99,K00_99,1437
2013-04-01,100,K00_99,1504
2013-05-01,101,K00_99,1458
2013-06-01,102,K00_99,1466
2013-07-01,103,K00_99,1510
2013-08-01,104,K00_99,1613
2013-09-01,105,K00_99,1564
2013-10-01,106,K00_99,1656
2013-11-01,107,K00_99,1542
2013-12-01,108,K00_99,1362
2003-01-01,1,L00_99,240
2003-02-01,2,L00_99,250
2003-03-01,3,L00_99,252
2003-04-01,4,L00_99,234
2003-05-01,5,L00_99,241
2003-06-01,6,L00_99,252
2003-07-01,7,L00_99,306
2003-08-01,8,L00_99,367
2003-09-01,9,L00_99,365
2003-10-01,10,L00_99,381
2003-11-01,11,L00_99,375
2003-12-01,12,L00_99,368
2004-01-01,13,L00_99,330
2004-02-01,14,L00_99,363
2004-03-01,15,L00_99,382
2004-04-01,16,L00_99,362
2004-05-01,17,L00_99,379
2004-06-01,18,L00_99,347
2004-07-01,19,L00_99,365
2004-08-01,20,L00_99,365
2004-09-01,21,L00_99,298
2004-10-01,22,L00_99,344
2004-11-01,23,L00_99,343
2004-12-01,24,L00_99,279
2005-01-01,25,L00_99,379
2005-02-01,26,L00_99,351
2005-03-01,27,L00_99,432
2005-04-01,28,L00_99,367
2005-05-01,29,L00_99,335
2005-06-01,30,L00_99,350
2005-07-01,31,L00_99,371
2005-08-01,32,L00_99,418
2005-09-01,33,L00_99,358
2005-10-01,34,L00_99,435
2005-11-01,35,L00_99,384
2005-12-01,36,L00_99,368
2006-01-01,37,L00_99,434
2006-02-01,38,L00_99,402
2006-03-01,39,L00_99,440
2006-04-01,40,L00_99,376
2006-05-01,41,L00_99,382
2006-06-01,42,L00_99,337
2006-07-01,43,L00_99,335
2006-08-01,44,L00_99,339
2006-09-01,45,L00_99,369
2006-10-01,46,L00_99,410
2006-11-01,47,L00_99,379
2006-12-01,48,L00_99,347
2007-01-01,49,L00_99,410
2007-02-01,50,L00_99,375
2007-03-01,51,L00_99,464
2007-04-01,52,L00_99,360
2007-05-01,53,L00_99,386
2007-06-01,54,L00_99,346
2007-07-01,55,L00_99,347
2007-08-01,56,L00_99,367
2007-09-01,57,L00_99,387
2007-10-01,58,L00_99,403
2007-11-01,59,L00_99,362
2007-12-01,60,L00_99,381
2008-01-01,61,L00_99,456
2008-02-01,62,L00_99,459
2008-03-01,63,L00_99,479
2008-04-01,64,L00_99,420
2008-05-01,65,L00_99,402
2008-06-01,66,L00_99,433
2008-07-01,67,L00_99,427
2008-08-01,68,L00_99,436
2008-09-01,69,L00_99,444
2008-10-01,70,L00_99,462
2008-11-01,71,L00_99,423
2008-12-01,72,L00_99,427
2009-01-01,73,L00_99,466
2009-02-01,74,L00_99,486
2009-03-01,75,L00_99,563
2009-04-01,76,L00_99,488
2009-05-01,77,L00_99,450
2009-06-01,78,L00_99,479
2009-07-01,79,L00_99,474
2009-08-01,80,L00_99,489
2009-09-01,81,L00_99,492
2009-10-01,82,L00_99,500
2009-11-01,83,L00_99,518
2009-12-01,84,L00_99,530
2012-01-01,85,L00_99,522
2012-02-01,86,L00_99,537
2012-03-01,87,L00_99,562
2012-04-01,88,L00_99,553
2012-05-01,89,L00_99,546
2012-06-01,90,L00_99,482
2012-07-01,91,L00_99,499
2012-08-01,92,L00_99,493
2012-09-01,93,L00_99,545
2012-10-01,94,L00_99,561
2012-11-01,95,L00_99,556
2012-12-01,96,L00_99,519
2013-01-01,97,L00_99,565
2013-02-01,98,L00_99,580
2013-03-01,99,L00_99,573
2013-04-01,100,L00_99,590
2013-05-01,101,L00_99,537
2013-06-01,102,L00_99,484
2013-07-01,103,L00_99,539
2013-08-01,104,L00_99,534
2013-09-01,105,L00_99,574
2013-10-01,106,L00_99,591
2013-11-01,107,L00_99,529
2013-12-01,108,L00_99,521
2003-01-01,1,M00_99,43
2003-02-01,2,M00_99,58
2003-03-01,3,M00_99,51
2003-04-01,4,M00_99,56
2003-05-01,5,M00_99,71
2003-06-01,6,M00_99,87
2003-07-01,7,M00_99,107
2003-08-01,8,M00_99,106
2003-09-01,9,M00_99,111
2003-10-01,10,M00_99,84
2003-11-01,11,M00_99,99
2003-12-01,12,M00_99,88
2004-01-01,13,M00_99,90
2004-02-01,14,M00_99,90
2004-03-01,15,M00_99,98
2004-04-01,16,M00_99,91
2004-05-01,17,M00_99,71
2004-06-01,18,M00_99,110
2004-07-01,19,M00_99,99
2004-08-01,20,M00_99,84
2004-09-01,21,M00_99,92
2004-10-01,22,M00_99,85
2004-11-01,23,M00_99,88
2004-12-01,24,M00_99,73
2005-01-01,25,M00_99,95
2005-02-01,26,M00_99,76
2005-03-01,27,M00_99,92
2005-04-01,28,M00_99,93
2005-05-01,29,M00_99,100
2005-06-01,30,M00_99,96
2005-07-01,31,M00_99,92
2005-08-01,32,M00_99,84
2005-09-01,33,M00_99,86
2005-10-01,34,M00_99,84
2005-11-01,35,M00_99,106
2005-12-01,36,M00_99,88
2006-01-01,37,M00_99,75
2006-02-01,38,M00_99,68
2006-03-01,39,M00_99,83
2006-04-01,40,M00_99,84
2006-05-01,41,M00_99,104
2006-06-01,42,M00_99,78
2006-07-01,43,M00_99,96
2006-08-01,44,M00_99,104
2006-09-01,45,M00_99,87
2006-10-01,46,M00_99,97
2006-11-01,47,M00_99,74
2006-12-01,48,M00_99,76
2007-01-01,49,M00_99,75
2007-02-01,50,M00_99,66
2007-03-01,51,M00_99,89
2007-04-01,52,M00_99,91
2007-05-01,53,M00_99,88
2007-06-01,54,M00_99,94
2007-07-01,55,M00_99,105
2007-08-01,56,M00_99,83
2007-09-01,57,M00_99,86
2007-10-01,58,M00_99,82
2007-11-01,59,M00_99,78
2007-12-01,60,M00_99,65
2008-01-01,61,M00_99,131
2008-02-01,62,M00_99,92
2008-03-01,63,M00_99,104
2008-04-01,64,M00_99,96
2008-05-01,65,M00_99,85
2008-06-01,66,M00_99,87
2008-07-01,67,M00_99,84
2008-08-01,68,M00_99,92
2008-09-01,69,M00_99,94
2008-10-01,70,M00_99,87
2008-11-01,71,M00_99,88
2008-12-01,72,M00_99,71
2009-01-01,73,M00_99,63
2009-02-01,74,M00_99,62
2009-03-01,75,M00_99,80
2009-04-01,76,M00_99,62
2009-05-01,77,M00_99,67
2009-06-01,78,M00_99,56
2009-07-01,79,M00_99,77
2009-08-01,80,M00_99,65
2009-09-01,81,M00_99,74
2009-10-01,82,M00_99,77
2009-11-01,83,M00_99,86
2009-12-01,84,M00_99,55
2012-01-01,85,M00_99,51
2012-02-01,86,M00_99,43
2012-03-01,87,M00_99,69
2012-04-01,88,M00_99,57
2012-05-01,89,M00_99,63
2012-06-01,90,M00_99,69
2012-07-01,91,M00_99,66
2012-08-01,92,M00_99,77
2012-09-01,93,M00_99,74
2012-10-01,94,M00_99,71
2012-11-01,95,M00_99,65
2012-12-01,96,M00_99,50
2013-01-01,97,M00_99,59
2013-02-01,98,M00_99,62
2013-03-01,99,M00_99,68
2013-04-01,100,M00_99,67
2013-05-01,101,M00_99,75
2013-06-01,102,M00_99,58
2013-07-01,103,M00_99,62
2013-08-01,104,M00_99,66
2013-09-01,105,M00_99,58
2013-10-01,106,M00_99,73
2013-11-01,107,M00_99,80
2013-12-01,108,M00_99,60
2003-01-01,1,N00_99,592
2003-02-01,2,N00_99,618
2003-03-01,3,N00_99,581
2003-04-01,4,N00_99,542
2003-05-01,5,N00_99,476
2003-06-01,6,N00_99,504
2003-07-01,7,N00_99,593
2003-08-01,8,N00_99,697
2003-09-01,9,N00_99,743
2003-10-01,10,N00_99,771
2003-11-01,11,N00_99,720
2003-12-01,12,N00_99,774
2004-01-01,13,N00_99,765
2004-02-01,14,N00_99,785
2004-03-01,15,N00_99,786
2004-04-01,16,N00_99,686
2004-05-01,17,N00_99,611
2004-06-01,18,N00_99,574
2004-07-01,19,N00_99,621
2004-08-01,20,N00_99,687
2004-09-01,21,N00_99,831
2004-10-01,22,N00_99,768
2004-11-01,23,N00_99,840
2004-12-01,24,N00_99,750
2005-01-01,25,N00_99,841
2005-02-01,26,N00_99,848
2005-03-01,27,N00_99,962
2005-04-01,28,N00_99,817
2005-05-01,29,N00_99,743
2005-06-01,30,N00_99,697
2005-07-01,31,N00_99,668
2005-08-01,32,N00_99,880
2005-09-01,33,N00_99,747
2005-10-01,34,N00_99,876
2005-11-01,35,N00_99,857
2005-12-01,36,N00_99,806
2006-01-01,37,N00_99,946
2006-02-01,38,N00_99,846
2006-03-01,39,N00_99,919
2006-04-01,40,N00_99,690
2006-05-01,41,N00_99,663
2006-06-01,42,N00_99,624
2006-07-01,43,N00_99,666
2006-08-01,44,N00_99,811
2006-09-01,45,N00_99,755
2006-10-01,46,N00_99,845
2006-11-01,47,N00_99,821
2006-12-01,48,N00_99,914
2007-01-01,49,N00_99,881
2007-02-01,50,N00_99,788
2007-03-01,51,N00_99,938
2007-04-01,52,N00_99,837
2007-05-01,53,N00_99,731
2007-06-01,54,N00_99,657
2007-07-01,55,N00_99,706
2007-08-01,56,N00_99,832
2007-09-01,57,N00_99,801
2007-10-01,58,N00_99,934
2007-11-01,59,N00_99,872
2007-12-01,60,N00_99,868
2008-01-01,61,N00_99,998
2008-02-01,62,N00_99,980
2008-03-01,63,N00_99,944
2008-04-01,64,N00_99,981
2008-05-01,65,N00_99,806
2008-06-01,66,N00_99,786
2008-07-01,67,N00_99,823
2008-08-01,68,N00_99,936
2008-09-01,69,N00_99,891
2008-10-01,70,N00_99,994
2008-11-01,71,N00_99,923
2008-12-01,72,N00_99,903
2009-01-01,73,N00_99,1074
2009-02-01,74,N00_99,1090
2009-03-01,75,N00_99,1159
2009-04-01,76,N00_99,972
2009-05-01,77,N00_99,1016
2009-06-01,78,N00_99,923
2009-07-01,79,N00_99,973
2009-08-01,80,N00_99,1001
2009-09-01,81,N00_99,1076
2009-10-01,82,N00_99,1194
2009-11-01,83,N00_99,1272
2009-12-01,84,N00_99,1174
2012-01-01,85,N00_99,1167
2012-02-01,86,N00_99,1145
2012-03-01,87,N00_99,1192
2012-04-01,88,N00_99,1025
2012-05-01,89,N00_99,982
2012-06-01,90,N00_99,964
2012-07-01,91,N00_99,942
2012-08-01,92,N00_99,1143
2012-09-01,93,N00_99,1146
2012-10-01,94,N00_99,1264
2012-11-01,95,N00_99,1178
2012-12-01,96,N00_99,1227
2013-01-01,97,N00_99,1224
2013-02-01,98,N00_99,1175
2013-03-01,99,N00_99,1178
2013-04-01,100,N00_99,1045
2013-05-01,101,N00_99,983
2013-06-01,102,N00_99,989
2013-07-01,103,N00_99,991
2013-08-01,104,N00_99,1152
2013-09-01,105,N00_99,1117
2013-10-01,106,N00_99,1211
2013-11-01,107,N00_99,1215
2013-12-01,108,N00_99,1180
2003-01-01,1,N39,74
2003-02-01,2,N39,86
2003-03-01,3,N39,83
2003-04-01,4,N39,68
2003-05-01,5,N39,67
2003-06-01,6,N39,70
2003-07-01,7,N39,102
2003-08-01,8,N39,129
2003-09-01,9,N39,135
2003-10-01,10,N39,116
2003-11-01,11,N39,134
2003-12-01,12,N39,140
2004-01-01,13,N39,154
2004-02-01,14,N39,150
2004-03-01,15,N39,143
2004-04-01,16,N39,125
2004-05-01,17,N39,124
2004-06-01,18,N39,127
2004-07-01,19,N39,110
2004-08-01,20,N39,142
2004-09-01,21,N39,183
2004-10-01,22,N39,175
2004-11-01,23,N39,193
2004-12-01,24,N39,197
2005-01-01,25,N39,214
2005-02-01,26,N39,212
2005-03-01,27,N39,256
2005-04-01,28,N39,204
2005-05-01,29,N39,163
2005-06-01,30,N39,135
2005-07-01,31,N39,166
2005-08-01,32,N39,192
2005-09-01,33,N39,181
2005-10-01,34,N39,219
2005-11-01,35,N39,208
2005-12-01,36,N39,193
2006-01-01,37,N39,254
2006-02-01,38,N39,233
2006-03-01,39,N39,238
2006-04-01,40,N39,152
2006-05-01,41,N39,169
2006-06-01,42,N39,151
2006-07-01,43,N39,162
2006-08-01,44,N39,195
2006-09-01,45,N39,199
2006-10-01,46,N39,232
2006-11-01,47,N39,228
2006-12-01,48,N39,276
2007-01-01,49,N39,291
2007-02-01,50,N39,235
2007-03-01,51,N39,277
2007-04-01,52,N39,232
2007-05-01,53,N39,190
2007-06-01,54,N39,171
2007-07-01,55,N39,220
2007-08-01,56,N39,227
2007-09-01,57,N39,225
2007-10-01,58,N39,281
2007-11-01,59,N39,264
2007-12-01,60,N39,278
2008-01-01,61,N39,360
2008-02-01,62,N39,373
2008-03-01,63,N39,335
2008-04-01,64,N39,326
2008-05-01,65,N39,315
2008-06-01,66,N39,327
2008-07-01,67,N39,347
2008-08-01,68,N39,403
2008-09-01,69,N39,393
2008-10-01,70,N39,451
2008-11-01,71,N39,427
2008-12-01,72,N39,418
2009-01-01,73,N39,586
2009-02-01,74,N39,568
2009-03-01,75,N39,586
2009-04-01,76,N39,467
2009-05-01,77,N39,503
2009-06-01,78,N39,478
2009-07-01,79,N39,491
2009-08-01,80,N39,513
2009-09-01,81,N39,548
2009-10-01,82,N39,641
2009-11-01,83,N39,680
2009-12-01,84,N39,647
2012-01-01,85,N39,749
2012-02-01,86,N39,722
2012-03-01,87,N39,739
2012-04-01,88,N39,664
2012-05-01,89,N39,577
2012-06-01,90,N39,631
2012-07-01,91,N39,586
2012-08-01,92,N39,714
2012-09-01,93,N39,743
2012-10-01,94,N39,834
2012-11-01,95,N39,759
2012-12-01,96,N39,861
2013-01-01,97,N39,831
2013-02-01,98,N39,776
2013-03-01,99,N39,769
2013-04-01,100,N39,669
2013-05-01,101,N39,658
2013-06-01,102,N39,583
2013-07-01,103,N39,632
2013-08-01,104,N39,759
2013-09-01,105,N39,773
2013-10-01,106,N39,766
2013-11-01,107,N39,818
2013-12-01,108,N39,807
2003-01-01,1,P00_99,9287
2003-02-01,2,P00_99,8824
2003-03-01,3,P00_99,10042
2003-04-01,4,P00_99,10397
2003-05-01,5,P00_99,11583
2003-06-01,6,P00_99,11645
2003-07-01,7,P00_99,13355
2003-08-01,8,P00_99,13930
2003-09-01,9,P00_99,13934
2003-10-01,10,P00_99,14236
2003-11-01,11,P00_99,13477
2003-12-01,12,P00_99,13847
2004-01-01,13,P00_99,14396
2004-02-01,14,P00_99,14173
2004-03-01,15,P00_99,16557
2004-04-01,16,P00_99,15768
2004-05-01,17,P00_99,15958
2004-06-01,18,P00_99,15402
2004-07-01,19,P00_99,15134
2004-08-01,20,P00_99,14975
2004-09-01,21,P00_99,14642
2004-10-01,22,P00_99,14351
2004-11-01,23,P00_99,14310
2004-12-01,24,P00_99,14574
2005-01-01,25,P00_99,15098
2005-02-01,26,P00_99,14104
2005-03-01,27,P00_99,16982
2005-04-01,28,P00_99,17100
2005-05-01,29,P00_99,17572
2005-06-01,30,P00_99,16223
2005-07-01,31,P00_99,15789
2005-08-01,32,P00_99,15923
2005-09-01,33,P00_99,15286
2005-10-01,34,P00_99,15599
2005-11-01,35,P00_99,14930
2005-12-01,36,P00_99,15124
2006-01-01,37,P00_99,15722
2006-02-01,38,P00_99,14443
2006-03-01,39,P00_99,17269
2006-04-01,40,P00_99,16326
2006-05-01,41,P00_99,17184
2006-06-01,42,P00_99,16135
2006-07-01,43,P00_99,15573
2006-08-01,44,P00_99,15731
2006-09-01,45,P00_99,14695
2006-10-01,46,P00_99,15097
2006-11-01,47,P00_99,14537
2006-12-01,48,P00_99,15030
2007-01-01,49,P00_99,15712
2007-02-01,50,P00_99,15011
2007-03-01,51,P00_99,18031
2007-04-01,52,P00_99,17158
2007-05-01,53,P00_99,17282
2007-06-01,54,P00_99,16206
2007-07-01,55,P00_99,16097
2007-08-01,56,P00_99,15711
2007-09-01,57,P00_99,14852
2007-10-01,58,P00_99,15379
2007-11-01,59,P00_99,14002
2007-12-01,60,P00_99,13410
2008-01-01,61,P00_99,13737
2008-02-01,62,P00_99,13471
2008-03-01,63,P00_99,15060
2008-04-01,64,P00_99,14847
2008-05-01,65,P00_99,14943
2008-06-01,66,P00_99,14458
2008-07-01,67,P00_99,14172
2008-08-01,68,P00_99,14332
2008-09-01,69,P00_99,14506
2008-10-01,70,P00_99,14834
2008-11-01,71,P00_99,14113
2008-12-01,72,P00_99,14979
2009-01-01,73,P00_99,15564
2009-02-01,74,P00_99,14257
2009-03-01,75,P00_99,16760
2009-04-01,76,P00_99,15804
2009-05-01,77,P00_99,15491
2009-06-01,78,P00_99,14791
2009-07-01,79,P00_99,15252
2009-08-01,80,P00_99,15242
2009-09-01,81,P00_99,15459
2009-10-01,82,P00_99,15137
2009-11-01,83,P00_99,14884
2009-12-01,84,P00_99,15536
2012-01-01,85,P00_99,17829
2012-02-01,86,P00_99,17269
2012-03-01,87,P00_99,19106
2012-04-01,88,P00_99,18495
2012-05-01,89,P00_99,18926
2012-06-01,90,P00_99,17772
2012-07-01,91,P00_99,17332
2012-08-01,92,P00_99,17044
2012-09-01,93,P00_99,16646
2012-10-01,94,P00_99,17182
2012-11-01,95,P00_99,16786
2012-12-01,96,P00_99,17538
2013-01-01,97,P00_99,18595
2013-02-01,98,P00_99,17283
2013-03-01,99,P00_99,19523
2013-04-01,100,P00_99,19303
2013-05-01,101,P00_99,19583
2013-06-01,102,P00_99,17895
2013-07-01,103,P00_99,18252
2013-08-01,104,P00_99,18297
2013-09-01,105,P00_99,17754
2013-10-01,106,P00_99,18005
2013-11-01,107,P00_99,17433
2013-12-01,108,P00_99,17881
2003-01-01,1,P05_07,2667
2003-02-01,2,P05_07,2459
2003-03-01,3,P05_07,2762
2003-04-01,4,P05_07,2616
2003-05-01,5,P05_07,3084
2003-06-01,6,P05_07,3092
2003-07-01,7,P05_07,3815
2003-08-01,8,P05_07,3963
2003-09-01,9,P05_07,3777
2003-10-01,10,P05_07,3843
2003-11-01,11,P05_07,3802
2003-12-01,12,P05_07,4187
2004-01-01,13,P05_07,4242
2004-02-01,14,P05_07,4106
2004-03-01,15,P05_07,4502
2004-04-01,16,P05_07,4259
2004-05-01,17,P05_07,4292
2004-06-01,18,P05_07,4128
2004-07-01,19,P05_07,4147
2004-08-01,20,P05_07,4092
2004-09-01,21,P05_07,3823
2004-10-01,22,P05_07,3912
2004-11-01,23,P05_07,4114
2004-12-01,24,P05_07,4368
2005-01-01,25,P05_07,4616
2005-02-01,26,P05_07,4042
2005-03-01,27,P05_07,4755
2005-04-01,28,P05_07,4606
2005-05-01,29,P05_07,4614
2005-06-01,30,P05_07,4351
2005-07-01,31,P05_07,4314
2005-08-01,32,P05_07,4435
2005-09-01,33,P05_07,4072
2005-10-01,34,P05_07,4055
2005-11-01,35,P05_07,3990
2005-12-01,36,P05_07,4237
2006-01-01,37,P05_07,4648
2006-02-01,38,P05_07,4191
2006-03-01,39,P05_07,4720
2006-04-01,40,P05_07,4391
2006-05-01,41,P05_07,4446
2006-06-01,42,P05_07,4223
2006-07-01,43,P05_07,4093
2006-08-01,44,P05_07,4319
2006-09-01,45,P05_07,3919
2006-10-01,46,P05_07,3934
2006-11-01,47,P05_07,3891
2006-12-01,48,P05_07,4170
2007-01-01,49,P05_07,4374
2007-02-01,50,P05_07,3986
2007-03-01,51,P05_07,4512
2007-04-01,52,P05_07,4251
2007-05-01,53,P05_07,4514
2007-06-01,54,P05_07,4185
2007-07-01,55,P05_07,4177
2007-08-01,56,P05_07,4065
2007-09-01,57,P05_07,3663
2007-10-01,58,P05_07,3975
2007-11-01,59,P05_07,3653
2007-12-01,60,P05_07,3722
2008-01-01,61,P05_07,4076
2008-02-01,62,P05_07,3895
2008-03-01,63,P05_07,4207
2008-04-01,64,P05_07,3928
2008-05-01,65,P05_07,3887
2008-06-01,66,P05_07,3789
2008-07-01,67,P05_07,3971
2008-08-01,68,P05_07,3849
2008-09-01,69,P05_07,3791
2008-10-01,70,P05_07,3766
2008-11-01,71,P05_07,3850
2008-12-01,72,P05_07,4142
2009-01-01,73,P05_07,4359
2009-02-01,74,P05_07,3827
2009-03-01,75,P05_07,4521
2009-04-01,76,P05_07,4097
2009-05-01,77,P05_07,4251
2009-06-01,78,P05_07,3846
2009-07-01,79,P05_07,4082
2009-08-01,80,P05_07,4213
2009-09-01,81,P05_07,3806
2009-10-01,82,P05_07,3860
2009-11-01,83,P05_07,3918
2009-12-01,84,P05_07,4173
2012-01-01,85,P05_07,4624
2012-02-01,86,P05_07,4291
2012-03-01,87,P05_07,4569
2012-04-01,88,P05_07,4339
2012-05-01,89,P05_07,4600
2012-06-01,90,P05_07,4115
2012-07-01,91,P05_07,4209
2012-08-01,92,P05_07,4360
2012-09-01,93,P05_07,3772
2012-10-01,94,P05_07,3958
2012-11-01,95,P05_07,4084
2012-12-01,96,P05_07,4168
2013-01-01,97,P05_07,4396
2013-02-01,98,P05_07,4040
2013-03-01,99,P05_07,4567
2013-04-01,100,P05_07,4535
2013-05-01,101,P05_07,4406
2013-06-01,102,P05_07,3977
2013-07-01,103,P05_07,4171
2013-08-01,104,P05_07,4291
2013-09-01,105,P05_07,3829
2013-10-01,106,P05_07,4046
2013-11-01,107,P05_07,3896
2013-12-01,108,P05_07,4142
2003-01-01,1,Q00_99,655
2003-02-01,2,Q00_99,630
2003-03-01,3,Q00_99,715
2003-04-01,4,Q00_99,784
2003-05-01,5,Q00_99,865
2003-06-01,6,Q00_99,965
2003-07-01,7,Q00_99,1299
2003-08-01,8,Q00_99,1439
2003-09-01,9,Q00_99,1478
2003-10-01,10,Q00_99,1510
2003-11-01,11,Q00_99,1373
2003-12-01,12,Q00_99,1371
2004-01-01,13,Q00_99,1335
2004-02-01,14,Q00_99,1390
2004-03-01,15,Q00_99,1652
2004-04-01,16,Q00_99,1491
2004-05-01,17,Q00_99,1574
2004-06-01,18,Q00_99,1430
2004-07-01,19,Q00_99,1391
2004-08-01,20,Q00_99,1470
2004-09-01,21,Q00_99,1413
2004-10-01,22,Q00_99,1454
2004-11-01,23,Q00_99,1489
2004-12-01,24,Q00_99,1365
2005-01-01,25,Q00_99,1424
2005-02-01,26,Q00_99,1206
2005-03-01,27,Q00_99,1568
2005-04-01,28,Q00_99,1435
2005-05-01,29,Q00_99,1555
2005-06-01,30,Q00_99,1575
2005-07-01,31,Q00_99,1362
2005-08-01,32,Q00_99,1567
2005-09-01,33,Q00_99,1454
2005-10-01,34,Q00_99,1615
2005-11-01,35,Q00_99,1404
2005-12-01,36,Q00_99,1272
2006-01-01,37,Q00_99,1359
2006-02-01,38,Q00_99,1275
2006-03-01,39,Q00_99,1566
2006-04-01,40,Q00_99,1331
2006-05-01,41,Q00_99,1579
2006-06-01,42,Q00_99,1304
2006-07-01,43,Q00_99,1375
2006-08-01,44,Q00_99,1532
2006-09-01,45,Q00_99,1391
2006-10-01,46,Q00_99,1461
2006-11-01,47,Q00_99,1369
2006-12-01,48,Q00_99,1258
2007-01-01,49,Q00_99,1422
2007-02-01,50,Q00_99,1173
2007-03-01,51,Q00_99,1610
2007-04-01,52,Q00_99,1422
2007-05-01,53,Q00_99,1531
2007-06-01,54,Q00_99,1366
2007-07-01,55,Q00_99,1429
2007-08-01,56,Q00_99,1602
2007-09-01,57,Q00_99,1432
2007-10-01,58,Q00_99,1489
2007-11-01,59,Q00_99,1324
2007-12-01,60,Q00_99,1141
2008-01-01,61,Q00_99,1122
2008-02-01,62,Q00_99,1149
2008-03-01,63,Q00_99,1170
2008-04-01,64,Q00_99,1174
2008-05-01,65,Q00_99,1203
2008-06-01,66,Q00_99,1267
2008-07-01,67,Q00_99,1188
2008-08-01,68,Q00_99,1234
2008-09-01,69,Q00_99,1241
2008-10-01,70,Q00_99,1241
2008-11-01,71,Q00_99,1110
2008-12-01,72,Q00_99,1098
2009-01-01,73,Q00_99,1091
2009-02-01,74,Q00_99,1106
2009-03-01,75,Q00_99,1473
2009-04-01,76,Q00_99,1217
2009-05-01,77,Q00_99,1330
2009-06-01,78,Q00_99,1370
2009-07-01,79,Q00_99,1351
2009-08-01,80,Q00_99,1330
2009-09-01,81,Q00_99,1368
2009-10-01,82,Q00_99,1405
2009-11-01,83,Q00_99,1288
2009-12-01,84,Q00_99,1158
2012-01-01,85,Q00_99,1395
2012-02-01,86,Q00_99,1346
2012-03-01,87,Q00_99,1564
2012-04-01,88,Q00_99,1348
2012-05-01,89,Q00_99,1477
2012-06-01,90,Q00_99,1349
2012-07-01,91,Q00_99,1290
2012-08-01,92,Q00_99,1521
2012-09-01,93,Q00_99,1386
2012-10-01,94,Q00_99,1459
2012-11-01,95,Q00_99,1298
2012-12-01,96,Q00_99,1195
2013-01-01,97,Q00_99,1472
2013-02-01,98,Q00_99,1342
2013-03-01,99,Q00_99,1491
2013-04-01,100,Q00_99,1631
2013-05-01,101,Q00_99,1449
2013-06-01,102,Q00_99,1424
2013-07-01,103,Q00_99,1415
2013-08-01,104,Q00_99,1580
2013-09-01,105,Q00_99,1592
2013-10-01,106,Q00_99,1587
2013-11-01,107,Q00_99,1385
2013-12-01,108,Q00_99,1303
2003-01-01,1,S00_T99,364
2003-02-01,2,S00_T99,358
2003-03-01,3,S00_T99,342
2003-04-01,4,S00_T99,354
2003-05-01,5,S00_T99,329
2003-06-01,6,S00_T99,366
2003-07-01,7,S00_T99,487
2003-08-01,8,S00_T99,509
2003-09-01,9,S00_T99,485
2003-10-01,10,S00_T99,568
2003-11-01,11,S00_T99,537
2003-12-01,12,S00_T99,476
2004-01-01,13,S00_T99,479
2004-02-01,14,S00_T99,481
2004-03-01,15,S00_T99,474
2004-04-01,16,S00_T99,487
2004-05-01,17,S00_T99,494
2004-06-01,18,S00_T99,454
2004-07-01,19,S00_T99,472
2004-08-01,20,S00_T99,522
2004-09-01,21,S00_T99,512
2004-10-01,22,S00_T99,475
2004-11-01,23,S00_T99,500
2004-12-01,24,S00_T99,495
2005-01-01,25,S00_T99,490
2005-02-01,26,S00_T99,459
2005-03-01,27,S00_T99,534
2005-04-01,28,S00_T99,478
2005-05-01,29,S00_T99,441
2005-06-01,30,S00_T99,485
2005-07-01,31,S00_T99,458
2005-08-01,32,S00_T99,523
2005-09-01,33,S00_T99,499
2005-10-01,34,S00_T99,616
2005-11-01,35,S00_T99,580
2005-12-01,36,S00_T99,536
2006-01-01,37,S00_T99,514
2006-02-01,38,S00_T99,457
2006-03-01,39,S00_T99,525
2006-04-01,40,S00_T99,466
2006-05-01,41,S00_T99,464
2006-06-01,42,S00_T99,443
2006-07-01,43,S00_T99,494
2006-08-01,44,S00_T99,497
2006-09-01,45,S00_T99,523
2006-10-01,46,S00_T99,567
2006-11-01,47,S00_T99,477
2006-12-01,48,S00_T99,488
2007-01-01,49,S00_T99,458
2007-02-01,50,S00_T99,408
2007-03-01,51,S00_T99,524
2007-04-01,52,S00_T99,459
2007-05-01,53,S00_T99,512
2007-06-01,54,S00_T99,469
2007-07-01,55,S00_T99,470
2007-08-01,56,S00_T99,539
2007-09-01,57,S00_T99,519
2007-10-01,58,S00_T99,527
2007-11-01,59,S00_T99,480
2007-12-01,60,S00_T99,551
2008-01-01,61,S00_T99,519
2008-02-01,62,S00_T99,506
2008-03-01,63,S00_T99,480
2008-04-01,64,S00_T99,438
2008-05-01,65,S00_T99,519
2008-06-01,66,S00_T99,450
2008-07-01,67,S00_T99,481
2008-08-01,68,S00_T99,540
2008-09-01,69,S00_T99,462
2008-10-01,70,S00_T99,517
2008-11-01,71,S00_T99,487
2008-12-01,72,S00_T99,482
2009-01-01,73,S00_T99,442
2009-02-01,74,S00_T99,465
2009-03-01,75,S00_T99,515
2009-04-01,76,S00_T99,512
2009-05-01,77,S00_T99,495
2009-06-01,78,S00_T99,493
2009-07-01,79,S00_T99,494
2009-08-01,80,S00_T99,514
2009-09-01,81,S00_T99,502
2009-10-01,82,S00_T99,537
2009-11-01,83,S00_T99,512
2009-12-01,84,S00_T99,540
2012-01-01,85,S00_T99,580
2012-02-01,86,S00_T99,561
2012-03-01,87,S00_T99,551
2012-04-01,88,S00_T99,483
2012-05-01,89,S00_T99,520
2012-06-01,90,S00_T99,542
2012-07-01,91,S00_T99,554
2012-08-01,92,S00_T99,558
2012-09-01,93,S00_T99,537
2012-10-01,94,S00_T99,600
2012-11-01,95,S00_T99,537
2012-12-01,96,S00_T99,582
2013-01-01,97,S00_T99,569
2013-02-01,98,S00_T99,566
2013-03-01,99,S00_T99,558
2013-04-01,100,S00_T99,562
2013-05-01,101,S00_T99,511
2013-06-01,102,S00_T99,535
2013-07-01,103,S00_T99,546
2013-08-01,104,S00_T99,608
2013-09-01,105,S00_T99,597
2013-10-01,106,S00_T99,710
2013-11-01,107,S00_T99,532
2013-12-01,108,S00_T99,595
2003-01-01,1,Z00_99,247
2003-02-01,2,Z00_99,251
2003-03-01,3,Z00_99,229
2003-04-01,4,Z00_99,267
2003-05-01,5,Z00_99,239
2003-06-01,6,Z00_99,230
2003-07-01,7,Z00_99,336
2003-08-01,8,Z00_99,282
2003-09-01,9,Z00_99,304
2003-10-01,10,Z00_99,371
2003-11-01,11,Z00_99,278
2003-12-01,12,Z00_99,333
2004-01-01,13,Z00_99,291
2004-02-01,14,Z00_99,369
2004-03-01,15,Z00_99,402
2004-04-01,16,Z00_99,322
2004-05-01,17,Z00_99,342
2004-06-01,18,Z00_99,343
2004-07-01,19,Z00_99,288
2004-08-01,20,Z00_99,316
2004-09-01,21,Z00_99,267
2004-10-01,22,Z00_99,317
2004-11-01,23,Z00_99,305
2004-12-01,24,Z00_99,270
2005-01-01,25,Z00_99,290
2005-02-01,26,Z00_99,279
2005-03-01,27,Z00_99,372
2005-04-01,28,Z00_99,316
2005-05-01,29,Z00_99,274
2005-06-01,30,Z00_99,341
2005-07-01,31,Z00_99,281
2005-08-01,32,Z00_99,269
2005-09-01,33,Z00_99,269
2005-10-01,34,Z00_99,272
2005-11-01,35,Z00_99,246
2005-12-01,36,Z00_99,267
2006-01-01,37,Z00_99,293
2006-02-01,38,Z00_99,235
2006-03-01,39,Z00_99,294
2006-04-01,40,Z00_99,295
2006-05-01,41,Z00_99,331
2006-06-01,42,Z00_99,275
2006-07-01,43,Z00_99,279
2006-08-01,44,Z00_99,268
2006-09-01,45,Z00_99,251
2006-10-01,46,Z00_99,268
2006-11-01,47,Z00_99,252
2006-12-01,48,Z00_99,290
2007-01-01,49,Z00_99,269
2007-02-01,50,Z00_99,258
2007-03-01,51,Z00_99,326
2007-04-01,52,Z00_99,298
2007-05-01,53,Z00_99,309
2007-06-01,54,Z00_99,279
2007-07-01,55,Z00_99,276
2007-08-01,56,Z00_99,278
2007-09-01,57,Z00_99,287
2007-10-01,58,Z00_99,316
2007-11-01,59,Z00_99,341
2007-12-01,60,Z00_99,536
2008-01-01,61,Z00_99,791
2008-02-01,62,Z00_99,752
2008-03-01,63,Z00_99,881
2008-04-01,64,Z00_99,876
2008-05-01,65,Z00_99,876
2008-06-01,66,Z00_99,775
2008-07-01,67,Z00_99,759
2008-08-01,68,Z00_99,695
2008-09-01,69,Z00_99,650
2008-10-01,70,Z00_99,596
2008-11-01,71,Z00_99,574
2008-12-01,72,Z00_99,550
2009-01-01,73,Z00_99,507
2009-02-01,74,Z00_99,465
2009-03-01,75,Z00_99,494
2009-04-01,76,Z00_99,537
2009-05-01,77,Z00_99,479
2009-06-01,78,Z00_99,463
2009-07-01,79,Z00_99,459
2009-08-01,80,Z00_99,408
2009-09-01,81,Z00_99,435
2009-10-01,82,Z00_99,373
2009-11-01,83,Z00_99,415
2009-12-01,84,Z00_99,448
2012-01-01,85,Z00_99,256
2012-02-01,86,Z00_99,322
2012-03-01,87,Z00_99,362
2012-04-01,88,Z00_99,322
2012-05-01,89,Z00_99,312
2012-06-01,90,Z00_99,282
2012-07-01,91,Z00_99,300
2012-08-01,92,Z00_99,340
2012-09-01,93,Z00_99,291
2012-10-01,94,Z00_99,312
2012-11-01,95,Z00_99,297
2012-12-01,96,Z00_99,260
2013-01-01,97,Z00_99,289
2013-02-01,98,Z00_99,251
2013-03-01,99,Z00_99,297
2013-04-01,100,Z00_99,310
2013-05-01,101,Z00_99,298
2013-06-01,102,Z00_99,275
2013-07-01,103,Z00_99,257
2013-08-01,104,Z00_99,272
2013-09-01,105,Z00_99,287
2013-10-01,106,Z00_99,284
2013-11-01,107,Z00_99,332
2013-12-01,108,Z00_99,345
2003-01-01,1,cJ20_J22,740
2003-02-01,2,cJ20_J22,928
2003-03-01,3,cJ20_J22,1642
2003-04-01,4,cJ20_J22,2371
2003-05-01,5,cJ20_J22,2374
2003-06-01,6,cJ20_J22,2196
2003-07-01,7,cJ20_J22,2200
2003-08-01,8,cJ20_J22,1667
2003-09-01,9,cJ20_J22,1551
2003-10-01,10,cJ20_J22,1602
2003-11-01,11,cJ20_J22,1274
2003-12-01,12,cJ20_J22,986
2004-01-01,13,cJ20_J22,961
2004-02-01,14,cJ20_J22,1155
2004-03-01,15,cJ20_J22,2378
2004-04-01,16,cJ20_J22,3053
2004-05-01,17,cJ20_J22,3583
2004-06-01,18,cJ20_J22,3193
2004-07-01,19,cJ20_J22,2750
2004-08-01,20,cJ20_J22,2071
2004-09-01,21,cJ20_J22,1658
2004-10-01,22,cJ20_J22,1490
2004-11-01,23,cJ20_J22,1321
2004-12-01,24,cJ20_J22,1079
2005-01-01,25,cJ20_J22,888
2005-02-01,26,cJ20_J22,855
2005-03-01,27,cJ20_J22,1660
2005-04-01,28,cJ20_J22,2970
2005-05-01,29,cJ20_J22,3800
2005-06-01,30,cJ20_J22,3801
2005-07-01,31,cJ20_J22,2926
2005-08-01,32,cJ20_J22,1871
2005-09-01,33,cJ20_J22,1445
2005-10-01,34,cJ20_J22,1518
2005-11-01,35,cJ20_J22,1460
2005-12-01,36,cJ20_J22,1085
2006-01-01,37,cJ20_J22,974
2006-02-01,38,cJ20_J22,895
2006-03-01,39,cJ20_J22,1623
2006-04-01,40,cJ20_J22,2474
2006-05-01,41,cJ20_J22,3514
2006-06-01,42,cJ20_J22,3621
2006-07-01,43,cJ20_J22,3323
2006-08-01,44,cJ20_J22,2511
2006-09-01,45,cJ20_J22,1912
2006-10-01,46,cJ20_J22,1832
2006-11-01,47,cJ20_J22,1717
2006-12-01,48,cJ20_J22,1611
2007-01-01,49,cJ20_J22,1783
2007-02-01,50,cJ20_J22,2492
2007-03-01,51,cJ20_J22,3532
2007-04-01,52,cJ20_J22,3233
2007-05-01,53,cJ20_J22,3340
2007-06-01,54,cJ20_J22,3090
2007-07-01,55,cJ20_J22,2700
2007-08-01,56,cJ20_J22,2418
2007-09-01,57,cJ20_J22,2107
2007-10-01,58,cJ20_J22,1861
2007-11-01,59,cJ20_J22,1394
2007-12-01,60,cJ20_J22,1119
2008-01-01,61,cJ20_J22,933
2008-02-01,62,cJ20_J22,1075
2008-03-01,63,cJ20_J22,2489
2008-04-01,64,cJ20_J22,3935
2008-05-01,65,cJ20_J22,4043
2008-06-01,66,cJ20_J22,3267
2008-07-01,67,cJ20_J22,3155
2008-08-01,68,cJ20_J22,2056
2008-09-01,69,cJ20_J22,1938
2008-10-01,70,cJ20_J22,1915
2008-11-01,71,cJ20_J22,1556
2008-12-01,72,cJ20_J22,1197
2009-01-01,73,cJ20_J22,1020
2009-02-01,74,cJ20_J22,1069
2009-03-01,75,cJ20_J22,2613
2009-04-01,76,cJ20_J22,4352
2009-05-01,77,cJ20_J22,4359
2009-06-01,78,cJ20_J22,3535
2009-07-01,79,cJ20_J22,3248
2009-08-01,80,cJ20_J22,2538
2009-09-01,81,cJ20_J22,1964
2009-10-01,82,cJ20_J22,1864
2009-11-01,83,cJ20_J22,1557
2009-12-01,84,cJ20_J22,1407
2012-01-01,85,cJ20_J22,1261
2012-02-01,86,cJ20_J22,1586
2012-03-01,87,cJ20_J22,3054
2012-04-01,88,cJ20_J22,4699
2012-05-01,89,cJ20_J22,5637
2012-06-01,90,cJ20_J22,4682
2012-07-01,91,cJ20_J22,3888
2012-08-01,92,cJ20_J22,2782
2012-09-01,93,cJ20_J22,2294
2012-10-01,94,cJ20_J22,2279
2012-11-01,95,cJ20_J22,1916
2012-12-01,96,cJ20_J22,1512
2013-01-01,97,cJ20_J22,1559
2013-02-01,98,cJ20_J22,1906
2013-03-01,99,cJ20_J22,3423
2013-04-01,100,cJ20_J22,5198
2013-05-01,101,cJ20_J22,5010
2013-06-01,102,cJ20_J22,4893
2013-07-01,103,cJ20_J22,4070
2013-08-01,104,cJ20_J22,2871
2013-09-01,105,cJ20_J22,2343
2013-10-01,106,cJ20_J22,2310
2013-11-01,107,cJ20_J22,1940
2013-12-01,108,cJ20_J22,1515
