country,year,gdp,Reunification
Australia,1960,9347.68,0
Australia,1961,9390.99,0
Australia,1962,9283.18,0
Australia,1963,9672.93,0
Australia,1964,10147.03,0
Australia,1965,10545.15,0
Australia,1966,10552.32,0
Australia,1967,11076.92,0
Australia,1968,11437.58,0
Australia,1969,11989.79,0
Australia,1970,12599.45,0
Australia,1971,12667.97,0
Australia,1972,12923.59,0
Australia,1973,13060.93,0
Australia,1974,13257.49,0
Australia,1975,13270.19,0
Australia,1976,13477.87,0
Australia,1977,13805.98,0
Australia,1978,13768.3,0
Australia,1979,14171.99,0
Australia,1980,14425.29,0
Australia,1981,14676.08,0
Australia,1982,14903.48,0
Australia,1983,14373.91,0
Australia,1984,14854.8,0
Australia,1985,15431.96,0
Australia,1986,15813.63,0
Australia,1987,15973.57,0
Australia,1988,16619.14,0
Australia,1989,16973.08,0
Australia,1990,17322.0,0
Australia,1991,17037.23,0
Australia,1992,16919.71,0
Australia,1993,17448.5,0
Australia,1994,17969.12,0
Australia,1995,18460.63,0
Australia,1996,18942.6,0
Australia,1997,19472.03,0
Australia,1998,20177.92,0
Australia,1999,20961.83,0
Australia,2000,21535.96,0
Australia,2001,21691.77,0
Australia,2002,22299.9,0
Australia,2003,22726.23,0
Austria,1960,7277.94,0
Austria,1961,7638.97,0
Austria,1962,7793.39,0
Austria,1963,8063.94,0
Austria,1964,8500.95,0
Austria,1965,8739.83,0
Austria,1966,9168.47,0
Austria,1967,9373.94,0
Austria,1968,9742.45,0
Austria,1969,10318.18,0
Austria,1970,11014.6,0
Austria,1971,11526.44,0
Austria,1972,12171.04,0
Austria,1973,12695.72,0
Austria,1974,13173.77,0
Austria,1975,13160.72,0
Austria,1976,13787.61,0
Austria,1977,14482.46,0
Austria,1978,14463.66,0
Austria,1979,15264.43,0
Austria,1980,15528.72,0
Austria,1981,15466.81,0
Austria,1982,15766.58,0
Austria,1983,16261.59,0
Austria,1984,16270.95,0
Austria,1985,16669.69,0
Austria,1986,17042.49,0
Austria,1987,17262.85,0
Austria,1988,17806.59,0
Austria,1989,18415.59,0
Austria,1990,19070.0,0
Austria,1991,19530.35,0
Austria,1992,19720.98,0
Austria,1993,19662.06,0
Austria,1994,20057.03,0
Austria,1995,20560.64,0
Austria,1996,20987.86,0
Austria,1997,21413.95,0
Austria,1998,22137.61,0
Austria,1999,22925.76,0
Austria,2000,23600.16,0
Austria,2001,23819.62,0
Austria,2002,24054.55,0
Austria,2003,24210.92,0
Belgium,1960,7330.3,0
Belgium,1961,7669.71,0
Belgium,1962,8037.4,0
Belgium,1963,8324.69,0
Belgium,1964,8819.93,0
Belgium,1965,9051.41,0
Belgium,1966,9274.2,0
Belgium,1967,9579.47,0
Belgium,1968,9942.06,0
Belgium,1969,10571.22,0
Belgium,1970,11231.69,0
Belgium,1971,11658.1,0
Belgium,1972,12227.5,0
Belgium,1973,12966.95,0
Belgium,1974,13516.33,0
Belgium,1975,13212.37,0
Belgium,1976,13934.32,0
Belgium,1977,14004.26,0
Belgium,1978,14388.82,0
Belgium,1979,14712.44,0
Belgium,1980,15349.35,0
Belgium,1981,15306.88,0
Belgium,1982,15402.14,0
Belgium,1983,15451.4,0
Belgium,1984,15832.73,0
Belgium,1985,16089.46,0
Belgium,1986,16376.89,0
Belgium,1987,16740.37,0
Belgium,1988,17475.41,0
Belgium,1989,18016.1,0
Belgium,1990,18526.0,0
Belgium,1991,18795.62,0
Belgium,1992,19006.05,0
Belgium,1993,18749.85,0
Belgium,1994,19295.34,0
Belgium,1995,19714.16,0
Belgium,1996,19935.68,0
Belgium,1997,20641.96,0
Belgium,1998,21002.03,0
Belgium,1999,21696.29,0
Belgium,2000,22448.17,0
Belgium,2001,22617.08,0
Belgium,2002,22900.25,0
Belgium,2003,23041.28,0
Canada,1960,9135.32,0
Canada,1961,9219.13,0
Canada,1962,9682.05,0
Canada,1963,9983.9,0
Canada,1964,10435.69,0
Canada,1965,10930.7,0
Canada,1966,11424.39,0
Canada,1967,11561.89,0
Canada,1968,11980.29,0
Canada,1969,12432.73,0
Canada,1970,12576.13,0
Canada,1971,13111.07,0
Canada,1972,13643.4,0
Canada,1973,14442.87,0
Canada,1974,14825.91,0
Canada,1975,14941.15,0
Canada,1976,15553.36,0
Canada,1977,15887.94,0
Canada,1978,16365.27,0
Canada,1979,16876.64,0
Canada,1980,16882.54,0
Canada,1981,17191.59,0
Canada,1982,16468.07,0
Canada,1983,16778.43,0
Canada,1984,17571.35,0
Canada,1985,18349.87,0
Canada,1986,18642.55,0
Canada,1987,19149.34,0
Canada,1988,19823.1,0
Canada,1989,19942.92,0
Canada,1990,19696.73,0
Canada,1991,19087.6,0
Canada,1992,19080.72,0
Canada,1993,19418.83,0
Canada,1994,20131.38,0
Canada,1995,20514.35,0
Canada,1996,20686.9,0
Canada,1997,21417.26,0
Canada,1998,22121.82,0
Canada,1999,23143.24,0
Canada,2000,24188.8,0
Canada,2001,24427.56,0
Canada,2002,24962.36,0
Canada,2003,25247.83,0
Denmark,1960,8129.02,0
Denmark,1961,8587.4,0
Denmark,1962,9003.67,0
Denmark,1963,8989.93,0
Denmark,1964,9745.09,0
Denmark,1965,10109.92,0
Denmark,1966,10303.95,0
Denmark,1967,10824.78,0
Denmark,1968,11388.8,0
Denmark,1969,12096.07,0
Denmark,1970,12228.34,0
Denmark,1971,12529.56,0
Denmark,1972,12931.21,0
Denmark,1973,13459.88,0
Denmark,1974,13268.17,0
Denmark,1975,13043.45,0
Denmark,1976,13790.49,0
Denmark,1977,14020.56,0
Denmark,1978,14314.9,0
Denmark,1979,14858.59,0
Denmark,1980,14729.01,0
Denmark,1981,14624.03,0
Denmark,1982,15204.38,0
Denmark,1983,15618.75,0
Denmark,1984,16305.03,0
Denmark,1985,16975.32,0
Denmark,1986,17755.07,0
Denmark,1987,17814.69,0
Denmark,1988,17854.63,0
Denmark,1989,17968.33,0
Denmark,1990,18237.0,0
Denmark,1991,18454.97,0
Denmark,1992,18766.12,0
Denmark,1993,18688.95,0
Denmark,1994,19612.13,0
Denmark,1995,20102.95,0
Denmark,1996,20568.35,0
Denmark,1997,21132.05,0
Denmark,1998,21545.26,0
Denmark,1999,22111.29,0
Denmark,2000,22858.19,0
Denmark,2001,22992.81,0
Denmark,2002,23024.11,0
Denmark,2003,23062.84,0
Finland,1960,6502.5,0
Finland,1961,6949.05,0
Finland,1962,7116.67,0
Finland,1963,7299.35,0
Finland,1964,7626.08,0
Finland,1965,8005.19,0
Finland,1966,8165.61,0
Finland,1967,8293.94,0
Finland,1968,8446.51,0
Finland,1969,9265.62,0
Finland,1970,9995.69,0
Finland,1971,10191.46,0
Finland,1972,10904.5,0
Finland,1973,11569.09,0
Finland,1974,11857.19,0
Finland,1975,11941.0,0
Finland,1976,11853.92,0
Finland,1977,11851.3,0
Finland,1978,12064.1,0
Finland,1979,12870.77,0
Finland,1980,13514.41,0
Finland,1981,13707.57,0
Finland,1982,14074.24,0
Finland,1983,14368.23,0
Finland,1984,14723.11,0
Finland,1985,15156.57,0
Finland,1986,15466.27,0
Finland,1987,16054.25,0
Finland,1988,16790.87,0
Finland,1989,17686.59,0
Finland,1990,17602.78,0
Finland,1991,16483.72,0
Finland,1992,15858.32,0
Finland,1993,15677.6,0
Finland,1994,16236.71,0
Finland,1995,16867.88,0
Finland,1996,17441.23,0
Finland,1997,18490.56,0
Finland,1998,19456.65,0
Finland,1999,20289.22,0
Finland,2000,21404.21,0
Finland,2001,21922.73,0
Finland,2002,22253.3,0
Finland,2003,22659.7,0
France,1960,6995.27,0
France,1961,7255.86,0
France,1962,7676.98,0
France,1963,8071.44,0
France,1964,8498.99,0
France,1965,8822.57,0
France,1966,9202.18,0
France,1967,9574.51,0
France,1968,9924.28,0
France,1969,10542.95,0
France,1970,11095.21,0
France,1971,11577.05,0
France,1972,11996.59,0
France,1973,12686.6,0
France,1974,13194.12,0
France,1975,12983.86,0
France,1976,13495.97,0
France,1977,13912.95,0
France,1978,14389.48,0
France,1979,14854.5,0
France,1980,15023.09,0
France,1981,15111.62,0
France,1982,15424.29,0
France,1983,15535.02,0
France,1984,15708.13,0
France,1985,15875.05,0
France,1986,16171.52,0
France,1987,16494.51,0
France,1988,17188.94,0
France,1989,17839.32,0
France,1990,18244.0,0
France,1991,18377.12,0
France,1992,18563.05,0
France,1993,18416.14,0
France,1994,18784.63,0
France,1995,19147.72,0
France,1996,19345.96,0
France,1997,19764.2,0
France,1998,20370.96,0
France,1999,20955.05,0
France,2000,21673.54,0
France,2001,21924.8,0
France,2002,21998.39,0
France,2003,22055.11,0
Greece,1960,3683.1,0
Greece,1961,4136.48,0
Greece,1962,4126.91,0
Greece,1963,4598.65,0
Greece,1964,5013.16,0
Greece,1965,5527.06,0
Greece,1966,5842.75,0
Greece,1967,6123.92,0
Greece,1968,6522.5,0
Greece,1969,7250.2,0
Greece,1970,7879.68,0
Greece,1971,8460.76,0
Greece,1972,9259.99,0
Greece,1973,9963.99,0
Greece,1974,9288.23,0
Greece,1975,9787.29,0
Greece,1976,10296.73,0
Greece,1977,10462.53,0
Greece,1978,11076.19,0
Greece,1979,11297.99,0
Greece,1980,11263.31,0
Greece,1981,10989.34,0
Greece,1982,10798.1,0
Greece,1983,10619.67,0
Greece,1984,10779.35,0
Greece,1985,11007.04,0
Greece,1986,11027.49,0
Greece,1987,10742.41,0
Greece,1988,11162.42,0
Greece,1989,11526.28,0
Greece,1990,11405.0,0
Greece,1991,11618.25,0
Greece,1992,11610.55,0
Greece,1993,11357.77,0
Greece,1994,11527.07,0
Greece,1995,11714.25,0
Greece,1996,11823.97,0
Greece,1997,12189.7,0
Greece,1998,12538.97,0
Greece,1999,12823.08,0
Greece,2000,13299.17,0
Greece,2001,13845.47,0
Greece,2002,14440.84,0
Greece,2003,15241.53,0
Iceland,1960,7175.6,0
Iceland,1961,7024.35,0
Iceland,1962,7487.27,0
Iceland,1963,8096.86,0
Iceland,1964,8764.72,0
Iceland,1965,9232.23,0
Iceland,1966,9859.49,0
Iceland,1967,9587.11,0
Iceland,1968,8936.27,0
Iceland,1969,9088.18,0
Iceland,1970,9710.21,0
Iceland,1971,10873.08,0
Iceland,1972,11370.7,0
Iceland,1973,11967.19,0
Iceland,1974,12475.95,0
Iceland,1975,12398.03,0
Iceland,1976,13014.82,0
Iceland,1977,14054.59,0
Iceland,1978,14784.0,0
Iceland,1979,15349.72,0
Iceland,1980,16060.15,0
Iceland,1981,16555.15,0
Iceland,1982,16681.52,0
Iceland,1983,16110.56,0
Iceland,1984,16602.95,0
Iceland,1985,17017.42,0
Iceland,1986,17966.18,0
Iceland,1987,19365.42,0
Iceland,1988,18945.05,0
Iceland,1989,18760.41,0
Iceland,1990,18831.12,0
Iceland,1991,18502.44,0
Iceland,1992,17586.6,0
Iceland,1993,17569.91,0
Iceland,1994,17978.49,0
Iceland,1995,17833.15,0
Iceland,1996,18515.39,0
Iceland,1997,19603.19,0
Iceland,1998,20588.92,0
Iceland,1999,21074.97,0
Iceland,2000,21678.25,0
Iceland,2001,22127.52,0
Iceland,2002,21915.41,0
Iceland,2003,22210.19,0
Ireland,1960,4468.79,0
Ireland,1961,4705.16,0
Ireland,1962,4838.73,0
Ireland,1963,5031.89,0
Ireland,1964,5204.1,0
Ireland,1965,5271.54,0
Ireland,1966,5301.66,0
Ireland,1967,5585.82,0
Ireland,1968,6021.9,0
Ireland,1969,6355.18,0
Ireland,1970,6469.76,0
Ireland,1971,6631.49,0
Ireland,1972,6954.29,0
Ireland,1973,7167.09,0
Ireland,1974,7349.77,0
Ireland,1975,7635.9,0
Ireland,1976,7620.84,0
Ireland,1977,8135.49,0
Ireland,1978,8610.2,0
Ireland,1979,8731.33,0
Ireland,1980,8914.01,0
Ireland,1981,9096.69,0
Ireland,1982,9206.69,0
Ireland,1983,9121.57,0
Ireland,1984,9451.57,0
Ireland,1985,9712.83,0
Ireland,1986,9669.61,0
Ireland,1987,10121.4,0
Ireland,1988,10681.23,0
Ireland,1989,11355.64,0
Ireland,1990,12334.52,0
Ireland,1991,12606.86,0
Ireland,1992,13116.78,0
Ireland,1993,13505.95,0
Ireland,1994,14408.05,0
Ireland,1995,15888.69,0
Ireland,1996,17392.54,0
Ireland,1997,19286.79,0
Ireland,1998,20892.76,0
Ireland,1999,23163.83,0
Ireland,2000,25409.25,0
Ireland,2001,26823.44,0
Ireland,2002,28163.41,0
Ireland,2003,29053.86,0
Italy,1960,6321.63,0
Italy,1961,6794.89,0
Italy,1962,7167.76,0
Italy,1963,7514.82,0
Italy,1964,7661.78,0
Italy,1965,7845.82,0
Italy,1966,8250.99,0
Italy,1967,8779.52,0
Italy,1968,9295.19,0
Italy,1969,9806.35,0
Italy,1970,10272.65,0
Italy,1971,10410.74,0
Italy,1972,10733.84,0
Italy,1973,11421.0,0
Italy,1974,11970.58,0
Italy,1975,11650.58,0
Italy,1976,12418.62,0
Italy,1977,12682.62,0
Italy,1978,13046.99,0
Italy,1979,13784.56,0
Italy,1980,14228.03,0
Italy,1981,14330.94,0
Italy,1982,14379.55,0
Italy,1983,14542.4,0
Italy,1984,15008.16,0
Italy,1985,15423.64,0
Italy,1986,15863.89,0
Italy,1987,16368.59,0
Italy,1988,17046.91,0
Italy,1989,17611.31,0
Italy,1990,17946.0,0
Italy,1991,18209.48,0
Italy,1992,18348.93,0
Italy,1993,18181.33,0
Italy,1994,18568.63,0
Italy,1995,19104.37,0
Italy,1996,19356.0,0
Italy,1997,19718.31,0
Italy,1998,20068.32,0
Italy,1999,20401.63,0
Italy,2000,21184.05,0
Italy,2001,21595.86,0
Italy,2002,21611.36,0
Italy,2003,21509.19,0
Japan,1960,4229.32,0
Japan,1961,4696.41,0
Japan,1962,5067.51,0
Japan,1963,5441.49,0
Japan,1964,6013.97,0
Japan,1965,6295.81,0
Japan,1966,6902.25,0
Japan,1967,7588.25,0
Japan,1968,8469.81,0
Japan,1969,9414.08,0
Japan,1970,9343.43,0
Japan,1971,9570.16,0
Japan,1972,10231.03,0
Japan,1973,10898.4,0
Japan,1974,10622.69,0
Japan,1975,10812.6,0
Japan,1976,11122.58,0
Japan,1977,11499.04,0
Japan,1978,11995.6,0
Japan,1979,12546.77,0
Japan,1980,12799.01,0
Japan,1981,13247.48,0
Japan,1982,13587.38,0
Japan,1983,13983.03,0
Japan,1984,14505.46,0
Japan,1985,15158.73,0
Japan,1986,15574.93,0
Japan,1987,16220.61,0
Japan,1988,17229.32,0
Japan,1989,18005.88,0
Japan,1990,18815.0,0
Japan,1991,19401.56,0
Japan,1992,19503.75,0
Japan,1993,19351.36,0
Japan,1994,19506.47,0
Japan,1995,19972.77,0
Japan,1996,20552.01,0
Japan,1997,20704.28,0
Japan,1998,20385.8,0
Japan,1999,20280.66,0
Japan,2000,20806.52,0
Japan,2001,20836.59,0
Japan,2002,20796.92,0
Japan,2003,21071.04,0
Luxembourg,1960,10391.17,0
Luxembourg,1961,10704.8,0
Luxembourg,1962,10718.55,0
Luxembourg,1963,10977.84,0
Luxembourg,1964,11696.77,0
Luxembourg,1965,11787.13,0
Luxembourg,1966,11840.82,0
Luxembourg,1967,11829.04,0
Luxembourg,1968,12292.61,0
Luxembourg,1969,13433.22,0
Luxembourg,1970,13594.95,0
Luxembourg,1971,13826.73,0
Luxembourg,1972,14559.42,0
Luxembourg,1973,15596.57,0
Luxembourg,1974,16043.78,0
Luxembourg,1975,14825.91,0
Luxembourg,1976,15125.14,0
Luxembourg,1977,15332.7,0
Luxembourg,1978,15931.16,0
Luxembourg,1979,16261.82,0
Luxembourg,1980,16337.11,0
Luxembourg,1981,16458.25,0
Luxembourg,1982,16372.47,0
Luxembourg,1983,16852.42,0
Luxembourg,1984,17877.13,0
Luxembourg,1985,18354.45,0
Luxembourg,1986,19676.43,0
Luxembourg,1987,19992.03,0
Luxembourg,1988,21837.16,0
Luxembourg,1989,23861.05,0
Luxembourg,1990,24033.91,0
Luxembourg,1991,25665.79,0
Luxembourg,1992,25687.59,0
Luxembourg,1993,26308.24,0
Luxembourg,1994,26839.4,0
Luxembourg,1995,26739.78,0
Luxembourg,1996,26641.13,0
Luxembourg,1997,27704.11,0
Luxembourg,1998,28903.13,0
Luxembourg,1999,30814.1,0
Luxembourg,2000,32780.18,0
Luxembourg,2001,33083.89,0
Luxembourg,2002,33857.87,0
Luxembourg,2003,33862.65,0
Netherlands,1960,8566.75,0
Netherlands,1961,8479.8,0
Netherlands,1962,8931.97,0
Netherlands,1963,9131.74,0
Netherlands,1964,9756.0,0
Netherlands,1965,10454.72,0
Netherlands,1966,10602.01,0
Netherlands,1967,11036.04,0
Netherlands,1968,11622.79,0
Netherlands,1969,12227.65,0
Netherlands,1970,12818.65,0
Netherlands,1971,13213.96,0
Netherlands,1972,13543.28,0
Netherlands,1973,14162.95,0
Netherlands,1974,14535.61,0
Netherlands,1975,14406.91,0
Netherlands,1976,14931.26,0
Netherlands,1977,15216.84,0
Netherlands,1978,15531.27,0
Netherlands,1979,15735.1,0
Netherlands,1980,15820.56,0
Netherlands,1981,15589.27,0
Netherlands,1982,15325.41,0
Netherlands,1983,15583.43,0
Netherlands,1984,15996.92,0
Netherlands,1985,16333.33,0
Netherlands,1986,16695.62,0
Netherlands,1987,16910.42,0
Netherlands,1988,17379.69,0
Netherlands,1989,18039.35,0
Netherlands,1990,18665.0,0
Netherlands,1991,18970.18,0
Netherlands,1992,19148.51,0
Netherlands,1993,19254.64,0
Netherlands,1994,19705.61,0
Netherlands,1995,20219.53,0
Netherlands,1996,20814.89,0
Netherlands,1997,21587.8,0
Netherlands,1998,22452.27,0
Netherlands,1999,23428.18,0
Netherlands,2000,24242.89,0
Netherlands,2001,24619.65,0
Netherlands,2002,24523.13,0
Netherlands,2003,24431.58,0
New Zealand,1960,9712.98,0
New Zealand,1961,9836.38,0
New Zealand,1962,9884.92,0
New Zealand,1963,10281.81,0
New Zealand,1964,10683.17,0
New Zealand,1965,11150.64,0
New Zealand,1966,11637.08,0
New Zealand,1967,10906.55,0
New Zealand,1968,10806.01,0
New Zealand,1969,11801.58,0
New Zealand,1970,11479.73,0
New Zealand,1971,11737.64,0
New Zealand,1972,12122.23,0
New Zealand,1973,12814.5,0
New Zealand,1974,13302.23,0
New Zealand,1975,12820.03,0
New Zealand,1976,12825.13,0
New Zealand,1977,12281.99,0
New Zealand,1978,12317.16,0
New Zealand,1979,12636.52,0
New Zealand,1980,12782.77,0
New Zealand,1981,13326.52,0
New Zealand,1982,13317.45,0
New Zealand,1983,13596.33,0
New Zealand,1984,14125.22,0
New Zealand,1985,14264.98,0
New Zealand,1986,14654.55,0
New Zealand,1987,14669.84,0
New Zealand,1988,14577.89,0
New Zealand,1989,14531.49,0
New Zealand,1990,14420.0,0
New Zealand,1991,13588.16,0
New Zealand,1992,13594.43,0
New Zealand,1993,14299.34,0
New Zealand,1994,14832.88,0
New Zealand,1995,15307.5,0
New Zealand,1996,15611.34,0
New Zealand,1997,15728.18,0
New Zealand,1998,15723.06,0
New Zealand,1999,16481.77,0
New Zealand,2000,16855.47,0
New Zealand,2001,17328.0,0
New Zealand,2002,17832.27,0
New Zealand,2003,18310.43,0
Norway,1960,6925.59,0
Norway,1961,7301.82,0
Norway,1962,7447.22,0
Norway,1963,7670.88,0
Norway,1964,7994.54,0
Norway,1965,8351.93,0
Norway,1966,8599.25,0
Norway,1967,9061.1,0
Norway,1968,9188.31,0
Norway,1969,9524.29,0
Norway,1970,9639.1,0
Norway,1971,10114.8,0
Norway,1972,10572.8,0
Norway,1973,10975.02,0
Norway,1974,11334.95,0
Norway,1975,11830.79,0
Norway,1976,12461.42,0
Norway,1977,12925.16,0
Norway,1978,13374.12,0
Norway,1979,13911.44,0
Norway,1980,14499.74,0
Norway,1981,14680.9,0
Norway,1982,14661.5,0
Norway,1983,15193.62,0
Norway,1984,16067.79,0
Norway,1985,16909.38,0
Norway,1986,17530.24,0
Norway,1987,17754.35,0
Norway,1988,17614.03,0
Norway,1989,17723.6,0
Norway,1990,18004.0,0
Norway,1991,18471.1,0
Norway,1992,19021.23,0
Norway,1993,19446.33,0
Norway,1994,20313.4,0
Norway,1995,21048.0,0
Norway,1996,21994.51,0
Norway,1997,23031.61,0
Norway,1998,23505.88,0
Norway,1999,23829.2,0
Norway,2000,24460.8,0
Norway,2001,24840.41,0
Norway,2002,25047.16,0
Norway,2003,25135.97,0
Portugal,1960,3036.03,0
Portugal,1961,3178.37,0
Portugal,1962,3364.24,0
Portugal,1963,3547.5,0
Portugal,1964,3769.28,0
Portugal,1965,4067.36,0
Portugal,1966,4265.27,0
Portugal,1967,4616.25,0
Portugal,1968,5047.51,0
Portugal,1969,5201.02,0
Portugal,1970,5725.55,0
Portugal,1971,6131.15,0
Portugal,1972,6632.83,0
Portugal,1973,7373.47,0
Portugal,1974,7354.44,0
Portugal,1975,6772.36,0
Portugal,1976,7036.67,0
Portugal,1977,7352.42,0
Portugal,1978,7478.34,0
Portugal,1979,7815.8,0
Portugal,1980,8086.57,0
Portugal,1981,8146.48,0
Portugal,1982,8269.73,0
Portugal,1983,8217.2,0
Portugal,1984,8031.77,0
Portugal,1985,8234.7,0
Portugal,1986,8567.9,0
Portugal,1987,9117.11,0
Portugal,1988,9810.09,0
Portugal,1989,10457.17,0
Portugal,1990,10894.0,0
Portugal,1991,11396.11,0
Portugal,1992,11529.23,0
Portugal,1993,11279.85,0
Portugal,1994,11358.07,0
Portugal,1995,11803.58,0
Portugal,1996,12171.36,0
Portugal,1997,12650.4,0
Portugal,1998,13191.79,0
Portugal,1999,13629.82,0
Portugal,2000,14050.85,0
Portugal,2001,14223.29,0
Portugal,2002,14254.66,0
Portugal,2003,14069.1,0
Spain,1960,4380.6,0
Spain,1961,4853.9,0
Spain,1962,5288.16,0
Spain,1963,5745.03,0
Spain,1964,5990.18,0
Spain,1965,6296.02,0
Spain,1966,6683.44,0
Spain,1967,6888.23,0
Spain,1968,7247.25,0
Spain,1969,7815.37,0
Spain,1970,8057.15,0
Spain,1971,8330.76,0
Spain,1972,8910.77,0
Spain,1973,9499.24,0
Spain,1974,9923.96,0
Spain,1975,9870.46,0
Spain,1976,10089.36,0
Spain,1977,10269.52,0
Spain,1978,10319.92,0
Spain,1979,10233.59,0
Spain,1980,10375.97,0
Spain,1981,10288.82,0
Spain,1982,10354.71,0
Spain,1983,10486.79,0
Spain,1984,10629.71,0
Spain,1985,10837.13,0
Spain,1986,11156.32,0
Spain,1987,11744.68,0
Spain,1988,12316.84,0
Spain,1989,12891.15,0
Spain,1990,13365.0,0
Spain,1991,13670.43,0
Spain,1992,13730.05,0
Spain,1993,13518.15,0
Spain,1994,13774.58,0
Spain,1995,14092.07,0
Spain,1996,14399.41,0
Spain,1997,14853.58,0
Spain,1998,15428.59,0
Spain,1999,16043.66,0
Spain,2000,16802.73,0
Spain,2001,17340.47,0
Spain,2002,17568.35,0
Spain,2003,17760.62,0
Sweden,1960,9067.88,0
Sweden,1961,9536.04,0
Sweden,1962,9882.41,0
Sweden,1963,10350.57,0
Sweden,1964,10974.56,0
Sweden,1965,11287.54,0
Sweden,1966,11413.91,0
Sweden,1967,11709.21,0
Sweden,1968,12066.06,0
Sweden,1969,12581.37,0
Sweden,1970,13271.49,0
Sweden,1971,13304.88,0
Sweden,1972,13570.06,0
Sweden,1973,14083.4,0
Sweden,1974,14491.32,0
Sweden,1975,14802.34,0
Sweden,1976,14905.79,0
Sweden,1977,14615.73,0
Sweden,1978,14827.87,0
Sweden,1979,15364.13,0
Sweden,1980,15589.37,0
Sweden,1981,15568.42,0
Sweden,1982,15715.74,0
Sweden,1983,15984.19,0
Sweden,1984,16602.95,0
Sweden,1985,16896.29,0
Sweden,1986,17226.29,0
Sweden,1987,17689.21,0
Sweden,1988,17985.16,0
Sweden,1989,18289.63,0
Sweden,1990,18378.03,0
Sweden,1991,18080.78,0
Sweden,1992,17808.72,0
Sweden,1993,17389.87,0
Sweden,1994,18010.02,0
Sweden,1995,18673.62,0
Sweden,1996,18996.19,0
Sweden,1997,19553.12,0
Sweden,1998,20420.35,0
Sweden,1999,21414.32,0
Sweden,2000,22394.77,0
Sweden,2001,22698.62,0
Sweden,2002,23289.95,0
Sweden,2003,23856.96,0
Switzerland,1960,13965.07,0
Switzerland,1961,14801.66,0
Switzerland,1962,15122.4,0
Switzerland,1963,15524.81,0
Switzerland,1964,16072.75,0
Switzerland,1965,16222.58,0
Switzerland,1966,16449.07,0
Switzerland,1967,16743.0,0
Switzerland,1968,17126.71,0
Switzerland,1969,17888.98,0
Switzerland,1970,18892.86,0
Switzerland,1971,19559.9,0
Switzerland,1972,20032.59,0
Switzerland,1973,20491.73,0
Switzerland,1974,20678.21,0
Switzerland,1975,19180.57,0
Switzerland,1976,19019.74,0
Switzerland,1977,19548.78,0
Switzerland,1978,19626.99,0
Switzerland,1979,20075.64,0
Switzerland,1980,20916.3,0
Switzerland,1981,21135.3,0
Switzerland,1982,20737.03,0
Switzerland,1983,20780.26,0
Switzerland,1984,21328.69,0
Switzerland,1985,22014.83,0
Switzerland,1986,22307.61,0
Switzerland,1987,22519.4,0
Switzerland,1988,23087.19,0
Switzerland,1989,23893.08,0
Switzerland,1990,24518.0,0
Switzerland,1991,23991.72,0
Switzerland,1992,23718.29,0
Switzerland,1993,23473.65,0
Switzerland,1994,23582.96,0
Switzerland,1995,23538.54,0
Switzerland,1996,23545.26,0
Switzerland,1997,24019.77,0
Switzerland,1998,24674.13,0
Switzerland,1999,24965.04,0
Switzerland,2000,25807.9,0
Switzerland,2001,26049.19,0
Switzerland,2002,25833.95,0
Switzerland,2003,25634.69,0
Turkey,1960,1991.15,0
Turkey,1961,1978.71,0
Turkey,1962,2057.28,0
Turkey,1963,2209.19,0
Turkey,1964,2260.91,0
Turkey,1965,2279.25,0
Turkey,1966,2503.83,0
Turkey,1967,2572.58,0
Turkey,1968,2698.95,0
Turkey,1969,2793.89,0
Turkey,1970,2879.67,0
Turkey,1971,3087.23,0
Turkey,1972,3227.35,0
Turkey,1973,3306.58,0
Turkey,1974,3504.97,0
Turkey,1975,3744.62,0
Turkey,1976,4000.63,0
Turkey,1977,4106.05,0
Turkey,1978,4157.78,0
Turkey,1979,4062.18,0
Turkey,1980,3974.44,0
Turkey,1981,4060.22,0
Turkey,1982,4178.07,0
Turkey,1983,4248.79,0
Turkey,1984,4410.52,0
Turkey,1985,4555.87,0
Turkey,1986,4794.87,0
Turkey,1987,5132.07,0
Turkey,1988,5250.58,0
Turkey,1989,5232.9,0
Turkey,1990,5634.93,0
Turkey,1991,5669.23,0
Turkey,1992,5991.41,0
Turkey,1993,6459.48,0
Turkey,1994,6095.03,0
Turkey,1995,6523.15,0
Turkey,1996,6969.76,0
Turkey,1997,7485.59,0
Turkey,1998,7708.47,0
Turkey,1999,7301.76,0
Turkey,2000,7794.36,0
Turkey,2001,7170.36,0
Turkey,2002,7696.11,0
Turkey,2003,8106.16,0
UK,1960,8038.04,0
UK,1961,8192.63,0
UK,1962,8212.65,0
UK,1963,8547.54,0
UK,1964,8967.26,0
UK,1965,9099.64,0
UK,1966,9191.46,0
UK,1967,9395.85,0
UK,1968,9861.94,0
UK,1969,10011.46,0
UK,1970,10241.71,0
UK,1971,10556.47,0
UK,1972,10975.41,0
UK,1973,11668.86,0
UK,1974,11371.79,0
UK,1975,11205.04,0
UK,1976,11533.97,0
UK,1977,11821.33,0
UK,1978,12317.67,0
UK,1979,12768.0,0
UK,1980,12493.7,0
UK,1981,12390.96,0
UK,1982,12642.68,0
UK,1983,13171.94,0
UK,1984,13449.53,0
UK,1985,13975.58,0
UK,1986,14382.51,0
UK,1987,15125.92,0
UK,1988,15957.53,0
UK,1989,16326.29,0
UK,1990,16397.0,0
UK,1991,16166.05,0
UK,1992,16187.06,0
UK,1993,16550.36,0
UK,1994,17143.19,0
UK,1995,17530.76,0
UK,1996,17937.67,0
UK,1997,18772.62,0
UK,1998,19354.91,0
UK,1999,19880.45,0
UK,2000,20669.6,0
UK,2001,21119.92,0
UK,2002,21408.34,0
UK,2003,21980.62,0
USA,1960,11092.9,0
USA,1961,11190.41,0
USA,1962,11695.08,0
USA,1963,12030.29,0
USA,1964,12548.05,0
USA,1965,13197.45,0
USA,1966,13906.33,0
USA,1967,14133.0,0
USA,1968,14680.26,0
USA,1969,14991.43,0
USA,1970,14845.15,0
USA,1971,15141.3,0
USA,1972,15767.36,0
USA,1973,16499.29,0
USA,1974,16260.86,0
USA,1975,16068.21,0
USA,1976,16773.82,0
USA,1977,17373.85,0
USA,1978,18142.28,0
USA,1979,18511.24,0
USA,1980,18287.38,0
USA,1981,18568.33,0
USA,1982,18060.54,0
USA,1983,18716.48,0
USA,1984,19897.86,0
USA,1985,20544.65,0
USA,1986,21060.51,0
USA,1987,21594.19,0
USA,1988,22292.84,0
USA,1989,22894.24,0
USA,1990,23064.0,0
USA,1991,22733.21,0
USA,1992,23209.85,0
USA,1993,23536.11,0
USA,1994,24185.97,0
USA,1995,24541.24,0
USA,1996,25172.56,0
USA,1997,25977.37,0
USA,1998,26827.41,0
USA,1999,27791.04,0
USA,2000,28604.17,0
USA,2001,28593.09,0
USA,2002,28810.75,0
USA,2003,29362.73,0
West Germany,1960,9036.28,0
West Germany,1961,9329.37,0
West Germany,1962,9650.11,0
West Germany,1963,9828.45,0
West Germany,1964,10377.19,0
West Germany,1965,10811.45,0
West Germany,1966,11012.65,0
West Germany,1967,10953.23,0
West Germany,1968,11511.29,0
West Germany,1969,12251.23,0
West Germany,1970,12745.5,0
West Germany,1971,13006.29,0
West Germany,1972,13484.84,0
West Germany,1973,14058.97,0
West Germany,1974,14166.72,0
West Germany,1975,14094.98,0
West Germany,1976,14864.06,0
West Germany,1977,15394.1,0
West Germany,1978,15876.52,0
West Germany,1979,16526.13,0
West Germany,1980,16703.41,0
West Germany,1981,16760.04,0
West Germany,1982,16705.8,0
West Germany,1983,17027.3,0
West Germany,1984,17578.83,0
West Germany,1985,18033.62,0
West Germany,1986,18433.14,0
West Germany,1987,18687.82,0
West Germany,1988,19263.41,0
West Germany,1989,19816.23,0
West Germany,1990,20465.0,1
West Germany,1991,21234.47,1
West Germany,1992,21288.5,1
West Germany,1993,20667.13,1
West Germany,1994,20910.27,1
West Germany,1995,21018.34,1
West Germany,1996,21126.4,1
West Germany,1997,21477.61,1
West Germany,1998,21963.89,1
West Germany,1999,22396.15,1
West Germany,2000,23044.53,1
West Germany,2001,23395.73,1
West Germany,2002,23233.64,1
West Germany,2003,23044.53,1
