"id","unit","time","value","sec.agriculture","sec.energy","sec.industry","sec.construction","sec.services.venta","sec.services.nonventa","school.illit","school.prim","school.med","school.high","school.post.high","popdens","invest","invest_ratio"
1,"Spain (Espana)",1955,2.35454163800577,NA,NA,NA,NA,NA,NA,NA,NA,NA,NA,NA,NA,NA,NA
1,"Spain (Espana)",1956,2.48014858129262,NA,NA,NA,NA,NA,NA,NA,NA,NA,NA,NA,NA,NA,NA
1,"Spain (Espana)",1957,2.60361314875437,NA,NA,NA,NA,NA,NA,NA,NA,NA,NA,NA,NA,NA,NA
1,"Spain (Espana)",1958,2.63710359749335,NA,NA,NA,NA,NA,NA,NA,NA,NA,NA,NA,NA,NA,NA
1,"Spain (Espana)",1959,2.66988013887773,NA,NA,NA,NA,NA,NA,NA,NA,NA,NA,NA,NA,NA,NA
1,"Spain (Espana)",1960,2.86996575022929,NA,NA,NA,NA,NA,NA,NA,NA,NA,NA,NA,NA,NA,NA
1,"Spain (Espana)",1961,3.04748635399651,19.5400009155273,4.71000003814697,26.4200000762939,6.26999998092651,36.6199989318848,6.44000005722046,NA,NA,NA,NA,NA,NA,NA,NA
1,"Spain (Espana)",1962,3.27327916772663,NA,NA,NA,NA,NA,NA,NA,NA,NA,NA,NA,NA,NA,NA
1,"Spain (Espana)",1963,3.49350193506375,19.0499992370605,4.30999994277954,26.0499992370605,6.82999992370605,38,5.76999998092651,NA,NA,NA,NA,NA,NA,NA,NA
1,"Spain (Espana)",1964,3.600114279221,NA,NA,NA,NA,NA,NA,2863.2783203125,18679.095703125,1064.24572753906,359.745727539062,212.143417358398,NA,18.3601837158203,5.09988914012838
1,"Spain (Espana)",1965,3.7007998412284,16.1599998474121,4.30999994277954,27.0100002288818,7.6399998664856,38.4000015258789,6.48000001907349,2826.32153320312,18805.349609375,1129.03112792969,377.947143554688,218,NA,20.5730609893799,5.55908502810331
1,"Spain (Espana)",1966,3.82347902343192,NA,NA,NA,NA,NA,NA,2789.84204101562,18959.24609375,1201.23583984375,398.725372314453,224.335403442383,NA,22.2630004882812,5.82270763141213
1,"Spain (Espana)",1967,3.93966025401783,14.1199998855591,4.1399998664856,26.7399997711182,7.67000007629395,39.5699996948242,7.76000022888184,2753.83325195312,19178.095703125,1285.103515625,422.267883300781,231.975006103516,NA,22.634765625,5.7453597938848
1,"Spain (Espana)",1968,4.17373600567249,NA,NA,NA,NA,NA,NA,2718.2890625,19319.001953125,1487.38073730469,447.321075439453,236.050003051758,NA,23.1126155853271,5.53763236436493
1,"Spain (Espana)",1969,4.41052573846089,12.8100004196167,4.13000011444092,26.7700004577637,7.84000015258789,40.060001373291,8.39000034332275,2683.20385742188,19459.55859375,1696.14685058594,474.941162109375,252.25,66.3399963378906,23.8235015869141,5.40151061338724
1,"Spain (Espana)",1970,4.59168822858648,NA,NA,NA,NA,NA,NA,NA,NA,NA,NA,NA,NA,23.4512672424316,5.10733004397622
1,"Spain (Espana)",1971,4.76906587654643,NA,NA,NA,NA,NA,NA,NA,NA,NA,NA,NA,NA,21.7007255554199,4.55030945622725
1,"Spain (Espana)",1972,5.07426432152198,NA,NA,NA,NA,NA,NA,NA,NA,NA,NA,NA,NA,23.0834999084473,4.54913233639425
1,"Spain (Espana)",1973,5.3735362022681,NA,NA,NA,NA,NA,NA,NA,NA,NA,NA,NA,NA,24.4110679626465,4.54283120905427
1,"Spain (Espana)",1974,5.50678365402854,NA,NA,NA,NA,NA,NA,NA,NA,NA,NA,NA,NA,25.0546245574951,4.54977462918235
1,"Spain (Espana)",1975,5.63260481310585,NA,NA,NA,NA,NA,NA,NA,NA,NA,NA,NA,NA,23.1503295898438,4.11005748814082
1,"Spain (Espana)",1976,5.69744355267915,NA,NA,NA,NA,NA,NA,NA,NA,NA,NA,NA,NA,22.437141418457,3.93810683879549
1,"Spain (Espana)",1977,5.75949726905594,NA,NA,NA,NA,NA,NA,NA,NA,NA,NA,NA,NA,21.7354965209961,3.77385308224286
1,"Spain (Espana)",1978,5.71665236759921,NA,NA,NA,NA,NA,NA,NA,NA,NA,NA,NA,NA,21.0691146850586,3.6855686388198
1,"Spain (Espana)",1979,5.68723223679953,NA,NA,NA,NA,NA,NA,NA,NA,NA,NA,NA,NA,20.0666217803955,3.52836334879265
1,"Spain (Espana)",1980,5.71079684543256,NA,NA,NA,NA,NA,NA,NA,NA,NA,NA,NA,NA,19.9076251983643,3.48596277142763
1,"Spain (Espana)",1981,5.75992570063687,NA,NA,NA,NA,NA,NA,NA,NA,NA,NA,NA,NA,19.1218509674072,3.3198086158113
1,"Spain (Espana)",1982,5.82526434969473,NA,NA,NA,NA,NA,NA,NA,NA,NA,NA,NA,NA,19.204309463501,3.29672754928407
1,"Spain (Espana)",1983,5.89353054191548,NA,NA,NA,NA,NA,NA,NA,NA,NA,NA,NA,NA,18.4446907043457,3.12965048253588
1,"Spain (Espana)",1984,6.00421320401202,NA,NA,NA,NA,NA,NA,NA,NA,NA,NA,NA,NA,16.7821617126465,2.79506425611812
1,"Spain (Espana)",1985,6.11639515872139,NA,NA,NA,NA,NA,NA,NA,NA,NA,NA,NA,NA,17.4106369018555,2.84655200490596
1,"Spain (Espana)",1986,6.49650113918345,NA,NA,NA,NA,NA,NA,NA,NA,NA,NA,NA,NA,17.9601345062256,2.76458575492269
1,"Spain (Espana)",1987,6.87817745432109,NA,NA,NA,NA,NA,NA,NA,NA,NA,NA,NA,NA,19.2979774475098,2.8056818213357
1,"Spain (Espana)",1988,7.24293050409147,NA,NA,NA,NA,NA,NA,NA,NA,NA,NA,NA,NA,20.8252849578857,2.87525676880673
1,"Spain (Espana)",1989,7.60854041702371,NA,NA,NA,NA,NA,NA,NA,NA,NA,NA,NA,NA,22.4756412506104,2.95400169003799
1,"Spain (Espana)",1990,7.79491556402412,NA,NA,NA,NA,NA,NA,NA,NA,NA,NA,NA,NA,23.3564167022705,2.99636558092655
1,"Spain (Espana)",1991,7.97843508160615,NA,NA,NA,NA,NA,NA,NA,NA,NA,NA,NA,NA,23.1464080810547,2.90112131568476
1,"Spain (Espana)",1992,7.83490396438071,NA,NA,NA,NA,NA,NA,NA,NA,NA,NA,NA,NA,22.4360275268555,2.86359955767867
1,"Spain (Espana)",1993,7.69208762619162,NA,NA,NA,NA,NA,NA,NA,NA,NA,NA,NA,NA,20.3748607635498,2.6488076779278
1,"Spain (Espana)",1994,7.88988877759256,NA,NA,NA,NA,NA,NA,NA,NA,NA,NA,NA,NA,20.2575531005859,2.56753341797641
1,"Spain (Espana)",1995,8.0948298742212,NA,NA,NA,NA,NA,NA,NA,NA,NA,NA,NA,NA,21.206729888916,2.61978697742011
1,"Spain (Espana)",1996,8.32404992267834,NA,NA,NA,NA,NA,NA,NA,NA,NA,NA,NA,NA,NA,NA
1,"Spain (Espana)",1997,8.67037954278688,NA,NA,NA,NA,NA,NA,NA,NA,NA,NA,NA,NA,NA,NA
2,"Andalucia",1955,1.68873183014256,NA,NA,NA,NA,NA,NA,NA,NA,NA,NA,NA,NA,NA,NA
2,"Andalucia",1956,1.75849753289657,NA,NA,NA,NA,NA,NA,NA,NA,NA,NA,NA,NA,NA,NA
2,"Andalucia",1957,1.8276206972394,NA,NA,NA,NA,NA,NA,NA,NA,NA,NA,NA,NA,NA,NA
2,"Andalucia",1958,1.85275629430933,NA,NA,NA,NA,NA,NA,NA,NA,NA,NA,NA,NA,NA,NA
2,"Andalucia",1959,1.87803484718652,NA,NA,NA,NA,NA,NA,NA,NA,NA,NA,NA,NA,NA,NA
2,"Andalucia",1960,2.01013996001143,NA,NA,NA,NA,NA,NA,NA,NA,NA,NA,NA,NA,NA,NA
2,"Andalucia",1961,2.12917747377702,27.7199993133545,2.77999997138977,18.4500007629395,6.96999979019165,36.6300010681152,7.44999980926514,NA,NA,NA,NA,NA,NA,NA,NA
2,"Andalucia",1962,2.28034844571473,NA,NA,NA,NA,NA,NA,NA,NA,NA,NA,NA,NA,NA,NA
2,"Andalucia",1963,2.43101972608831,27.1299991607666,2.54999995231628,18.1000003814697,7.73000001907349,37.6699981689453,6.82000017166138,NA,NA,NA,NA,NA,NA,NA,NA
2,"Andalucia",1964,2.50885458681727,NA,NA,NA,NA,NA,NA,924.403015136719,3028.12719726562,129.512100219727,48.9593620300293,24.9379730224609,NA,17.4014949798584,6.93603171395195
2,"Andalucia",1965,2.58469002752841,24.5200004577637,2.65000009536743,18.1800003051758,8.55000019073486,38.3199996948242,7.78000020980835,899.348999023438,3036.81640625,136.179748535156,51.7772178649902,25.7527732849121,NA,18.3089637756348,7.08362069750491
2,"Andalucia",1966,2.69444434855945,NA,NA,NA,NA,NA,NA,874.787658691406,3049.4423828125,143.5947265625,54.983226776123,26.6312026977539,NA,18.4299926757812,6.83999752514265
2,"Andalucia",1967,2.80234220537994,21.8700008392334,2.65000009536743,18.2199993133545,8.53999996185303,39.0800018310547,9.64999961853027,850.710571289062,3072.63598632812,152.235733032227,58.6103782653809,27.6725540161133,NA,19.1156578063965,6.82131460237021
2,"Andalucia",1968,2.98736079765435,NA,NA,NA,NA,NA,NA,827.109252929688,3086.955078125,174.595489501953,62.4910278320312,28.2954711914062,NA,20.6084861755371,6.8985594882676
2,"Andalucia",1969,3.17909177525729,19.7299995422363,3.24000000953674,18.4300003051758,8.85999965667725,39.2299995422363,10.5200004577637,803.975463867188,3100.572265625,197.274108886719,66.7777633666992,30.3835697174072,68.5100021362305,22.0555896759033,6.93770146793523
2,"Andalucia",1970,3.35432726531259,NA,NA,NA,NA,NA,NA,NA,NA,NA,NA,NA,NA,23.3137626647949,6.95035422031855
2,"Andalucia",1971,3.52292206586344,NA,NA,NA,NA,NA,NA,NA,NA,NA,NA,NA,NA,22.3175086975098,6.33494249383571
2,"Andalucia",1972,3.75621265018031,NA,NA,NA,NA,NA,NA,NA,NA,NA,NA,NA,NA,22.1272926330566,5.89085195482596
2,"Andalucia",1973,3.98771781234937,NA,NA,NA,NA,NA,NA,NA,NA,NA,NA,NA,NA,21.8019485473633,5.46727466016925
2,"Andalucia",1974,4.05184220872719,NA,NA,NA,NA,NA,NA,NA,NA,NA,NA,NA,NA,23.6468963623047,5.83608520375548
2,"Andalucia",1975,4.11218219878026,NA,NA,NA,NA,NA,NA,NA,NA,NA,NA,NA,NA,22.7574157714844,5.53414578231349
2,"Andalucia",1976,4.22179356400403,NA,NA,NA,NA,NA,NA,NA,NA,NA,NA,NA,NA,21.5302619934082,5.09979033010521
2,"Andalucia",1977,4.33169084084235,NA,NA,NA,NA,NA,NA,NA,NA,NA,NA,NA,NA,18.8983554840088,4.36281262407309
2,"Andalucia",1978,4.30519868904643,NA,NA,NA,NA,NA,NA,NA,NA,NA,NA,NA,NA,19.8129272460938,4.60209357967684
2,"Andalucia",1979,4.2269351788161,NA,NA,NA,NA,NA,NA,NA,NA,NA,NA,NA,NA,19.6916809082031,4.65861908810214
2,"Andalucia",1980,4.21151120606166,NA,NA,NA,NA,NA,NA,NA,NA,NA,NA,NA,NA,20.9232215881348,4.96810303104971
2,"Andalucia",1981,4.20701245654143,NA,NA,NA,NA,NA,NA,NA,NA,NA,NA,NA,NA,21.8307266235352,5.18912811622196
2,"Andalucia",1982,4.24907153689906,NA,NA,NA,NA,NA,NA,NA,NA,NA,NA,NA,NA,22.1853771209717,5.22122937406755
2,"Andalucia",1983,4.29163096258212,NA,NA,NA,NA,NA,NA,NA,NA,NA,NA,NA,NA,21.1268634796143,4.92280526070746
2,"Andalucia",1984,4.35868333796371,NA,NA,NA,NA,NA,NA,NA,NA,NA,NA,NA,NA,19.9248065948486,4.57129023833998
2,"Andalucia",1985,4.42659257650716,NA,NA,NA,NA,NA,NA,NA,NA,NA,NA,NA,NA,20.382495880127,4.60455655853694
2,"Andalucia",1986,4.66323891764741,NA,NA,NA,NA,NA,NA,NA,NA,NA,NA,NA,NA,19.3726501464844,4.15433360559141
2,"Andalucia",1987,4.90067107988677,NA,NA,NA,NA,NA,NA,NA,NA,NA,NA,NA,NA,20.4932041168213,4.18171384750326
2,"Andalucia",1988,5.15959717075813,NA,NA,NA,NA,NA,NA,NA,NA,NA,NA,NA,NA,23.3585662841797,4.52720735962949
2,"Andalucia",1989,5.41773787637126,NA,NA,NA,NA,NA,NA,NA,NA,NA,NA,NA,NA,25.7622928619385,4.75517521331131
2,"Andalucia",1990,5.5852611621289,NA,NA,NA,NA,NA,NA,NA,NA,NA,NA,NA,NA,28.3183250427246,5.07018816501155
2,"Andalucia",1991,5.74921447527269,NA,NA,NA,NA,NA,NA,NA,NA,NA,NA,NA,NA,26.49245262146,4.608012579006
2,"Andalucia",1992,5.64124535846901,NA,NA,NA,NA,NA,NA,NA,NA,NA,NA,NA,NA,24.3187294006348,4.31087957628467
2,"Andalucia",1993,5.53491849008542,NA,NA,NA,NA,NA,NA,NA,NA,NA,NA,NA,NA,21.1836738586426,3.82727837755668
2,"Andalucia",1994,5.63881728894981,NA,NA,NA,NA,NA,NA,NA,NA,NA,NA,NA,NA,20.2683906555176,3.59444004246011
2,"Andalucia",1995,5.72072268553851,NA,NA,NA,NA,NA,NA,NA,NA,NA,NA,NA,NA,22.1725749969482,3.87583461316847
2,"Andalucia",1996,5.99592961232617,NA,NA,NA,NA,NA,NA,NA,NA,NA,NA,NA,NA,NA,NA
2,"Andalucia",1997,6.30098553733532,NA,NA,NA,NA,NA,NA,NA,NA,NA,NA,NA,NA,NA,NA
3,"Aragon",1955,2.28877455736698,NA,NA,NA,NA,NA,NA,NA,NA,NA,NA,NA,NA,NA,NA
3,"Aragon",1956,2.44515862202038,NA,NA,NA,NA,NA,NA,NA,NA,NA,NA,NA,NA,NA,NA
3,"Aragon",1957,2.60339893296391,NA,NA,NA,NA,NA,NA,NA,NA,NA,NA,NA,NA,NA,NA
3,"Aragon",1958,2.63903175752798,NA,NA,NA,NA,NA,NA,NA,NA,NA,NA,NA,NA,NA,NA
3,"Aragon",1959,2.67709221577038,NA,NA,NA,NA,NA,NA,NA,NA,NA,NA,NA,NA,NA,NA
3,"Aragon",1960,2.8814623608517,NA,NA,NA,NA,NA,NA,NA,NA,NA,NA,NA,NA,NA,NA
3,"Aragon",1961,3.09954297028416,25.0699996948242,6.90999984741211,21.6599998474121,6.80000019073486,32.8499984741211,6.71000003814697,NA,NA,NA,NA,NA,NA,NA,NA
3,"Aragon",1962,3.35918318643055,NA,NA,NA,NA,NA,NA,NA,NA,NA,NA,NA,NA,NA,NA
3,"Aragon",1963,3.61418169724945,25.3400001525879,6.07999992370605,21.7299995422363,7.53000020980835,33.3499984741211,5.96000003814697,NA,NA,NA,NA,NA,NA,NA,NA
3,"Aragon",1964,3.68009129785463,NA,NA,NA,NA,NA,NA,77.6694641113281,722.28515625,36.2118072509766,14.2490568161011,8.3411340713501,NA,21.2724781036377,5.78042129444963
3,"Aragon",1965,3.74528699110522,21.0200004577637,6.26999998092651,23.6000003814697,8.28999996185303,34.2299995422363,6.59999990463257,75.8038024902344,723.77685546875,38.2993583679199,14.8717565536499,8.45247268676758,NA,22.7678966522217,6.07907930855332
3,"Aragon",1966,3.88331910400042,NA,NA,NA,NA,NA,NA,73.9733581542969,726.22314453125,40.6244239807129,15.5857191085815,8.57572555541992,NA,21.4764251708984,5.53043017988771
3,"Aragon",1967,4.01613812417992,18.4799995422363,6.07999992370605,23.3799991607666,8.43000030517578,35.7099990844727,7.92999982833862,72.1775436401367,730.974853515625,43.3277626037598,16.3962135314941,8.74120998382568,NA,19.729175567627,4.91247436158724
3,"Aragon",1968,4.24364488215421,NA,NA,NA,NA,NA,NA,70.4157562255859,733.101989746094,49.993724822998,17.2527370452881,8.76598262786865,NA,20.5848808288574,4.85075481113488
3,"Aragon",1969,4.47622090535517,18.7199993133545,6.05000019073486,23.5300006866455,8.10999965667725,35.310001373291,8.27999973297119,68.6874313354492,735.111572265625,56.8352546691895,18.1945724487305,9.22996997833252,24.0400009155273,23.6340599060059,5.27991366059058
3,"Aragon",1970,4.59625802016946,NA,NA,NA,NA,NA,NA,NA,NA,NA,NA,NA,NA,24.9269580841064,5.42331565693682
3,"Aragon",1971,4.72372186350775,NA,NA,NA,NA,NA,NA,NA,NA,NA,NA,NA,NA,22.1613140106201,4.6914942604524
3,"Aragon",1972,5.00128538191097,NA,NA,NA,NA,NA,NA,NA,NA,NA,NA,NA,NA,21.9001197814941,4.37889824498001
3,"Aragon",1973,5.28349060564169,NA,NA,NA,NA,NA,NA,NA,NA,NA,NA,NA,NA,22.707145690918,4.29775453119409
3,"Aragon",1974,5.44237378187705,NA,NA,NA,NA,NA,NA,NA,NA,NA,NA,NA,NA,25.394905090332,4.66614497793157
3,"Aragon",1975,5.60097104649788,NA,NA,NA,NA,NA,NA,NA,NA,NA,NA,NA,NA,25.4223594665527,4.53891999360514
3,"Aragon",1976,5.73657508987388,NA,NA,NA,NA,NA,NA,NA,NA,NA,NA,NA,NA,26.0618801116943,4.54310798749909
3,"Aragon",1977,5.86639552482773,NA,NA,NA,NA,NA,NA,NA,NA,NA,NA,NA,NA,22.859992980957,3.89676981107208
3,"Aragon",1978,5.92502135271619,NA,NA,NA,NA,NA,NA,NA,NA,NA,NA,NA,NA,21.286657333374,3.5926718346113
3,"Aragon",1979,5.95279923509578,NA,NA,NA,NA,NA,NA,NA,NA,NA,NA,NA,NA,20.492244720459,3.44245520655952
3,"Aragon",1980,5.97472159530871,NA,NA,NA,NA,NA,NA,NA,NA,NA,NA,NA,NA,20.7298030853271,3.46958477556577
3,"Aragon",1981,6.01113958721057,NA,NA,NA,NA,NA,NA,NA,NA,NA,NA,NA,NA,20.8206253051758,3.46367356856496
3,"Aragon",1982,6.13360477154407,NA,NA,NA,NA,NA,NA,NA,NA,NA,NA,NA,NA,26.4890670776367,4.31867850379417
3,"Aragon",1983,6.26085418117145,NA,NA,NA,NA,NA,NA,NA,NA,NA,NA,NA,NA,17.5623760223389,2.80510861843021
3,"Aragon",1984,6.37289361591443,NA,NA,NA,NA,NA,NA,NA,NA,NA,NA,NA,NA,18.1013278961182,2.84036247693127
3,"Aragon",1985,6.49550132021431,NA,NA,NA,NA,NA,NA,NA,NA,NA,NA,NA,NA,19.533239364624,3.00719504187239
3,"Aragon",1986,6.92652092426717,NA,NA,NA,NA,NA,NA,NA,NA,NA,NA,NA,NA,18.3258762359619,2.64575483656693
3,"Aragon",1987,7.3586118251928,NA,NA,NA,NA,NA,NA,NA,NA,NA,NA,NA,NA,19.5995044708252,2.6634785114938
3,"Aragon",1988,7.80277028828817,NA,NA,NA,NA,NA,NA,NA,NA,NA,NA,NA,NA,20.0823040008545,2.57374025620076
3,"Aragon",1989,8.24264530725596,NA,NA,NA,NA,NA,NA,NA,NA,NA,NA,NA,NA,22.157751083374,2.68818446717204
3,"Aragon",1990,8.45829762924879,NA,NA,NA,NA,NA,NA,NA,NA,NA,NA,NA,NA,22.2104244232178,2.62587407026375
3,"Aragon",1991,8.6682378207231,NA,NA,NA,NA,NA,NA,NA,NA,NA,NA,NA,NA,22.0179557800293,2.54007287702595
3,"Aragon",1992,8.46686626086743,NA,NA,NA,NA,NA,NA,NA,NA,NA,NA,NA,NA,22.8654041290283,2.70057461929082
3,"Aragon",1993,8.25692694107487,NA,NA,NA,NA,NA,NA,NA,NA,NA,NA,NA,NA,21.5592422485352,2.61104917148857
3,"Aragon",1994,8.57397851450925,NA,NA,NA,NA,NA,NA,NA,NA,NA,NA,NA,NA,21.9211864471436,2.55671114757841
3,"Aragon",1995,8.84675824345946,NA,NA,NA,NA,NA,NA,NA,NA,NA,NA,NA,NA,20.6667442321777,2.33608104386225
3,"Aragon",1996,9.09668683529036,NA,NA,NA,NA,NA,NA,NA,NA,NA,NA,NA,NA,NA,NA
3,"Aragon",1997,9.51870894030277,NA,NA,NA,NA,NA,NA,NA,NA,NA,NA,NA,NA,NA,NA
4,"Principado De Asturias",1955,2.50292780466742,NA,NA,NA,NA,NA,NA,NA,NA,NA,NA,NA,NA,NA,NA
4,"Principado De Asturias",1956,2.61553840887816,NA,NA,NA,NA,NA,NA,NA,NA,NA,NA,NA,NA,NA,NA
4,"Principado De Asturias",1957,2.72579263939377,NA,NA,NA,NA,NA,NA,NA,NA,NA,NA,NA,NA,NA,NA
4,"Principado De Asturias",1958,2.75185657752919,NA,NA,NA,NA,NA,NA,NA,NA,NA,NA,NA,NA,NA,NA
4,"Principado De Asturias",1959,2.77742082410048,NA,NA,NA,NA,NA,NA,NA,NA,NA,NA,NA,NA,NA,NA
4,"Principado De Asturias",1960,2.96729511957242,NA,NA,NA,NA,NA,NA,NA,NA,NA,NA,NA,NA,NA,NA
4,"Principado De Asturias",1961,3.14388738227415,14.1199998855591,21.3600006103516,22.0799999237061,9.02999973297119,28.4599990844727,4.94999980926514,NA,NA,NA,NA,NA,NA,NA,NA
4,"Principado De Asturias",1962,3.37353608023266,NA,NA,NA,NA,NA,NA,NA,NA,NA,NA,NA,NA,NA,NA
4,"Principado De Asturias",1963,3.59725799604131,15.1700000762939,19.0400009155273,22.3600006103516,8.96000003814697,29.7099990844727,4.76999998092651,NA,NA,NA,NA,NA,NA,NA,NA
4,"Principado De Asturias",1964,3.67259352726788,NA,NA,NA,NA,NA,NA,29.012674331665,668.60009765625,37.5539970397949,12.8383855819702,5.93828773498535,NA,21.048454284668,5.73122348781308
4,"Principado De Asturias",1965,3.74335883107059,12.1000003814697,18.4699993133545,24.4099998474121,9.5600004196167,30.0300006866455,5.42999982833862,30.0442886352539,668.96533203125,39.8879127502441,13.5026836395264,6.10620307922363,NA,22.6595020294189,6.0532540565817
4,"Principado De Asturias",1966,3.9093828242154,NA,NA,NA,NA,NA,NA,31.0444412231445,670.01220703125,42.4897613525391,14.2605600357056,6.28775262832642,NA,22.340934753418,5.71469609346885
4,"Principado De Asturias",1967,4.07312213948916,10.5600004196167,18.3099994659424,24.7999992370605,8.68000030517578,31.1700000762939,6.48000001907349,32.0137672424316,672.922668457031,45.5107574462891,15.1190309524536,6.50611162185669,NA,21.4814567565918,5.2739534983073
4,"Principado De Asturias",1968,4.30862614169389,NA,NA,NA,NA,NA,NA,32.9529037475586,672.704772949219,52.7372436523438,16.0334854125977,6.62471008300781,NA,23.0380535125732,5.34696043586554
4,"Principado De Asturias",1969,4.54970019029161,9.85999965667725,16.0599994659424,26.9799995422363,8.80000019073486,31.3899993896484,6.90999984741211,33.8624610900879,672.251281738281,60.2112197875977,17.0420017242432,7.08396434783936,98.7399978637695,26.0494537353516,5.72553193525526
4,"Principado De Asturias",1970,4.63160515103944,NA,NA,NA,NA,NA,NA,NA,NA,NA,NA,NA,NA,23.9371795654297,5.1682254390916
4,"Principado De Asturias",1971,4.69965734539016,NA,NA,NA,NA,NA,NA,NA,NA,NA,NA,NA,NA,21.7478637695312,4.62754242942062
4,"Principado De Asturias",1972,5.02256487683207,NA,NA,NA,NA,NA,NA,NA,NA,NA,NA,NA,NA,21.0096817016602,4.18305830126216
4,"Principado De Asturias",1973,5.34561536408124,NA,NA,NA,NA,NA,NA,NA,NA,NA,NA,NA,NA,22.8314018249512,4.27105211840755
4,"Principado De Asturias",1974,5.50249933821921,NA,NA,NA,NA,NA,NA,NA,NA,NA,NA,NA,NA,24.3478260040283,4.42486668465608
4,"Principado De Asturias",1975,5.65195658383319,NA,NA,NA,NA,NA,NA,NA,NA,NA,NA,NA,NA,23.0620956420898,4.08037381392074
4,"Principado De Asturias",1976,5.59225945907196,NA,NA,NA,NA,NA,NA,NA,NA,NA,NA,NA,NA,20.9734210968018,3.75043777033233
4,"Principado De Asturias",1977,5.53870333225105,NA,NA,NA,NA,NA,NA,NA,NA,NA,NA,NA,NA,22.2392463684082,4.01524418881805
4,"Principado De Asturias",1978,5.61461025086582,NA,NA,NA,NA,NA,NA,NA,NA,NA,NA,NA,NA,19.3666744232178,3.44933549398754
4,"Principado De Asturias",1979,5.70429889381494,NA,NA,NA,NA,NA,NA,NA,NA,NA,NA,NA,NA,18.1282520294189,3.17799827233371
4,"Principado De Asturias",1980,5.79698655783058,NA,NA,NA,NA,NA,NA,NA,NA,NA,NA,NA,NA,16.1302757263184,2.78252770907836
4,"Principado De Asturias",1981,5.93566110017674,NA,NA,NA,NA,NA,NA,NA,NA,NA,NA,NA,NA,15.4835338592529,2.60856096699859
4,"Principado De Asturias",1982,5.84975729939325,NA,NA,NA,NA,NA,NA,NA,NA,NA,NA,NA,NA,17.848123550415,3.05108787201587
4,"Principado De Asturias",1983,5.76906615548459,NA,NA,NA,NA,NA,NA,NA,NA,NA,NA,NA,NA,17.3350830078125,3.00483345841549
4,"Principado De Asturias",1984,5.88731806607152,NA,NA,NA,NA,NA,NA,NA,NA,NA,NA,NA,NA,15.7501068115234,2.675260047914
4,"Principado De Asturias",1985,6.01128254301784,NA,NA,NA,NA,NA,NA,NA,NA,NA,NA,NA,NA,16.3055534362793,2.7124916055091
4,"Principado De Asturias",1986,6.23479002511559,NA,NA,NA,NA,NA,NA,NA,NA,NA,NA,NA,NA,19.2548580169678,3.08829294000335
4,"Principado De Asturias",1987,6.4652958041564,NA,NA,NA,NA,NA,NA,NA,NA,NA,NA,NA,NA,21.5103187561035,3.32704324870565
4,"Principado De Asturias",1988,6.68816042096231,NA,NA,NA,NA,NA,NA,NA,NA,NA,NA,NA,NA,21.1311721801758,3.15948943358858
4,"Principado De Asturias",1989,6.91352458519106,NA,NA,NA,NA,NA,NA,NA,NA,NA,NA,NA,NA,20.3636207580566,2.94547600245409
4,"Principado De Asturias",1990,6.98314755005824,NA,NA,NA,NA,NA,NA,NA,NA,NA,NA,NA,NA,22.2122764587402,3.18084020128645
4,"Principado De Asturias",1991,7.04063103901118,NA,NA,NA,NA,NA,NA,NA,NA,NA,NA,NA,NA,23.6604309082031,3.36055543560001
4,"Principado De Asturias",1992,6.92280756000518,NA,NA,NA,NA,NA,NA,NA,NA,NA,NA,NA,NA,20.5400199890137,2.96700721650542
4,"Principado De Asturias",1993,6.79834317357429,NA,NA,NA,NA,NA,NA,NA,NA,NA,NA,NA,NA,18.5378379821777,2.72681703598544
4,"Principado De Asturias",1994,6.95415585083949,NA,NA,NA,NA,NA,NA,NA,NA,NA,NA,NA,NA,18.6073780059814,2.67572059141228
4,"Principado De Asturias",1995,7.11646691556319,NA,NA,NA,NA,NA,NA,NA,NA,NA,NA,NA,NA,18.4219799041748,2.58864126296819
4,"Principado De Asturias",1996,7.21722373755378,NA,NA,NA,NA,NA,NA,NA,NA,NA,NA,NA,NA,NA,NA
4,"Principado De Asturias",1997,7.47572139684421,NA,NA,NA,NA,NA,NA,NA,NA,NA,NA,NA,NA,NA,NA
5,"Baleares (Islas)",1955,3.14395886017778,NA,NA,NA,NA,NA,NA,NA,NA,NA,NA,NA,NA,NA,NA
5,"Baleares (Islas)",1956,3.34775783579134,NA,NA,NA,NA,NA,NA,NA,NA,NA,NA,NA,NA,NA,NA
5,"Baleares (Islas)",1957,3.54962865137026,NA,NA,NA,NA,NA,NA,NA,NA,NA,NA,NA,NA,NA,NA
5,"Baleares (Islas)",1958,3.64267348698363,NA,NA,NA,NA,NA,NA,NA,NA,NA,NA,NA,NA,NA,NA
5,"Baleares (Islas)",1959,3.73486167735558,NA,NA,NA,NA,NA,NA,NA,NA,NA,NA,NA,NA,NA,NA
5,"Baleares (Islas)",1960,4.05884050567026,NA,NA,NA,NA,NA,NA,NA,NA,NA,NA,NA,NA,NA,NA
5,"Baleares (Islas)",1961,4.36025410848017,16.3400001525879,2.14000010490417,22.1599998474121,7.05999994277954,45.3800010681152,6.92999982833862,NA,NA,NA,NA,NA,NA,NA,NA
5,"Baleares (Islas)",1962,4.64617269647288,NA,NA,NA,NA,NA,NA,NA,NA,NA,NA,NA,NA,NA,NA
5,"Baleares (Islas)",1963,4.91152526105822,15.8000001907349,1.94000005722046,20.0900001525879,8.14999961853027,48.2900009155273,5.73000001907349,NA,NA,NA,NA,NA,NA,NA,NA
5,"Baleares (Islas)",1964,5.05069971288895,NA,NA,NA,NA,NA,NA,48.0786170959473,294.38134765625,14.7882413864136,5.30359840393066,3.35199999809265,NA,14.1790342330933,2.80734057439796
5,"Baleares (Islas)",1965,5.18466150784486,12.5100002288818,2.14000010490417,18.7900009155273,8.88000011444092,52.0999984741211,5.57999992370605,48.0171203613281,296.678833007812,16.258171081543,5.51208782196045,3.46646857261658,NA,19.0025005340576,3.66513812045495
5,"Baleares (Islas)",1966,5.46679525367194,NA,NA,NA,NA,NA,NA,47.9492034912109,299.291717529297,17.9040660858154,5.75198602676392,3.58977746963501,NA,26.2534103393555,4.8023401501495
5,"Baleares (Islas)",1967,5.73764638674664,11.0100002288818,2.11999988555908,16.5300006866455,8.60000038146973,54.7799987792969,6.96000003814697,47.8750381469727,302.806091308594,19.802547454834,6.02474308013916,3.7353618144989,NA,29.701530456543,5.17660525841229
5,"Baleares (Islas)",1968,6.16145369598642,NA,NA,NA,NA,NA,NA,47.7947998046875,304.936309814453,23.6700248718262,6.31135892868042,3.82472586631775,NA,30.7616958618164,4.99260359318364
5,"Baleares (Islas)",1969,6.58169103261233,9.98999977111816,2.03999996185303,13.7200002670288,8.77999973297119,58.2099990844727,7.26999998092651,47.7086563110352,306.787414550781,27.8481731414795,6.62585115432739,4.11259126663208,104.169998168945,26.7520999908447,4.06462410014202
5,"Baleares (Islas)",1970,6.88703243339515,NA,NA,NA,NA,NA,NA,NA,NA,NA,NA,NA,NA,26.4437465667725,3.83964310064042
5,"Baleares (Islas)",1971,7.16866626973767,NA,NA,NA,NA,NA,NA,NA,NA,NA,NA,NA,NA,23.7412166595459,3.31180386507443
5,"Baleares (Islas)",1972,7.5706937387309,NA,NA,NA,NA,NA,NA,NA,NA,NA,NA,NA,NA,23.8075218200684,3.14469487760038
5,"Baleares (Islas)",1973,7.95629785184144,NA,NA,NA,NA,NA,NA,NA,NA,NA,NA,NA,NA,23.1038875579834,2.90384899964952
5,"Baleares (Islas)",1974,7.97272207940588,NA,NA,NA,NA,NA,NA,NA,NA,NA,NA,NA,NA,23.3105583190918,2.92378915092308
5,"Baleares (Islas)",1975,7.97414989411508,NA,NA,NA,NA,NA,NA,NA,NA,NA,NA,NA,NA,22.3685703277588,2.80513542192965
5,"Baleares (Islas)",1976,8.03484683784544,NA,NA,NA,NA,NA,NA,NA,NA,NA,NA,NA,NA,19.8859233856201,2.47495985759855
5,"Baleares (Islas)",1977,8.0805482404023,NA,NA,NA,NA,NA,NA,NA,NA,NA,NA,NA,NA,18.0879421234131,2.23845481584707
5,"Baleares (Islas)",1978,8.04198765475489,NA,NA,NA,NA,NA,NA,NA,NA,NA,NA,NA,NA,17.650239944458,2.19476088526723
5,"Baleares (Islas)",1979,8.00485575549843,NA,NA,NA,NA,NA,NA,NA,NA,NA,NA,NA,NA,17.8388481140137,2.22850338080863
5,"Baleares (Islas)",1980,8.25978257049325,NA,NA,NA,NA,NA,NA,NA,NA,NA,NA,NA,NA,18.2605838775635,2.21078263522293
5,"Baleares (Islas)",1981,8.53113361305252,NA,NA,NA,NA,NA,NA,NA,NA,NA,NA,NA,NA,14.8526191711426,1.74099010105975
5,"Baleares (Islas)",1982,8.7225078548986,NA,NA,NA,NA,NA,NA,NA,NA,NA,NA,NA,NA,13.5585250854492,1.55442967905551
5,"Baleares (Islas)",1983,8.92530722946346,NA,NA,NA,NA,NA,NA,NA,NA,NA,NA,NA,NA,11.6211080551147,1.30204011540938
5,"Baleares (Islas)",1984,9.27592116538132,NA,NA,NA,NA,NA,NA,NA,NA,NA,NA,NA,NA,10.1354694366455,1.09266446490211
5,"Baleares (Islas)",1985,9.65224186783687,NA,NA,NA,NA,NA,NA,NA,NA,NA,NA,NA,NA,11.3290481567383,1.17372195101004
5,"Baleares (Islas)",1986,10.2577834904313,NA,NA,NA,NA,NA,NA,NA,NA,NA,NA,NA,NA,16.519567489624,1.61044220762057
5,"Baleares (Islas)",1987,10.8233358409874,NA,NA,NA,NA,NA,NA,NA,NA,NA,NA,NA,NA,21.2754974365234,1.96570611400177
5,"Baleares (Islas)",1988,11.1203945217661,NA,NA,NA,NA,NA,NA,NA,NA,NA,NA,NA,NA,25.1139583587646,2.25836936896517
5,"Baleares (Islas)",1989,11.4081689202081,NA,NA,NA,NA,NA,NA,NA,NA,NA,NA,NA,NA,24.8808898925781,2.18097137819417
5,"Baleares (Islas)",1990,11.5124246727498,NA,NA,NA,NA,NA,NA,NA,NA,NA,NA,NA,NA,23.360876083374,2.02918818124126
5,"Baleares (Islas)",1991,11.6795199627673,NA,NA,NA,NA,NA,NA,NA,NA,NA,NA,NA,NA,20.8074073791504,1.78152933044179
5,"Baleares (Islas)",1992,11.3196226161945,NA,NA,NA,NA,NA,NA,NA,NA,NA,NA,NA,NA,18.028039932251,1.59263612785634
5,"Baleares (Islas)",1993,10.9697225876312,NA,NA,NA,NA,NA,NA,NA,NA,NA,NA,NA,NA,14.9990978240967,1.36731787921499
5,"Baleares (Islas)",1994,11.4195940529268,NA,NA,NA,NA,NA,NA,NA,NA,NA,NA,NA,NA,17.0898628234863,1.49653855857566
5,"Baleares (Islas)",1995,11.7737792689812,NA,NA,NA,NA,NA,NA,NA,NA,NA,NA,NA,NA,17.896915435791,1.52006547998922
5,"Baleares (Islas)",1996,11.9265920534981,NA,NA,NA,NA,NA,NA,NA,NA,NA,NA,NA,NA,NA,NA
5,"Baleares (Islas)",1997,12.3500428449015,NA,NA,NA,NA,NA,NA,NA,NA,NA,NA,NA,NA,NA,NA
6,"Canarias",1955,1.91438157910519,NA,NA,NA,NA,NA,NA,NA,NA,NA,NA,NA,NA,NA,NA
6,"Canarias",1956,2.07183672271092,NA,NA,NA,NA,NA,NA,NA,NA,NA,NA,NA,NA,NA,NA
6,"Canarias",1957,2.22607819361879,NA,NA,NA,NA,NA,NA,NA,NA,NA,NA,NA,NA,NA,NA
6,"Canarias",1958,2.22086553674397,NA,NA,NA,NA,NA,NA,NA,NA,NA,NA,NA,NA,NA,NA
6,"Canarias",1959,2.21343902614041,NA,NA,NA,NA,NA,NA,NA,NA,NA,NA,NA,NA,NA,NA
6,"Canarias",1960,2.35768361487957,NA,NA,NA,NA,NA,NA,NA,NA,NA,NA,NA,NA,NA,NA
6,"Canarias",1961,2.44572979148815,26.2099990844727,9.53999996185303,9.78999996185303,6.17999982833862,40.2299995422363,8.0600004196167,NA,NA,NA,NA,NA,NA,NA,NA
6,"Canarias",1962,2.64824325443846,NA,NA,NA,NA,NA,NA,NA,NA,NA,NA,NA,NA,NA,NA
6,"Canarias",1963,2.84475867525573,23.9099998474121,8.42000007629395,9.85000038146973,6.80999994277954,43.9900016784668,7.01999998092651,NA,NA,NA,NA,NA,NA,NA,NA
6,"Canarias",1964,2.95115680362251,NA,NA,NA,NA,NA,NA,134.977569580078,505.942596435547,33.2646560668945,10.2709188461304,5.27583169937134,NA,17.0259399414062,5.76924273237772
6,"Canarias",1965,3.05419873932504,19.4300003051758,8,10.0500001907349,8.68000030517578,46.1500015258789,7.69999980926514,132.246612548828,512.223693847656,36.6822166442871,10.8871955871582,5.47498607635498,NA,20.9989643096924,6.87544135203626
6,"Canarias",1966,3.2317908209959,NA,NA,NA,NA,NA,NA,129.563690185547,518.962585449219,40.5098114013672,11.587664604187,5.68915796279907,NA,26.6728916168213,8.25328528181222
6,"Canarias",1967,3.40338464261327,16.1800003051758,6.92000007629395,9.82999992370605,10.3999996185303,47.0900001525879,9.59000015258789,126.92797088623,527.237548828125,44.9232215881348,12.3797988891602,5.93983459472656,NA,30.120325088501,8.85010900953389
6,"Canarias",1968,3.66031153138724,NA,NA,NA,NA,NA,NA,124.338722229004,532.043151855469,53.8288078308105,13.2286462783813,6.10211324691772,NA,32.150463104248,8.78353190119399
6,"Canarias",1969,3.91288219060737,13.9899997711182,6.21000003814697,9.5600004196167,11.2799997329712,48.9300003051758,10.039999961853,121.79515838623,536.16015625,63.4762229919434,14.1668691635132,6.5828104019165,148.25,28.7568988800049,7.34928819197113
6,"Canarias",1970,4.22493554087783,NA,NA,NA,NA,NA,NA,NA,NA,NA,NA,NA,NA,23.9603977203369,5.67118657515863
6,"Canarias",1971,4.49357347398511,NA,NA,NA,NA,NA,NA,NA,NA,NA,NA,NA,NA,23.4238739013672,5.21274972735536
6,"Canarias",1972,4.78191925981528,NA,NA,NA,NA,NA,NA,NA,NA,NA,NA,NA,NA,27.6821231842041,5.78891480180982
6,"Canarias",1973,5.05491298663552,NA,NA,NA,NA,NA,NA,NA,NA,NA,NA,NA,NA,26.5648536682129,5.25525439081675
6,"Canarias",1974,4.967794933172,NA,NA,NA,NA,NA,NA,NA,NA,NA,NA,NA,NA,23.0051422119141,4.63085584678613
6,"Canarias",1975,4.88153374287034,NA,NA,NA,NA,NA,NA,NA,NA,NA,NA,NA,NA,20.5993461608887,4.21985122831011
6,"Canarias",1976,4.94844316244466,NA,NA,NA,NA,NA,NA,NA,NA,NA,NA,NA,NA,18.8343353271484,3.80611329843865
6,"Canarias",1977,5.00792628933586,NA,NA,NA,NA,NA,NA,NA,NA,NA,NA,NA,NA,20.2992210388184,4.05341849420679
6,"Canarias",1978,5.04091682859027,NA,NA,NA,NA,NA,NA,NA,NA,NA,NA,NA,NA,19.8448696136475,3.93675799233475
6,"Canarias",1979,5.23350488727551,NA,NA,NA,NA,NA,NA,NA,NA,NA,NA,NA,NA,18.7241382598877,3.57774353195172
6,"Canarias",1980,5.43708921125772,NA,NA,NA,NA,NA,NA,NA,NA,NA,NA,NA,NA,18.553279876709,3.41235524300275
6,"Canarias",1981,5.65824053758078,NA,NA,NA,NA,NA,NA,NA,NA,NA,NA,NA,NA,16.641674041748,2.94113937560938
6,"Canarias",1982,5.68730371470317,NA,NA,NA,NA,NA,NA,NA,NA,NA,NA,NA,NA,16.3411331176758,2.87326542372437
6,"Canarias",1983,5.71986582237664,NA,NA,NA,NA,NA,NA,NA,NA,NA,NA,NA,NA,14.9887752532959,2.62047672423686
6,"Canarias",1984,5.80134235154353,NA,NA,NA,NA,NA,NA,NA,NA,NA,NA,NA,NA,15.7615900039673,2.71688672187631
6,"Canarias",1985,5.88560390390692,NA,NA,NA,NA,NA,NA,NA,NA,NA,NA,NA,NA,19.1585693359375,3.25515777968338
6,"Canarias",1986,6.25678386323216,NA,NA,NA,NA,NA,NA,NA,NA,NA,NA,NA,NA,19.6497135162354,3.14054535776862
6,"Canarias",1987,6.61268193392848,NA,NA,NA,NA,NA,NA,NA,NA,NA,NA,NA,NA,20.7193813323975,3.13327958904088
6,"Canarias",1988,6.97700655211792,NA,NA,NA,NA,NA,NA,NA,NA,NA,NA,NA,NA,24.3144397735596,3.48493864695866
6,"Canarias",1989,7.33790328181903,NA,NA,NA,NA,NA,NA,NA,NA,NA,NA,NA,NA,25.8593711853027,3.52408176997562
6,"Canarias",1990,7.34504409872849,NA,NA,NA,NA,NA,NA,NA,NA,NA,NA,NA,NA,25.5112228393555,3.4732565926693
6,"Canarias",1991,7.34718669247403,NA,NA,NA,NA,NA,NA,NA,NA,NA,NA,NA,NA,22.8962173461914,3.1163244251905
6,"Canarias",1992,7.22007980281304,NA,NA,NA,NA,NA,NA,NA,NA,NA,NA,NA,NA,20.1320972442627,2.78834830003111
6,"Canarias",1993,7.09218796373469,NA,NA,NA,NA,NA,NA,NA,NA,NA,NA,NA,NA,17.6260604858398,2.48527824924681
6,"Canarias",1994,7.41074013730452,NA,NA,NA,NA,NA,NA,NA,NA,NA,NA,NA,NA,19.9668464660645,2.69431205198445
6,"Canarias",1995,7.61639514128776,NA,NA,NA,NA,NA,NA,NA,NA,NA,NA,NA,NA,19.6725215911865,2.58291766987556
6,"Canarias",1996,7.81705192210708,NA,NA,NA,NA,NA,NA,NA,NA,NA,NA,NA,NA,NA,NA
6,"Canarias",1997,8.06055447606487,NA,NA,NA,NA,NA,NA,NA,NA,NA,NA,NA,NA,NA,NA
7,"Cantabria",1955,2.55941169257165,NA,NA,NA,NA,NA,NA,NA,NA,NA,NA,NA,NA,NA,NA
7,"Cantabria",1956,2.69387317909169,NA,NA,NA,NA,NA,NA,NA,NA,NA,NA,NA,NA,NA,NA
7,"Cantabria",1957,2.8203369855404,NA,NA,NA,NA,NA,NA,NA,NA,NA,NA,NA,NA,NA,NA
7,"Cantabria",1958,2.87903450925294,NA,NA,NA,NA,NA,NA,NA,NA,NA,NA,NA,NA,NA,NA
7,"Cantabria",1959,2.94373029301896,NA,NA,NA,NA,NA,NA,NA,NA,NA,NA,NA,NA,NA,NA
7,"Cantabria",1960,3.1370322590588,NA,NA,NA,NA,NA,NA,NA,NA,NA,NA,NA,NA,NA,NA
7,"Cantabria",1961,3.32762067980577,16.7099990844727,3.1800000667572,37.9199981689453,5.61999988555908,31.6800003051758,4.90000009536743,NA,NA,NA,NA,NA,NA,NA,NA
7,"Cantabria",1962,3.55534143565008,NA,NA,NA,NA,NA,NA,NA,NA,NA,NA,NA,NA,NA,NA
7,"Cantabria",1963,3.77142262506471,18.2399997711182,2.94000005722046,36.1800003051758,5.75,32.5999984741211,4.28999996185303,NA,NA,NA,NA,NA,NA,NA,NA
7,"Cantabria",1964,3.83940290567092,NA,NA,NA,NA,NA,NA,9.68474006652832,284.568359375,20.7413806915283,6.54473781585693,2.73772668838501,NA,25.9189758300781,6.75078299070799
7,"Cantabria",1965,3.90609832737521,16.2099990844727,2.77999997138977,36.75,6.28999996185303,33.2400016784668,4.73999977111816,9.56692123413086,286.330200195312,21.5585098266602,6.80100536346436,2.78703331947327,NA,28.1631698608398,7.21005143763615
7,"Cantabria",1966,4.03213348432256,NA,NA,NA,NA,NA,NA,9.45053100585938,288.415008544922,22.4632587432861,7.09592056274414,2.84099197387695,NA,29.7192420959473,7.37059976101967
7,"Cantabria",1967,4.15595544130248,14.9700002670288,2.69000005722046,35.8699989318848,6.17999982833862,34.5800018310547,5.71999979019165,9.33555126190186,291.335388183594,23.5245227813721,7.43125104904175,2.90978312492371,NA,28.967601776123,6.97014253046095
7,"Cantabria",1968,4.37589251494551,NA,NA,NA,NA,NA,NA,9.22196483612061,292.683197021484,26.6404342651367,7.78354120254517,2.93244957923889,NA,29.9379234313965,6.84155822592669
7,"Cantabria",1969,4.61082556560291,13.4799995422363,2.88000011444092,35.9300003051758,6.03999996185303,35.3199996948242,6.34000015258789,9.10975551605225,294.098236083984,29.710376739502,8.17006301879883,3.10330152511597,87.3899993896484,31.7203559875488,6.87953936583179
7,"Cantabria",1970,4.7914166683403,NA,NA,NA,NA,NA,NA,NA,NA,NA,NA,NA,NA,27.2976818084717,5.69720475133033
7,"Cantabria",1971,4.96965161530299,NA,NA,NA,NA,NA,NA,NA,NA,NA,NA,NA,NA,24.1462631225586,4.85874362866911
7,"Cantabria",1972,5.15538433285244,NA,NA,NA,NA,NA,NA,NA,NA,NA,NA,NA,NA,26.6463279724121,5.16864044502165
7,"Cantabria",1973,5.33876045878633,NA,NA,NA,NA,NA,NA,NA,NA,NA,NA,NA,NA,25.9357929229736,4.85801772212677
7,"Cantabria",1974,5.50835486038587,NA,NA,NA,NA,NA,NA,NA,NA,NA,NA,NA,NA,27.2517414093018,4.94734673056135
7,"Cantabria",1975,5.67523571669255,NA,NA,NA,NA,NA,NA,NA,NA,NA,NA,NA,NA,25.4183330535889,4.47881538714348
7,"Cantabria",1976,5.79605821676508,NA,NA,NA,NA,NA,NA,NA,NA,NA,NA,NA,NA,23.3222694396973,4.02381559457731
7,"Cantabria",1977,5.90295647253686,NA,NA,NA,NA,NA,NA,NA,NA,NA,NA,NA,NA,21.7218837738037,3.67983126334463
7,"Cantabria",1978,5.91659524106394,NA,NA,NA,NA,NA,NA,NA,NA,NA,NA,NA,NA,20.854923248291,3.52481831164452
7,"Cantabria",1979,5.90645540308796,NA,NA,NA,NA,NA,NA,NA,NA,NA,NA,NA,NA,19.3349609375,3.27353033553618
7,"Cantabria",1980,5.8991001524676,NA,NA,NA,NA,NA,NA,NA,NA,NA,NA,NA,NA,19.4796085357666,3.3021321951312
7,"Cantabria",1981,5.91488151474021,NA,NA,NA,NA,NA,NA,NA,NA,NA,NA,NA,NA,23.029748916626,3.89352666815634
7,"Cantabria",1982,5.9168807168376,NA,NA,NA,NA,NA,NA,NA,NA,NA,NA,NA,NA,20.2042331695557,3.41467643788402
7,"Cantabria",1983,5.94165957815066,NA,NA,NA,NA,NA,NA,NA,NA,NA,NA,NA,NA,18.771089553833,3.15923342745185
7,"Cantabria",1984,6.02884910951782,NA,NA,NA,NA,NA,NA,NA,NA,NA,NA,NA,NA,18.2284927368164,3.02354436239561
7,"Cantabria",1985,6.13831751893432,NA,NA,NA,NA,NA,NA,NA,NA,NA,NA,NA,NA,19.6516265869141,3.20146791466822
7,"Cantabria",1986,6.42045126476141,NA,NA,NA,NA,NA,NA,NA,NA,NA,NA,NA,NA,17.644136428833,2.7481146887093
7,"Cantabria",1987,6.71322475804904,NA,NA,NA,NA,NA,NA,NA,NA,NA,NA,NA,NA,20.1474628448486,3.00116018321779
7,"Cantabria",1988,7.02342186202938,NA,NA,NA,NA,NA,NA,NA,NA,NA,NA,NA,NA,20.3745632171631,2.90094538209556
7,"Cantabria",1989,7.33361896600971,NA,NA,NA,NA,NA,NA,NA,NA,NA,NA,NA,NA,22.8378524780273,3.11413131550433
7,"Cantabria",1990,7.45072853766112,NA,NA,NA,NA,NA,NA,NA,NA,NA,NA,NA,NA,22.0300846099854,2.95676919359364
7,"Cantabria",1991,7.59640137695034,NA,NA,NA,NA,NA,NA,NA,NA,NA,NA,NA,NA,20.6100959777832,2.71313941365976
7,"Cantabria",1992,7.46215367037989,NA,NA,NA,NA,NA,NA,NA,NA,NA,NA,NA,NA,21.6292610168457,2.89852795483165
7,"Cantabria",1993,7.32790596380945,NA,NA,NA,NA,NA,NA,NA,NA,NA,NA,NA,NA,23.0652160644531,3.14758625156573
7,"Cantabria",1994,7.55069997439348,NA,NA,NA,NA,NA,NA,NA,NA,NA,NA,NA,NA,21.568395614624,2.85647631183446
7,"Cantabria",1995,7.77706352175048,NA,NA,NA,NA,NA,NA,NA,NA,NA,NA,NA,NA,22.591121673584,2.90483954649494
7,"Cantabria",1996,7.9077408198662,NA,NA,NA,NA,NA,NA,NA,NA,NA,NA,NA,NA,NA,NA
7,"Cantabria",1997,8.22693498704611,NA,NA,NA,NA,NA,NA,NA,NA,NA,NA,NA,NA,NA,NA
8,"Castilla Y Leon",1955,1.72914877104031,NA,NA,NA,NA,NA,NA,NA,NA,NA,NA,NA,NA,NA,NA
8,"Castilla Y Leon",1956,1.83833192260359,NA,NA,NA,NA,NA,NA,NA,NA,NA,NA,NA,NA,NA,NA
8,"Castilla Y Leon",1957,1.9476578120537,NA,NA,NA,NA,NA,NA,NA,NA,NA,NA,NA,NA,NA,NA
8,"Castilla Y Leon",1958,1.97136537649399,NA,NA,NA,NA,NA,NA,NA,NA,NA,NA,NA,NA,NA,NA
8,"Castilla Y Leon",1959,1.99514420091748,NA,NA,NA,NA,NA,NA,NA,NA,NA,NA,NA,NA,NA,NA
8,"Castilla Y Leon",1960,2.13881740226844,NA,NA,NA,NA,NA,NA,NA,NA,NA,NA,NA,NA,NA,NA
8,"Castilla Y Leon",1961,2.23950296427583,32.5499992370605,9.01000022888184,16.0499992370605,6.17000007629395,29.1399993896484,7.07999992370605,NA,NA,NA,NA,NA,NA,NA,NA
8,"Castilla Y Leon",1962,2.45422738104403,NA,NA,NA,NA,NA,NA,NA,NA,NA,NA,NA,NA,NA,NA
8,"Castilla Y Leon",1963,2.67223651257286,33.2299995422363,8.17000007629395,15.75,6.6399998664856,29.7099990844727,6.5,NA,NA,NA,NA,NA,NA,NA,NA
8,"Castilla Y Leon",1964,2.77777777777778,NA,NA,NA,NA,NA,NA,110.669097900391,1800.78466796875,90.2709884643555,33.6689147949219,19.031759262085,NA,18.7428321838379,6.74741958618164
8,"Castilla Y Leon",1965,2.88217648612673,30.5200004577637,7.84999990463257,16.3600006103516,7.36999988555908,30.6100006103516,7.28000020980835,108.557182312012,1784.60620117188,93.0149154663086,35.0594444274902,19.0506000518799,NA,19.8590602874756,6.89029987686964
8,"Castilla Y Leon",1966,2.98807492292939,NA,NA,NA,NA,NA,NA,106.481353759766,1770.78649902344,96.0362777709961,36.6567306518555,19.0829524993896,NA,19.3095703125,6.46221089181047
8,"Castilla Y Leon",1967,3.09454431127937,27.0200004577637,7.23999977111816,16.7600002288818,7.69999980926514,32.1300010681152,9.14999961853027,104.441024780273,1762.45178222656,99.6097412109375,38.4714508056641,19.1937732696533,NA,18.868968963623,6.09749516103136
8,"Castilla Y Leon",1968,3.30227086694538,NA,NA,NA,NA,NA,NA,102.435623168945,1748.35729980469,111.663963317871,40.3835639953613,18.9824352264404,NA,19.4028263092041,5.87560109118239
8,"Castilla Y Leon",1969,3.5209939058288,25.2700004577637,6.82000017166138,17.4500007629395,7.84000015258789,32.6300010681152,9.98999977111816,100.464584350586,1734.58569335938,123.203689575195,42.4837989807129,19.6990413665771,28.7700004577637,21.7317962646484,6.17206301569358
8,"Castilla Y Leon",1970,3.67052284726685,NA,NA,NA,NA,NA,NA,NA,NA,NA,NA,NA,NA,22.3235569000244,6.0818466003139
8,"Castilla Y Leon",1971,3.82183677501183,NA,NA,NA,NA,NA,NA,NA,NA,NA,NA,NA,NA,21.8736476898193,5.72333382546188
8,"Castilla Y Leon",1972,4.08176224901144,NA,NA,NA,NA,NA,NA,NA,NA,NA,NA,NA,NA,22.7254333496094,5.56755439519125
8,"Castilla Y Leon",1973,4.34540152311393,NA,NA,NA,NA,NA,NA,NA,NA,NA,NA,NA,NA,25.2864246368408,5.81912269840612
8,"Castilla Y Leon",1974,4.46472429473276,NA,NA,NA,NA,NA,NA,NA,NA,NA,NA,NA,NA,26.2827758789062,5.8867634693397
8,"Castilla Y Leon",1975,4.58111952318869,NA,NA,NA,NA,NA,NA,NA,NA,NA,NA,NA,NA,26.2781448364258,5.73618407103574
8,"Castilla Y Leon",1976,4.7327193625482,NA,NA,NA,NA,NA,NA,NA,NA,NA,NA,NA,NA,26.5485191345215,5.60956969995093
8,"Castilla Y Leon",1977,4.88467571974414,NA,NA,NA,NA,NA,NA,NA,NA,NA,NA,NA,NA,25.1691036224365,5.15266622934693
8,"Castilla Y Leon",1978,4.94680091402457,NA,NA,NA,NA,NA,NA,NA,NA,NA,NA,NA,NA,24.4022541046143,4.93293636205006
8,"Castilla Y Leon",1979,4.92037980429141,NA,NA,NA,NA,NA,NA,NA,NA,NA,NA,NA,NA,23.975700378418,4.87273367749113
8,"Castilla Y Leon",1980,4.89374469668822,NA,NA,NA,NA,NA,NA,NA,NA,NA,NA,NA,NA,26.6389312744141,5.44346567413735
8,"Castilla Y Leon",1981,4.88103383338577,NA,NA,NA,NA,NA,NA,NA,NA,NA,NA,NA,NA,27.1625480651855,5.5649169811929
8,"Castilla Y Leon",1982,4.92309334958427,NA,NA,NA,NA,NA,NA,NA,NA,NA,NA,NA,NA,27.6147747039795,5.6092323957886
8,"Castilla Y Leon",1983,4.97072247633489,NA,NA,NA,NA,NA,NA,NA,NA,NA,NA,NA,NA,25.4617786407471,5.12234967089152
8,"Castilla Y Leon",1984,5.11346777246122,NA,NA,NA,NA,NA,NA,NA,NA,NA,NA,NA,NA,22.6302833557129,4.42562354212716
8,"Castilla Y Leon",1985,5.26199667700969,NA,NA,NA,NA,NA,NA,NA,NA,NA,NA,NA,NA,24.7101421356201,4.69596308252754
8,"Castilla Y Leon",1986,5.6473148785057,NA,NA,NA,NA,NA,NA,NA,NA,NA,NA,NA,NA,19.7041282653809,3.48911450650236
8,"Castilla Y Leon",1987,6.04463003594955,NA,NA,NA,NA,NA,NA,NA,NA,NA,NA,NA,NA,19.0892887115479,3.15805741592407
8,"Castilla Y Leon",1988,6.35439870834895,NA,NA,NA,NA,NA,NA,NA,NA,NA,NA,NA,NA,20.9405784606934,3.29544610305611
8,"Castilla Y Leon",1989,6.67402174295067,NA,NA,NA,NA,NA,NA,NA,NA,NA,NA,NA,NA,22.784252166748,3.41387143229096
8,"Castilla Y Leon",1990,6.87032273005704,NA,NA,NA,NA,NA,NA,NA,NA,NA,NA,NA,NA,23.4983215332031,3.42026458675662
8,"Castilla Y Leon",1991,7.06319626451594,NA,NA,NA,NA,NA,NA,NA,NA,NA,NA,NA,NA,22.53342628479,3.19025911795675
8,"Castilla Y Leon",1992,7.04548717804958,NA,NA,NA,NA,NA,NA,NA,NA,NA,NA,NA,NA,24.0742378234863,3.41697276782936
8,"Castilla Y Leon",1993,7.02763513577594,NA,NA,NA,NA,NA,NA,NA,NA,NA,NA,NA,NA,21.9429492950439,3.12238027033274
8,"Castilla Y Leon",1994,7.07426444355742,NA,NA,NA,NA,NA,NA,NA,NA,NA,NA,NA,NA,22.298885345459,3.15211362585784
8,"Castilla Y Leon",1995,7.28291934028894,NA,NA,NA,NA,NA,NA,NA,NA,NA,NA,NA,NA,22.3803024291992,3.07298507418473
8,"Castilla Y Leon",1996,7.61139691812384,NA,NA,NA,NA,NA,NA,NA,NA,NA,NA,NA,NA,NA,NA
8,"Castilla Y Leon",1997,7.88846009120162,NA,NA,NA,NA,NA,NA,NA,NA,NA,NA,NA,NA,NA,NA
9,"Castilla-La Mancha",1955,1.32776351357759,NA,NA,NA,NA,NA,NA,NA,NA,NA,NA,NA,NA,NA,NA
9,"Castilla-La Mancha",1956,1.41509567387136,NA,NA,NA,NA,NA,NA,NA,NA,NA,NA,NA,NA,NA,NA
9,"Castilla-La Mancha",1957,1.50357039102109,NA,NA,NA,NA,NA,NA,NA,NA,NA,NA,NA,NA,NA,NA
9,"Castilla-La Mancha",1958,1.5314196423441,NA,NA,NA,NA,NA,NA,NA,NA,NA,NA,NA,NA,NA,NA
9,"Castilla-La Mancha",1959,1.5593401536503,NA,NA,NA,NA,NA,NA,NA,NA,NA,NA,NA,NA,NA,NA
9,"Castilla-La Mancha",1960,1.66752359520466,NA,NA,NA,NA,NA,NA,NA,NA,NA,NA,NA,NA,NA,NA
9,"Castilla-La Mancha",1961,1.75242790389967,42.1300010681152,5.09000015258789,16.1299991607666,4.78999996185303,26.3899993896484,5.46999979019165,NA,NA,NA,NA,NA,NA,NA,NA
9,"Castilla-La Mancha",1962,1.92045131706231,NA,NA,NA,NA,NA,NA,NA,NA,NA,NA,NA,NA,NA,NA
9,"Castilla-La Mancha",1963,2.09190240079285,41.5400009155273,4.57999992370605,16.2399997711182,5.1100001335144,27.3700008392334,5.15999984741211,NA,NA,NA,NA,NA,NA,NA,NA
9,"Castilla-La Mancha",1964,2.18259064479066,NA,NA,NA,NA,NA,NA,274.36865234375,1067.63903808594,26.89621925354,13.6807374954224,5.95148801803589,NA,14.950511932373,6.84989279508572
9,"Castilla-La Mancha",1965,2.27470713933854,35.060001373291,5.32000017166138,17.5200004577637,5.96999979019165,30.1299991607666,6,266.183166503906,1052.43518066406,28.6108989715576,14.6527147293091,6.07189273834229,NA,16.5078983306885,7.25715325951314
9,"Castilla-La Mancha",1966,2.3783919403329,NA,NA,NA,NA,NA,NA,258.163299560547,1038.83850097656,30.5229873657227,15.7534484863281,6.20317840576172,NA,17.8852577209473,7.51989502556249
9,"Castilla-La Mancha",1967,2.48236221710092,31.5799999237061,5.34999990463257,18.2000007629395,6.26999998092651,31.1000003814697,7.5,250.306091308594,1028.95056152344,32.7421226501465,16.996208190918,6.3677134513855,NA,18.6468353271484,7.51173023771106
9,"Castilla-La Mancha",1968,2.7090831539761,NA,NA,NA,NA,NA,NA,242.608703613281,1017.61560058594,37.9977378845215,18.335750579834,6.43204116821289,NA,18.7182598114014,6.9094445417553
9,"Castilla-La Mancha",1969,2.94744365728096,30.1200008392334,5.55999994277954,17.7999992370605,6.90999984741211,31.2000007629395,8.39999961853027,235.068328857422,1006.13732910156,43.4472923278809,19.8195037841797,6.82267570495605,22.3799991607666,21.1153755187988,7.16396239386573
9,"Castilla-La Mancha",1970,3.13688952117196,NA,NA,NA,NA,NA,NA,NA,NA,NA,NA,NA,NA,22.894416809082,7.29844537225797
9,"Castilla-La Mancha",1971,3.31962299973445,NA,NA,NA,NA,NA,NA,NA,NA,NA,NA,NA,NA,23.1898212432861,6.98567917053869
9,"Castilla-La Mancha",1972,3.62917745634339,NA,NA,NA,NA,NA,NA,NA,NA,NA,NA,NA,NA,23.9155044555664,6.5897864580209
9,"Castilla-La Mancha",1973,3.94608672773181,NA,NA,NA,NA,NA,NA,NA,NA,NA,NA,NA,NA,27.1244258880615,6.87375310264722
9,"Castilla-La Mancha",1974,4.0281346442869,NA,NA,NA,NA,NA,NA,NA,NA,NA,NA,NA,NA,26.9158058166504,6.68195286243101
9,"Castilla-La Mancha",1975,4.11196820091023,NA,NA,NA,NA,NA,NA,NA,NA,NA,NA,NA,NA,26.2131309509277,6.37483795354379
9,"Castilla-La Mancha",1976,4.26071110332874,NA,NA,NA,NA,NA,NA,NA,NA,NA,NA,NA,NA,25.0932846069336,5.8894592940904
9,"Castilla-La Mancha",1977,4.41216798688098,NA,NA,NA,NA,NA,NA,NA,NA,NA,NA,NA,NA,25.3084964752197,5.73606819832593
9,"Castilla-La Mancha",1978,4.44630086507092,NA,NA,NA,NA,NA,NA,NA,NA,NA,NA,NA,NA,26.2669353485107,5.90759288352652
9,"Castilla-La Mancha",1979,4.40874053423352,NA,NA,NA,NA,NA,NA,NA,NA,NA,NA,NA,NA,25.8906097412109,5.87256372657279
9,"Castilla-La Mancha",1980,4.32876329767946,NA,NA,NA,NA,NA,NA,NA,NA,NA,NA,NA,NA,27.1016082763672,6.26082010326037
9,"Castilla-La Mancha",1981,4.26128249071694,NA,NA,NA,NA,NA,NA,NA,NA,NA,NA,NA,NA,25.6895370483398,6.02859282488397
9,"Castilla-La Mancha",1982,4.34318745146476,NA,NA,NA,NA,NA,NA,NA,NA,NA,NA,NA,NA,28.0412845611572,6.45638367547322
9,"Castilla-La Mancha",1983,4.42466441647253,NA,NA,NA,NA,NA,NA,NA,NA,NA,NA,NA,NA,28.0229206085205,6.33334372301645
9,"Castilla-La Mancha",1984,4.55005714396891,NA,NA,NA,NA,NA,NA,NA,NA,NA,NA,NA,NA,26.228910446167,5.76452330514867
9,"Castilla-La Mancha",1985,4.67766350727359,NA,NA,NA,NA,NA,NA,NA,NA,NA,NA,NA,NA,21.167423248291,4.52521290070918
9,"Castilla-La Mancha",1986,4.98064831644084,NA,NA,NA,NA,NA,NA,NA,NA,NA,NA,NA,NA,27.0725765228271,5.43555272382154
9,"Castilla-La Mancha",1987,5.2955586036523,NA,NA,NA,NA,NA,NA,NA,NA,NA,NA,NA,NA,27.3752861022949,5.16948034215208
9,"Castilla-La Mancha",1988,5.67787778408178,NA,NA,NA,NA,NA,NA,NA,NA,NA,NA,NA,NA,28.907299041748,5.09121544017575
9,"Castilla-La Mancha",1989,6.06533857932332,NA,NA,NA,NA,NA,NA,NA,NA,NA,NA,NA,NA,28.87522315979,4.7606943589638
9,"Castilla-La Mancha",1990,6.27942013079968,NA,NA,NA,NA,NA,NA,NA,NA,NA,NA,NA,NA,27.8845691680908,4.44062804960619
9,"Castilla-La Mancha",1991,6.47450730106688,NA,NA,NA,NA,NA,NA,NA,NA,NA,NA,NA,NA,29.4713535308838,4.5519067568319
9,"Castilla-La Mancha",1992,6.33069114390866,NA,NA,NA,NA,NA,NA,NA,NA,NA,NA,NA,NA,29.3668060302734,4.63879936056112
9,"Castilla-La Mancha",1993,6.18858914891504,NA,NA,NA,NA,NA,NA,NA,NA,NA,NA,NA,NA,28.2604522705078,4.56654200020086
9,"Castilla-La Mancha",1994,6.2309341408872,NA,NA,NA,NA,NA,NA,NA,NA,NA,NA,NA,NA,24.7345809936523,3.96964250213219
9,"Castilla-La Mancha",1995,6.3287634197149,NA,NA,NA,NA,NA,NA,NA,NA,NA,NA,NA,NA,25.9419326782227,4.09905236738827
9,"Castilla-La Mancha",1996,6.61439609609308,NA,NA,NA,NA,NA,NA,NA,NA,NA,NA,NA,NA,NA,NA
9,"Castilla-La Mancha",1997,6.86539554895588,NA,NA,NA,NA,NA,NA,NA,NA,NA,NA,NA,NA,NA,NA
10,"Cataluna",1955,3.54662963030373,NA,NA,NA,NA,NA,NA,NA,NA,NA,NA,NA,NA,NA,NA
10,"Cataluna",1956,3.69044556954152,NA,NA,NA,NA,NA,NA,NA,NA,NA,NA,NA,NA,NA,NA
10,"Cataluna",1957,3.82683499817574,NA,NA,NA,NA,NA,NA,NA,NA,NA,NA,NA,NA,NA,NA
10,"Cataluna",1958,3.8756783776064,NA,NA,NA,NA,NA,NA,NA,NA,NA,NA,NA,NA,NA,NA
10,"Cataluna",1959,3.92173673384055,NA,NA,NA,NA,NA,NA,NA,NA,NA,NA,NA,NA,NA,NA
10,"Cataluna",1960,4.24178820002321,NA,NA,NA,NA,NA,NA,NA,NA,NA,NA,NA,NA,NA,NA
10,"Cataluna",1961,4.57533547892566,8.23999977111816,2.89000010490417,41.6100006103516,5.55000019073486,37.2999992370605,4.42000007629395,NA,NA,NA,NA,NA,NA,NA,NA
10,"Cataluna",1962,4.83804641196265,NA,NA,NA,NA,NA,NA,NA,NA,NA,NA,NA,NA,NA,NA
10,"Cataluna",1963,5.08133409636867,8.27999973297119,2.72000002861023,39.939998626709,6.42999982833862,38.8300018310547,3.78999996185303,NA,NA,NA,NA,NA,NA,NA,NA
10,"Cataluna",1964,5.15809787814531,NA,NA,NA,NA,NA,NA,262.816864013672,2749.12109375,168.848922729492,55.7905082702637,29.5606575012207,NA,16.5614433288574,3.2107656194404
10,"Cataluna",1965,5.22365052507319,6.76999998092651,2.85999989509583,40.2900009155273,7.28000020980835,38.8499984741211,3.96000003814697,269.135833740234,2798.28125,181.376449584961,58.4356880187988,30.5408153533936,NA,20.0388870239258,3.83618447056142
10,"Cataluna",1966,5.33247650503874,NA,NA,NA,NA,NA,NA,275.247894287109,2851.96044921875,195.368789672852,61.4609680175781,31.5972309112549,NA,23.8684711456299,4.47605744218023
10,"Cataluna",1967,5.42944892070458,5.69000005722046,2.9300000667572,39.4799995422363,7.09999990463257,40.1300010681152,4.67000007629395,281.157318115234,2915.71752929688,211.568862915039,64.8915252685547,32.8478584289551,NA,24.7314453125,4.5550562632958
10,"Cataluna",1968,5.67437885353069,NA,NA,NA,NA,NA,NA,286.868377685547,2966.74462890625,247.832916259766,68.5314025878906,33.6025543212891,NA,25.75998878479,4.53970195676339
10,"Cataluna",1969,5.91552394419117,5.69999980926514,3,38.9599990844727,7.17000007629395,40.2299995422363,4.94000005722046,292.385131835938,3018.34545898438,285.996917724609,72.539794921875,36.0985488891602,153.119995117188,24.1620464324951,4.08451502528721
10,"Cataluna",1970,6.06683787193614,NA,NA,NA,NA,NA,NA,NA,NA,NA,NA,NA,NA,21.5039901733398,3.54451373635886
10,"Cataluna",1971,6.22764920820614,NA,NA,NA,NA,NA,NA,NA,NA,NA,NA,NA,NA,20.9517269134521,3.36430749597202
10,"Cataluna",1972,6.53906012902564,NA,NA,NA,NA,NA,NA,NA,NA,NA,NA,NA,NA,23.3312225341797,3.56797797754097
10,"Cataluna",1973,6.83797505609446,NA,NA,NA,NA,NA,NA,NA,NA,NA,NA,NA,NA,24.6595363616943,3.60626298858989
10,"Cataluna",1974,6.98736082380481,NA,NA,NA,NA,NA,NA,NA,NA,NA,NA,NA,NA,24.100830078125,3.44920359572922
10,"Cataluna",1975,7.12489302721544,NA,NA,NA,NA,NA,NA,NA,NA,NA,NA,NA,NA,21.1886425018311,2.97388921081276
10,"Cataluna",1976,7.13538981886872,NA,NA,NA,NA,NA,NA,NA,NA,NA,NA,NA,NA,20.4112911224365,2.86057127088715
10,"Cataluna",1977,7.1429590673591,NA,NA,NA,NA,NA,NA,NA,NA,NA,NA,NA,NA,18.5070133209229,2.59094489362169
10,"Cataluna",1978,7.01935154409008,NA,NA,NA,NA,NA,NA,NA,NA,NA,NA,NA,NA,18.5064487457275,2.63648979958968
10,"Cataluna",1979,7.01099691034147,NA,NA,NA,NA,NA,NA,NA,NA,NA,NA,NA,NA,17.6833438873291,2.52222959351837
10,"Cataluna",1980,7.07883467098128,NA,NA,NA,NA,NA,NA,NA,NA,NA,NA,NA,NA,15.899486541748,2.24605987860203
10,"Cataluna",1981,7.1822335603611,NA,NA,NA,NA,NA,NA,NA,NA,NA,NA,NA,NA,13.670280456543,1.90334668758052
10,"Cataluna",1982,7.28720365609826,NA,NA,NA,NA,NA,NA,NA,NA,NA,NA,NA,NA,13.7905778884888,1.89243755757371
10,"Cataluna",1983,7.3978863181948,NA,NA,NA,NA,NA,NA,NA,NA,NA,NA,NA,NA,15.8484268188477,2.14229120821566
10,"Cataluna",1984,7.48429002846285,NA,NA,NA,NA,NA,NA,NA,NA,NA,NA,NA,NA,13.6417980194092,1.82272439570477
10,"Cataluna",1985,7.5699798313763,NA,NA,NA,NA,NA,NA,NA,NA,NA,NA,NA,NA,13.1108713150024,1.73195591098672
10,"Cataluna",1986,8.07769173930216,NA,NA,NA,NA,NA,NA,NA,NA,NA,NA,NA,NA,14.9053049087524,1.8452430954044
10,"Cataluna",1987,8.58397583251883,NA,NA,NA,NA,NA,NA,NA,NA,NA,NA,NA,NA,18.1826725006104,2.11821105457084
10,"Cataluna",1988,9.05741234228836,NA,NA,NA,NA,NA,NA,NA,NA,NA,NA,NA,NA,17.6598262786865,1.94976507762975
10,"Cataluna",1989,9.52584975721223,NA,NA,NA,NA,NA,NA,NA,NA,NA,NA,NA,NA,18.4189586639404,1.93357644025354
10,"Cataluna",1990,9.78506175969812,NA,NA,NA,NA,NA,NA,NA,NA,NA,NA,NA,NA,18.870548248291,1.92850578889685
10,"Cataluna",1991,10.0506998000571,NA,NA,NA,NA,NA,NA,NA,NA,NA,NA,NA,NA,19.4772415161133,1.93789904221421
10,"Cataluna",1992,9.83790310748268,NA,NA,NA,NA,NA,NA,NA,NA,NA,NA,NA,NA,21.0941829681396,2.14417470244197
10,"Cataluna",1993,9.62510728658999,NA,NA,NA,NA,NA,NA,NA,NA,NA,NA,NA,NA,18.3188209533691,1.90323291033769
10,"Cataluna",1994,10.0064270838912,NA,NA,NA,NA,NA,NA,NA,NA,NA,NA,NA,NA,17.8029975891113,1.77915628024426
10,"Cataluna",1995,10.33990288489,NA,NA,NA,NA,NA,NA,NA,NA,NA,NA,NA,NA,18.3809680938721,1.77767318499022
10,"Cataluna",1996,10.5762637502566,NA,NA,NA,NA,NA,NA,NA,NA,NA,NA,NA,NA,NA,NA
10,"Cataluna",1997,11.0454159442168,NA,NA,NA,NA,NA,NA,NA,NA,NA,NA,NA,NA,NA,NA
11,"Comunidad Valenciana",1955,2.57597822218206,NA,NA,NA,NA,NA,NA,NA,NA,NA,NA,NA,NA,NA,NA
11,"Comunidad Valenciana",1956,2.73850328477578,NA,NA,NA,NA,NA,NA,NA,NA,NA,NA,NA,NA,NA,NA
11,"Comunidad Valenciana",1957,2.89988579051354,NA,NA,NA,NA,NA,NA,NA,NA,NA,NA,NA,NA,NA,NA
11,"Comunidad Valenciana",1958,2.96351049532723,NA,NA,NA,NA,NA,NA,NA,NA,NA,NA,NA,NA,NA,NA
11,"Comunidad Valenciana",1959,3.02620685907542,NA,NA,NA,NA,NA,NA,NA,NA,NA,NA,NA,NA,NA,NA
11,"Comunidad Valenciana",1960,3.21929439140435,NA,NA,NA,NA,NA,NA,NA,NA,NA,NA,NA,NA,NA,NA
11,"Comunidad Valenciana",1961,3.36246790119118,23.6499996185303,3.01999998092651,27.6800003051758,4.53000020980835,36.1800003051758,4.96000003814697,NA,NA,NA,NA,NA,NA,NA,NA
11,"Comunidad Valenciana",1962,3.56998002314629,NA,NA,NA,NA,NA,NA,NA,NA,NA,NA,NA,NA,NA,NA
11,"Comunidad Valenciana",1963,3.76521014922076,21.7800006866455,2.75,27.2099990844727,5.42000007629395,38.3300018310547,4.5,NA,NA,NA,NA,NA,NA,NA,NA
11,"Comunidad Valenciana",1964,3.82369302130195,NA,NA,NA,NA,NA,NA,265.352386474609,1625.75366210938,84.9697952270508,29.6055355072021,15.6832036972046,NA,19.6991195678711,5.15185697652152
11,"Comunidad Valenciana",1965,3.8741786491527,18.2700004577637,2.59999990463257,28.1800003051758,6.67000007629395,39.2400016784668,5.05000019073486,266.080993652344,1650.5283203125,89.9331130981445,31.188289642334,16.0734405517578,NA,21.8730087280273,5.64584411532263
11,"Comunidad Valenciana",1966,3.97814892592072,NA,NA,NA,NA,NA,NA,266.74658203125,1677.83056640625,95.4620513916016,32.992431640625,16.4965915679932,NA,24.0267810821533,6.03968869179337
11,"Comunidad Valenciana",1967,4.07340761526283,15.4799995422363,2.4300000667572,28.6399993896484,6.88000011444092,40.5,6.07000017166138,267.350677490234,1711.10729980469,101.888916015625,35.0352592468262,17.0129070281982,NA,24.6811904907227,6.0591015733961
11,"Comunidad Valenciana",1968,4.27977739828241,NA,NA,NA,NA,NA,NA,267.894744873047,1738.71472167969,117.650833129883,37.2143325805664,17.2655029296875,NA,25.7572746276855,6.01836783334167
11,"Comunidad Valenciana",1969,4.48628970126839,13.7299995422363,2.69000005722046,28.5200004577637,7.34999990463257,41.0699996948242,6.6399998664856,268.380218505859,1766.76818847656,133.849853515625,39.6187858581543,18.4009895324707,128.699996948242,26.178804397583,5.83529066127442
11,"Comunidad Valenciana",1970,4.65474132809153,NA,NA,NA,NA,NA,NA,NA,NA,NA,NA,NA,NA,24.8410549163818,5.33672081120066
11,"Comunidad Valenciana",1971,4.81712387071886,NA,NA,NA,NA,NA,NA,NA,NA,NA,NA,NA,NA,23.1996517181396,4.81607954056568
11,"Comunidad Valenciana",1972,5.13888906322524,NA,NA,NA,NA,NA,NA,NA,NA,NA,NA,NA,NA,23.7017269134521,4.61222778344559
11,"Comunidad Valenciana",1973,5.44937164297924,NA,NA,NA,NA,NA,NA,NA,NA,NA,NA,NA,NA,25.9421882629395,4.7605834144864
11,"Comunidad Valenciana",1974,5.55798362507476,NA,NA,NA,NA,NA,NA,NA,NA,NA,NA,NA,NA,26.4274501800537,4.75486290762475
11,"Comunidad Valenciana",1975,5.65595542386885,NA,NA,NA,NA,NA,NA,NA,NA,NA,NA,NA,NA,25.3052940368652,4.47409714901105
11,"Comunidad Valenciana",1976,5.76135395118694,NA,NA,NA,NA,NA,NA,NA,NA,NA,NA,NA,NA,24.5974979400635,4.26939537970861
11,"Comunidad Valenciana",1977,5.86103991214564,NA,NA,NA,NA,NA,NA,NA,NA,NA,NA,NA,NA,23.1891632080078,3.95649296978062
11,"Comunidad Valenciana",1978,5.81091123797219,NA,NA,NA,NA,NA,NA,NA,NA,NA,NA,NA,NA,22.0904788970947,3.80155159706132
11,"Comunidad Valenciana",1979,5.77549262919858,NA,NA,NA,NA,NA,NA,NA,NA,NA,NA,NA,NA,20.7497692108154,3.59272715645292
11,"Comunidad Valenciana",1980,5.79098807985665,NA,NA,NA,NA,NA,NA,NA,NA,NA,NA,NA,NA,21.2112274169922,3.66279935729332
11,"Comunidad Valenciana",1981,5.8996715398558,NA,NA,NA,NA,NA,NA,NA,NA,NA,NA,NA,NA,19.3309440612793,3.27661360987425
11,"Comunidad Valenciana",1982,6.01813788415364,NA,NA,NA,NA,NA,NA,NA,NA,NA,NA,NA,NA,18.8458118438721,3.13150217004748
11,"Comunidad Valenciana",1983,6.13981724738802,NA,NA,NA,NA,NA,NA,NA,NA,NA,NA,NA,NA,19.3196887969971,3.14662277695903
11,"Comunidad Valenciana",1984,6.23686070511662,NA,NA,NA,NA,NA,NA,NA,NA,NA,NA,NA,NA,17.531343460083,2.8109243237869
11,"Comunidad Valenciana",1985,6.33611823449439,NA,NA,NA,NA,NA,NA,NA,NA,NA,NA,NA,NA,17.1207828521729,2.70209333515366
11,"Comunidad Valenciana",1986,6.73936039200853,NA,NA,NA,NA,NA,NA,NA,NA,NA,NA,NA,NA,18.4207916259766,2.73331452163024
11,"Comunidad Valenciana",1987,7.14438731790917,NA,NA,NA,NA,NA,NA,NA,NA,NA,NA,NA,NA,19.7567386627197,2.76535100682386
11,"Comunidad Valenciana",1988,7.56069729240306,NA,NA,NA,NA,NA,NA,NA,NA,NA,NA,NA,NA,22.3779983520508,2.95977969843285
11,"Comunidad Valenciana",1989,7.96915167095116,NA,NA,NA,NA,NA,NA,NA,NA,NA,NA,NA,NA,23.738317489624,2.97877596885927
11,"Comunidad Valenciana",1990,8.13838868303253,NA,NA,NA,NA,NA,NA,NA,NA,NA,NA,NA,NA,24.6734676361084,3.03173866438074
11,"Comunidad Valenciana",1991,8.30619788040471,NA,NA,NA,NA,NA,NA,NA,NA,NA,NA,NA,NA,22.7543029785156,2.73943665996637
11,"Comunidad Valenciana",1992,8.0805482404023,NA,NA,NA,NA,NA,NA,NA,NA,NA,NA,NA,NA,21.4616050720215,2.65595903068985
11,"Comunidad Valenciana",1993,7.85704119414542,NA,NA,NA,NA,NA,NA,NA,NA,NA,NA,NA,NA,20.1841773986816,2.56892854446552
11,"Comunidad Valenciana",1994,8.06840920032892,NA,NA,NA,NA,NA,NA,NA,NA,NA,NA,NA,NA,20.6151676177979,2.55504735889665
11,"Comunidad Valenciana",1995,8.28906061716742,NA,NA,NA,NA,NA,NA,NA,NA,NA,NA,NA,NA,21.7886962890625,2.62860863195234
11,"Comunidad Valenciana",1996,8.42973436161097,NA,NA,NA,NA,NA,NA,NA,NA,NA,NA,NA,NA,NA,NA
11,"Comunidad Valenciana",1997,8.72536435599873,NA,NA,NA,NA,NA,NA,NA,NA,NA,NA,NA,NA,NA,NA
12,"Extremadura",1955,1.24343048331057,NA,NA,NA,NA,NA,NA,NA,NA,NA,NA,NA,NA,NA,NA
12,"Extremadura",1956,1.3325478478317,NA,NA,NA,NA,NA,NA,NA,NA,NA,NA,NA,NA,NA,NA
12,"Extremadura",1957,1.42245070657128,NA,NA,NA,NA,NA,NA,NA,NA,NA,NA,NA,NA,NA,NA
12,"Extremadura",1958,1.4402313799015,NA,NA,NA,NA,NA,NA,NA,NA,NA,NA,NA,NA,NA,NA
12,"Extremadura",1959,1.45808342217514,NA,NA,NA,NA,NA,NA,NA,NA,NA,NA,NA,NA,NA,NA
12,"Extremadura",1960,1.53584691396069,NA,NA,NA,NA,NA,NA,NA,NA,NA,NA,NA,NA,NA,NA
12,"Extremadura",1961,1.59625816399695,46.5,1.60000002384186,10.6999998092651,7.98999977111816,26.6100006103516,6.6100001335144,NA,NA,NA,NA,NA,NA,NA,NA
12,"Extremadura",1962,1.70558416240728,NA,NA,NA,NA,NA,NA,NA,NA,NA,NA,NA,NA,NA,NA
12,"Extremadura",1963,1.81769496609367,42.4500007629395,1.97000002861023,10.9700002670288,8.18000030517578,30.1299991607666,6.30999994277954,NA,NA,NA,NA,NA,NA,NA,NA
12,"Extremadura",1964,1.88281929040085,NA,NA,NA,NA,NA,NA,198.069030761719,713.536682128906,20.4298152923584,9.42423725128174,4.34637928009033,NA,16.0566520690918,8.52798362060195
12,"Extremadura",1965,1.9488718468133,37.5800018310547,2.9300000667572,10.8599996566772,9.39000034332275,32,7.26000022888184,189.69157409668,703.732543945312,21.3291072845459,10.0519132614136,4.4210057258606,NA,18.0707759857178,9.27242908006816
12,"Extremadura",1966,2.03263348969212,NA,NA,NA,NA,NA,NA,181.497375488281,695.042297363281,22.3267841339111,10.7636795043945,4.50280570983887,NA,18.9422512054443,9.3190687359547
12,"Extremadura",1967,2.11760916733054,33.0499992370605,3.13000011444092,11.0299997329712,9.25,34.1100006103516,9.43000030517578,173.483093261719,688.875,23.4936294555664,11.5677585601807,4.60787534713745,NA,21.0937271118164,9.96110492778381
12,"Extremadura",1968,2.24550122432932,NA,NA,NA,NA,NA,NA,165.645462036133,681.676818847656,26.7379055023193,12.4326190948486,4.6397008895874,NA,23.2899532318115,10.3718283381331
12,"Extremadura",1969,2.38196234878762,30.1599998474121,3.59999990463257,10.8699998855591,9.03999996185303,35.75,10.5799999237061,157.981262207031,674.467956542969,29.9734573364258,13.3898468017578,4.90563201904297,28.9699993133545,23.9835433959961,10.0688171700965
12,"Extremadura",1970,2.51849473322912,NA,NA,NA,NA,NA,NA,NA,NA,NA,NA,NA,NA,21.9763240814209,8.72597579477312
12,"Extremadura",1971,2.65402751662192,NA,NA,NA,NA,NA,NA,NA,NA,NA,NA,NA,NA,20.9220218658447,7.8831216838605
12,"Extremadura",1972,2.84640092367582,NA,NA,NA,NA,NA,NA,NA,NA,NA,NA,NA,NA,21.5212917327881,7.56087856555204
12,"Extremadura",1973,3.04562988978595,NA,NA,NA,NA,NA,NA,NA,NA,NA,NA,NA,NA,23.5006084442139,7.71617343362278
12,"Extremadura",1974,3.10304190083525,NA,NA,NA,NA,NA,NA,NA,NA,NA,NA,NA,NA,22.9990043640137,7.41176081374311
12,"Extremadura",1975,3.15674098346343,NA,NA,NA,NA,NA,NA,NA,NA,NA,NA,NA,NA,23.8751811981201,7.5632373144297
12,"Extremadura",1976,3.26256794236245,NA,NA,NA,NA,NA,NA,NA,NA,NA,NA,NA,NA,25.0869369506836,7.68932245822227
12,"Extremadura",1977,3.36539566227451,NA,NA,NA,NA,NA,NA,NA,NA,NA,NA,NA,NA,24.5106010437012,7.28312611752036
12,"Extremadura",1978,3.48707502550889,NA,NA,NA,NA,NA,NA,NA,NA,NA,NA,NA,NA,26.2648887634277,7.53206873132725
12,"Extremadura",1979,3.51585250893718,NA,NA,NA,NA,NA,NA,NA,NA,NA,NA,NA,NA,25.247013092041,7.18090791006277
12,"Extremadura",1980,3.53956007337747,NA,NA,NA,NA,NA,NA,NA,NA,NA,NA,NA,NA,36.3258094787598,10.26280349131
12,"Extremadura",1981,3.57276482842235,NA,NA,NA,NA,NA,NA,NA,NA,NA,NA,NA,NA,39.4098014831543,11.030617288224
12,"Extremadura",1982,3.61096824247202,NA,NA,NA,NA,NA,NA,NA,NA,NA,NA,NA,NA,36.0924377441406,9.99522436105178
12,"Extremadura",1983,3.64895744073122,NA,NA,NA,NA,NA,NA,NA,NA,NA,NA,NA,NA,28.8806972503662,7.9147805145622
12,"Extremadura",1984,3.73714635522663,NA,NA,NA,NA,NA,NA,NA,NA,NA,NA,NA,NA,28.9459609985352,7.74547161045819
12,"Extremadura",1985,3.82847768243671,NA,NA,NA,NA,NA,NA,NA,NA,NA,NA,NA,NA,24.619384765625,6.43059377845334
12,"Extremadura",1986,4.16173948556551,NA,NA,NA,NA,NA,NA,NA,NA,NA,NA,NA,NA,26.492696762085,6.36577490108924
12,"Extremadura",1987,4.49857169714903,NA,NA,NA,NA,NA,NA,NA,NA,NA,NA,NA,NA,23.0931091308594,5.13343138345325
12,"Extremadura",1988,4.76949430812737,NA,NA,NA,NA,NA,NA,NA,NA,NA,NA,NA,NA,23.0579814910889,4.83447091063666
12,"Extremadura",1989,5.05141405608442,NA,NA,NA,NA,NA,NA,NA,NA,NA,NA,NA,NA,25.2050437927246,4.98970060915224
12,"Extremadura",1990,5.23407583882284,NA,NA,NA,NA,NA,NA,NA,NA,NA,NA,NA,NA,27.0556392669678,5.16913397897052
12,"Extremadura",1991,5.39831462774029,NA,NA,NA,NA,NA,NA,NA,NA,NA,NA,NA,NA,29.6530513763428,5.49302021485832
12,"Extremadura",1992,5.36546704429315,NA,NA,NA,NA,NA,NA,NA,NA,NA,NA,NA,NA,28.14089012146,5.24481650696026
12,"Extremadura",1993,5.33261946084601,NA,NA,NA,NA,NA,NA,NA,NA,NA,NA,NA,NA,24.5728073120117,4.60801815926188
12,"Extremadura",1994,5.43987423445422,NA,NA,NA,NA,NA,NA,NA,NA,NA,NA,NA,NA,21.8011627197266,4.00765932815979
12,"Extremadura",1995,5.50135656344281,NA,NA,NA,NA,NA,NA,NA,NA,NA,NA,NA,NA,24.2228889465332,4.40307561729361
12,"Extremadura",1996,5.90581253779612,NA,NA,NA,NA,NA,NA,NA,NA,NA,NA,NA,NA,NA,NA
12,"Extremadura",1997,6.22457870923598,NA,NA,NA,NA,NA,NA,NA,NA,NA,NA,NA,NA,NA,NA
13,"Galicia",1955,1.63467579383708,NA,NA,NA,NA,NA,NA,NA,NA,NA,NA,NA,NA,NA,NA
13,"Galicia",1956,1.72557836258558,NA,NA,NA,NA,NA,NA,NA,NA,NA,NA,NA,NA,NA,NA
13,"Galicia",1957,1.81648104029429,NA,NA,NA,NA,NA,NA,NA,NA,NA,NA,NA,NA,NA,NA
13,"Galicia",1958,1.84090251208918,NA,NA,NA,NA,NA,NA,NA,NA,NA,NA,NA,NA,NA,NA
13,"Galicia",1959,1.86539567970814,NA,NA,NA,NA,NA,NA,NA,NA,NA,NA,NA,NA,NA,NA
13,"Galicia",1960,1.98329041869734,NA,NA,NA,NA,NA,NA,NA,NA,NA,NA,NA,NA,NA,NA
13,"Galicia",1961,2.00578416629847,33.25,5.26000022888184,17.4400005340576,5.82999992370605,31.4099998474121,6.80999994277954,NA,NA,NA,NA,NA,NA,NA,NA
13,"Galicia",1962,2.18566114376082,NA,NA,NA,NA,NA,NA,NA,NA,NA,NA,NA,NA,NA,NA
13,"Galicia",1963,2.36639542022592,32.3800010681152,5.23999977111816,17.4400005340576,6.44000005722046,32.4300003051758,6.07000017166138,NA,NA,NA,NA,NA,NA,NA,NA
13,"Galicia",1964,2.45879739054746,NA,NA,NA,NA,NA,NA,235.295440673828,1684.7021484375,63.6056671142578,25.5104503631592,13.0256786346436,NA,15.5867547988892,6.33917819288833
13,"Galicia",1965,2.54970006825617,29.1700000762939,5.32999992370605,17.8400001525879,7.40000009536743,33.6300010681152,6.65000009536743,235.123489379883,1674.84020996094,67.2105178833008,26.8081111907959,13.1926946640015,NA,19.1050872802734,7.49307242766797
13,"Galicia",1966,2.66966570516683,NA,NA,NA,NA,NA,NA,234.916793823242,1667.1708984375,71.2246398925781,28.2892608642578,13.3779163360596,NA,21.5290145874023,8.06431102805697
13,"Galicia",1967,2.78784635577056,26.5300006866455,5.17999982833862,18.2299995422363,7.3600001335144,34.7900009155273,7.92000007629395,234.676239013672,1664.88940429688,75.8933563232422,29.9673519134521,13.6285676956177,NA,22.2095241546631,7.96655242807467
13,"Galicia",1968,2.9783632986139,NA,NA,NA,NA,NA,NA,234.402770996094,1658.34289550781,87.4872055053711,31.753547668457,13.6594495773315,NA,22.6949615478516,7.61994400025462
13,"Galicia",1969,3.17737783101313,22.9799995422363,5.63000011444092,18.4599990844727,8.13000011444092,36.310001373291,8.48999977111816,234.097274780273,1651.63696289062,99.365478515625,33.7229232788086,14.3740549087524,91.0199966430664,22.5122718811035,7.08517308246132
13,"Galicia",1970,3.36196799170661,NA,NA,NA,NA,NA,NA,NA,NA,NA,NA,NA,NA,21.0963020324707,6.27498598574157
13,"Galicia",1971,3.53477584808358,NA,NA,NA,NA,NA,NA,NA,NA,NA,NA,NA,NA,21.0592098236084,5.95772143091502
13,"Galicia",1972,3.78320471146079,NA,NA,NA,NA,NA,NA,NA,NA,NA,NA,NA,NA,22.6944522857666,5.9987375827209
13,"Galicia",1973,4.0299913264179,NA,NA,NA,NA,NA,NA,NA,NA,NA,NA,NA,NA,23.0349578857422,5.71588274514155
13,"Galicia",1974,4.13239083266946,NA,NA,NA,NA,NA,NA,NA,NA,NA,NA,NA,NA,24.3730659484863,5.89805440371227
13,"Galicia",1975,4.23100549675539,NA,NA,NA,NA,NA,NA,NA,NA,NA,NA,NA,NA,21.5215072631836,5.08661765617834
13,"Galicia",1976,4.359040291641,NA,NA,NA,NA,NA,NA,NA,NA,NA,NA,NA,NA,22.5404987335205,5.17097737700307
13,"Galicia",1977,4.48564683597655,NA,NA,NA,NA,NA,NA,NA,NA,NA,NA,NA,NA,22.460054397583,5.00709378577133
13,"Galicia",1978,4.52170787420112,NA,NA,NA,NA,NA,NA,NA,NA,NA,NA,NA,NA,20.8565540313721,4.61253902543559
13,"Galicia",1979,4.55748343665203,NA,NA,NA,NA,NA,NA,NA,NA,NA,NA,NA,NA,19.8971176147461,4.36581238117734
13,"Galicia",1980,4.58169091057689,NA,NA,NA,NA,NA,NA,NA,NA,NA,NA,NA,NA,21.4147644042969,4.67398714192191
13,"Galicia",1981,4.61875176777059,NA,NA,NA,NA,NA,NA,NA,NA,NA,NA,NA,NA,22.2603149414062,4.81955213456968
13,"Galicia",1982,4.71079700233527,NA,NA,NA,NA,NA,NA,NA,NA,NA,NA,NA,NA,18.9320793151855,4.01886969568003
13,"Galicia",1983,4.80634116745104,NA,NA,NA,NA,NA,NA,NA,NA,NA,NA,NA,NA,17.9381408691406,3.73218218270049
13,"Galicia",1984,4.89931430724034,NA,NA,NA,NA,NA,NA,NA,NA,NA,NA,NA,NA,19.6235446929932,4.00536553941701
13,"Galicia",1985,4.99778645135988,NA,NA,NA,NA,NA,NA,NA,NA,NA,NA,NA,NA,21.136173248291,4.22910691643096
13,"Galicia",1986,5.2779205592487,NA,NA,NA,NA,NA,NA,NA,NA,NA,NA,NA,NA,17.2311058044434,3.26475277735067
13,"Galicia",1987,5.56576687143517,NA,NA,NA,NA,NA,NA,NA,NA,NA,NA,NA,NA,17.396068572998,3.12554747168423
13,"Galicia",1988,5.90952590205812,NA,NA,NA,NA,NA,NA,NA,NA,NA,NA,NA,NA,18.4397640228271,3.12034574827823
13,"Galicia",1989,6.25449874952023,NA,NA,NA,NA,NA,NA,NA,NA,NA,NA,NA,NA,20.4401321411133,3.26806878691617
13,"Galicia",1990,6.45322780614579,NA,NA,NA,NA,NA,NA,NA,NA,NA,NA,NA,NA,21.5044841766357,3.33236092427355
13,"Galicia",1991,6.64160259108447,NA,NA,NA,NA,NA,NA,NA,NA,NA,NA,NA,NA,21.5099925994873,3.23867504935658
13,"Galicia",1992,6.54448721961136,NA,NA,NA,NA,NA,NA,NA,NA,NA,NA,NA,NA,21.2633037567139,3.24904045850923
13,"Galicia",1993,6.44751480394553,NA,NA,NA,NA,NA,NA,NA,NA,NA,NA,NA,NA,20.2256679534912,3.13697115377141
13,"Galicia",1994,6.55648373971834,NA,NA,NA,NA,NA,NA,NA,NA,NA,NA,NA,NA,20.7619285583496,3.166625493567
13,"Galicia",1995,6.68866033044688,NA,NA,NA,NA,NA,NA,NA,NA,NA,NA,NA,NA,22.0208110809326,3.29226033211667
13,"Galicia",1996,6.86246800579299,NA,NA,NA,NA,NA,NA,NA,NA,NA,NA,NA,NA,NA,NA
13,"Galicia",1997,7.13853179574251,NA,NA,NA,NA,NA,NA,NA,NA,NA,NA,NA,NA,NA,NA
14,"Madrid (Comunidad De)",1955,4.5944728159421,NA,NA,NA,NA,NA,NA,NA,NA,NA,NA,NA,NA,NA,NA
14,"Madrid (Comunidad De)",1956,4.78663244304641,NA,NA,NA,NA,NA,NA,NA,NA,NA,NA,NA,NA,NA,NA
14,"Madrid (Comunidad De)",1957,4.96343913945904,NA,NA,NA,NA,NA,NA,NA,NA,NA,NA,NA,NA,NA,NA
14,"Madrid (Comunidad De)",1958,4.90616964837613,NA,NA,NA,NA,NA,NA,NA,NA,NA,NA,NA,NA,NA,NA
14,"Madrid (Comunidad De)",1959,4.84640104571127,NA,NA,NA,NA,NA,NA,NA,NA,NA,NA,NA,NA,NA,NA
14,"Madrid (Comunidad De)",1960,5.16109689921183,NA,NA,NA,NA,NA,NA,NA,NA,NA,NA,NA,NA,NA,NA
14,"Madrid (Comunidad De)",1961,5.63260481310585,2.41000008583069,2.45000004768372,23.0799999237061,8.14000034332275,53.3699989318848,10.5600004196167,NA,NA,NA,NA,NA,NA,NA,NA
14,"Madrid (Comunidad De)",1962,5.84083127825644,NA,NA,NA,NA,NA,NA,NA,NA,NA,NA,NA,NA,NA,NA
14,"Madrid (Comunidad De)",1963,6.02449287996398,2.35999989509583,2.19000005722046,23.1900005340576,8.23999977111816,54.7400016784668,9.27999973297119,NA,NA,NA,NA,NA,NA,NA,NA
14,"Madrid (Comunidad De)",1964,6.09932893754686,NA,NA,NA,NA,NA,NA,122.863471984863,1709.73864746094,220.303680419922,55.36328125,51.7932586669922,NA,14.7288694381714,2.41483441686542
14,"Madrid (Comunidad De)",1965,6.15202820120591,1.76999998092651,2.07999992370605,24.9300003051758,8.67000007629395,51.7000007629395,10.8500003814697,127.15397644043,1765.89123535156,233.303817749023,57.7607727050781,53.8703651428223,NA,15.7073917388916,2.55320541863132
14,"Madrid (Comunidad De)",1966,6.11046859449198,NA,NA,NA,NA,NA,NA,131.313262939453,1826.0283203125,247.787292480469,60.510440826416,56.1019859313965,NA,16.8277263641357,2.75391749485537
14,"Madrid (Comunidad De)",1967,6.057340899252,1.46000003814697,1.87000000476837,24.2800006866455,8.56999969482422,51.8199996948242,12.0100002288818,135.343994140625,1893.69494628906,264.619781494141,63.6322860717773,58.7012596130371,NA,16.7447471618652,2.7643725919294
14,"Madrid (Comunidad De)",1968,6.2531419768738,NA,NA,NA,NA,NA,NA,139.248809814453,1944.68811035156,305.730285644531,66.9298782348633,60.433292388916,NA,15.9584579467773,2.55207030414423
14,"Madrid (Comunidad De)",1969,6.43558976174218,1.32000005245209,1.77999997138977,23.6900005340576,8.17000007629395,51.939998626709,13.1099996566772,143.030258178711,1996.40441894531,348.025024414062,70.555290222168,65.3297500610352,442.450012207031,17.4400634765625,2.7099402109561
14,"Madrid (Comunidad De)",1970,6.54334488067583,NA,NA,NA,NA,NA,NA,NA,NA,NA,NA,NA,NA,19.7359714508057,3.01619000842994
14,"Madrid (Comunidad De)",1971,6.67473565030527,NA,NA,NA,NA,NA,NA,NA,NA,NA,NA,NA,NA,16.3634643554688,2.45155242286192
14,"Madrid (Comunidad De)",1972,7.08690382895624,NA,NA,NA,NA,NA,NA,NA,NA,NA,NA,NA,NA,17.7570724487305,2.50561780959651
14,"Madrid (Comunidad De)",1973,7.47500748948961,NA,NA,NA,NA,NA,NA,NA,NA,NA,NA,NA,NA,19.0428199768066,2.54753189258769
14,"Madrid (Comunidad De)",1974,7.65566963428976,NA,NA,NA,NA,NA,NA,NA,NA,NA,NA,NA,NA,18.3821659088135,2.40111796706584
14,"Madrid (Comunidad De)",1975,7.81633801475248,NA,NA,NA,NA,NA,NA,NA,NA,NA,NA,NA,NA,16.2960662841797,2.08487225775327
14,"Madrid (Comunidad De)",1976,7.70708403904688,NA,NA,NA,NA,NA,NA,NA,NA,NA,NA,NA,NA,14.8248138427734,1.92353084093356
14,"Madrid (Comunidad De)",1977,7.59997178540506,NA,NA,NA,NA,NA,NA,NA,NA,NA,NA,NA,NA,15.1333360671997,1.99123582225156
14,"Madrid (Comunidad De)",1978,7.39003159393075,NA,NA,NA,NA,NA,NA,NA,NA,NA,NA,NA,NA,14.932092666626,2.02057223664501
14,"Madrid (Comunidad De)",1979,7.32147992593634,NA,NA,NA,NA,NA,NA,NA,NA,NA,NA,NA,NA,14.4670705795288,1.97597626789622
14,"Madrid (Comunidad De)",1980,7.41716617517763,NA,NA,NA,NA,NA,NA,NA,NA,NA,NA,NA,NA,12.1411733627319,1.63690189433314
14,"Madrid (Comunidad De)",1981,7.53213402476525,NA,NA,NA,NA,NA,NA,NA,NA,NA,NA,NA,NA,10.5835418701172,1.40511863375228
14,"Madrid (Comunidad De)",1982,7.54284525012943,NA,NA,NA,NA,NA,NA,NA,NA,NA,NA,NA,NA,11.082971572876,1.46933566914763
14,"Madrid (Comunidad De)",1983,7.55855469865753,NA,NA,NA,NA,NA,NA,NA,NA,NA,NA,NA,NA,10.7892055511475,1.42741648123069
14,"Madrid (Comunidad De)",1984,7.69922844310108,NA,NA,NA,NA,NA,NA,NA,NA,NA,NA,NA,NA,9.3316707611084,1.21202674138992
14,"Madrid (Comunidad De)",1985,7.83918915187179,NA,NA,NA,NA,NA,NA,NA,NA,NA,NA,NA,NA,10.2985944747925,1.31373210612394
14,"Madrid (Comunidad De)",1986,8.34761496715224,NA,NA,NA,NA,NA,NA,NA,NA,NA,NA,NA,NA,11.6767740249634,1.39881559833693
14,"Madrid (Comunidad De)",1987,8.84961474455959,NA,NA,NA,NA,NA,NA,NA,NA,NA,NA,NA,NA,12.7537307739258,1.44116225870355
14,"Madrid (Comunidad De)",1988,9.25449871465296,NA,NA,NA,NA,NA,NA,NA,NA,NA,NA,NA,NA,13.9098491668701,1.50303647942013
14,"Madrid (Comunidad De)",1989,9.65795487003713,NA,NA,NA,NA,NA,NA,NA,NA,NA,NA,NA,NA,15.5876665115356,1.61397176951974
14,"Madrid (Comunidad De)",1990,9.80648421042649,NA,NA,NA,NA,NA,NA,NA,NA,NA,NA,NA,NA,15.4658737182617,1.57710688014141
14,"Madrid (Comunidad De)",1991,9.96358218243448,NA,NA,NA,NA,NA,NA,NA,NA,NA,NA,NA,NA,16.876277923584,1.69379622856289
14,"Madrid (Comunidad De)",1992,9.84004570122822,NA,NA,NA,NA,NA,NA,NA,NA,NA,NA,NA,NA,16.3416538238525,1.66072946407279
14,"Madrid (Comunidad De)",1993,9.7186518137675,NA,NA,NA,NA,NA,NA,NA,NA,NA,NA,NA,NA,15.5834465026855,1.60345764014407
14,"Madrid (Comunidad De)",1994,9.88217669533035,NA,NA,NA,NA,NA,NA,NA,NA,NA,NA,NA,NA,17.076150894165,1.72797465787412
14,"Madrid (Comunidad De)",1995,10.0985429246778,NA,NA,NA,NA,NA,NA,NA,NA,NA,NA,NA,NA,17.1340103149414,1.69668143639525
14,"Madrid (Comunidad De)",1996,10.322764749971,NA,NA,NA,NA,NA,NA,NA,NA,NA,NA,NA,NA,NA,NA
14,"Madrid (Comunidad De)",1997,10.73264781491,NA,NA,NA,NA,NA,NA,NA,NA,NA,NA,NA,NA,NA,NA
15,"Murcia (Region de)",1955,1.67952011531164,NA,NA,NA,NA,NA,NA,NA,NA,NA,NA,NA,NA,NA,NA
15,"Murcia (Region de)",1956,1.76428168611981,NA,NA,NA,NA,NA,NA,NA,NA,NA,NA,NA,NA,NA,NA
15,"Murcia (Region de)",1957,1.85032844271056,NA,NA,NA,NA,NA,NA,NA,NA,NA,NA,NA,NA,NA,NA
15,"Murcia (Region de)",1958,1.88738929990427,NA,NA,NA,NA,NA,NA,NA,NA,NA,NA,NA,NA,NA,NA
15,"Murcia (Region de)",1959,1.92409320342067,NA,NA,NA,NA,NA,NA,NA,NA,NA,NA,NA,NA,NA,NA
15,"Murcia (Region de)",1960,2.11860898629967,NA,NA,NA,NA,NA,NA,NA,NA,NA,NA,NA,NA,NA,NA
15,"Murcia (Region de)",1961,2.30548404278465,23.8500003814697,9.85999965667725,19.4699993133545,5.23999977111816,34.7099990844727,6.88000011444092,NA,NA,NA,NA,NA,NA,NA,NA
15,"Murcia (Region de)",1962,2.52142249431245,NA,NA,NA,NA,NA,NA,NA,NA,NA,NA,NA,NA,NA,NA
15,"Murcia (Region de)",1963,2.73907445424354,22.3400001525879,9.40999984741211,19.8899993896484,5.73999977111816,35.8199996948242,6.78999996185303,NA,NA,NA,NA,NA,NA,NA,NA
15,"Murcia (Region de)",1964,2.85125684479379,NA,NA,NA,NA,NA,NA,110.026252746582,429.20654296875,24.4162006378174,8.23727226257324,4.22677516937256,NA,16.8633575439453,5.91435933761517
15,"Murcia (Region de)",1965,2.96593834692599,18.5200004577637,11.1999998092651,19.8099994659424,6.51000022888184,36.2299995422363,7.73999977111816,108.333282470703,429.5390625,25.2321701049805,8.52175331115723,4.29338550567627,NA,18.2309856414795,6.14678510103717
15,"Murcia (Region de)",1966,3.09918601660686,NA,NA,NA,NA,NA,NA,106.665687561035,430.465148925781,26.1326198577881,8.85069179534912,4.36662483215332,NA,24.4878005981445,7.90136521877927
15,"Murcia (Region de)",1967,3.22729228939611,17.3700008392334,10.7700004577637,18.8600006103516,6.36999988555908,36.939998626709,9.69999980926514,105.023094177246,432.902587890625,27.1941242218018,9.22547721862793,4.46204042434692,NA,24.7873210906982,7.68053181056508
15,"Murcia (Region de)",1968,3.46115404318074,NA,NA,NA,NA,NA,NA,103.405128479004,433.731048583984,30.591402053833,9.61625862121582,4.48619937896729,NA,19.002290725708,5.49016035941735
15,"Murcia (Region de)",1969,3.70615545391049,14.6800003051758,9.89999961853027,20.1900005340576,7.59000015258789,37.189998626709,10.4499998092651,101.81143951416,434.636444091797,33.8780860900879,10.0437860488892,4.73614072799683,73.3600006103516,20.8658714294434,5.63005834183967
15,"Murcia (Region de)",1970,3.90638380314888,NA,NA,NA,NA,NA,NA,NA,NA,NA,NA,NA,NA,21.7672672271729,5.57222954120038
15,"Murcia (Region de)",1971,4.08647543224257,NA,NA,NA,NA,NA,NA,NA,NA,NA,NA,NA,NA,21.0152168273926,5.14262649460243
15,"Murcia (Region de)",1972,4.37946292340023,NA,NA,NA,NA,NA,NA,NA,NA,NA,NA,NA,NA,21.2000560760498,4.8407890298087
15,"Murcia (Region de)",1973,4.66695228190941,NA,NA,NA,NA,NA,NA,NA,NA,NA,NA,NA,NA,23.0234603881836,4.93329672073782
15,"Murcia (Region de)",1974,4.69780066325916,NA,NA,NA,NA,NA,NA,NA,NA,NA,NA,NA,NA,24.4522171020508,5.20503504827017
15,"Murcia (Region de)",1975,4.72272204453861,NA,NA,NA,NA,NA,NA,NA,NA,NA,NA,NA,NA,22.6638603210449,4.79889777702534
15,"Murcia (Region de)",1976,4.78434732933448,NA,NA,NA,NA,NA,NA,NA,NA,NA,NA,NA,NA,22.5997066497803,4.72367599885855
15,"Murcia (Region de)",1977,4.84454436358027,NA,NA,NA,NA,NA,NA,NA,NA,NA,NA,NA,NA,22.6332473754883,4.67190424462572
15,"Murcia (Region de)",1978,4.8646100416622,NA,NA,NA,NA,NA,NA,NA,NA,NA,NA,NA,NA,21.8282051086426,4.48714386594162
15,"Murcia (Region de)",1979,4.83640372770168,NA,NA,NA,NA,NA,NA,NA,NA,NA,NA,NA,NA,21.6917476654053,4.48509861597378
15,"Murcia (Region de)",1980,4.76321035437978,NA,NA,NA,NA,NA,NA,NA,NA,NA,NA,NA,NA,21.4614429473877,4.50566768012962
15,"Murcia (Region de)",1981,4.70808345704241,NA,NA,NA,NA,NA,NA,NA,NA,NA,NA,NA,NA,21.5449638366699,4.57616438477587
15,"Murcia (Region de)",1982,4.81112539274493,NA,NA,NA,NA,NA,NA,NA,NA,NA,NA,NA,NA,21.812520980835,4.53376688409073
15,"Murcia (Region de)",1983,4.90688355573073,NA,NA,NA,NA,NA,NA,NA,NA,NA,NA,NA,NA,20.5108871459961,4.18002320883313
15,"Murcia (Region de)",1984,5.03199080745345,NA,NA,NA,NA,NA,NA,NA,NA,NA,NA,NA,NA,17.9793586730957,3.57301103302185
15,"Murcia (Region de)",1985,5.15459851175334,NA,NA,NA,NA,NA,NA,NA,NA,NA,NA,NA,NA,18.2883014678955,3.54795847362217
15,"Murcia (Region de)",1986,5.4715080010622,NA,NA,NA,NA,NA,NA,NA,NA,NA,NA,NA,NA,19.2614326477051,3.5203151752617
15,"Murcia (Region de)",1987,5.78856044617832,NA,NA,NA,NA,NA,NA,NA,NA,NA,NA,NA,NA,21.5431385040283,3.72167462088979
15,"Murcia (Region de)",1988,6.12489274827728,NA,NA,NA,NA,NA,NA,NA,NA,NA,NA,NA,NA,23.6007595062256,3.8532526978311
15,"Murcia (Region de)",1989,6.45044278294929,NA,NA,NA,NA,NA,NA,NA,NA,NA,NA,NA,NA,26.3808155059814,4.08976815912776
15,"Murcia (Region de)",1990,6.57819210206124,NA,NA,NA,NA,NA,NA,NA,NA,NA,NA,NA,NA,27.4517707824707,4.17314823838435
15,"Murcia (Region de)",1991,6.71036825694891,NA,NA,NA,NA,NA,NA,NA,NA,NA,NA,NA,NA,25.5779037475586,3.81169896615904
15,"Murcia (Region de)",1992,6.66288208600556,NA,NA,NA,NA,NA,NA,NA,NA,NA,NA,NA,NA,23.1358852386475,3.47235399636459
15,"Murcia (Region de)",1993,6.61632382028684,NA,NA,NA,NA,NA,NA,NA,NA,NA,NA,NA,NA,21.1626472473145,3.19855070914546
15,"Murcia (Region de)",1994,6.78484736085449,NA,NA,NA,NA,NA,NA,NA,NA,NA,NA,NA,NA,21.1073265075684,3.11095082688936
15,"Murcia (Region de)",1995,6.88581818071511,NA,NA,NA,NA,NA,NA,NA,NA,NA,NA,NA,NA,23.9480438232422,3.47787919964438
15,"Murcia (Region de)",1996,7.04541570014594,NA,NA,NA,NA,NA,NA,NA,NA,NA,NA,NA,NA,NA,NA
15,"Murcia (Region de)",1997,7.29505838036231,NA,NA,NA,NA,NA,NA,NA,NA,NA,NA,NA,NA,NA,NA
16,"Navarra (Comunidad Foral De)",1955,2.55512715884189,NA,NA,NA,NA,NA,NA,NA,NA,NA,NA,NA,NA,NA,NA
16,"Navarra (Comunidad Foral De)",1956,2.69815771282145,NA,NA,NA,NA,NA,NA,NA,NA,NA,NA,NA,NA,NA,NA
16,"Navarra (Comunidad Foral De)",1957,2.83983149415457,NA,NA,NA,NA,NA,NA,NA,NA,NA,NA,NA,NA,NA,NA
16,"Navarra (Comunidad Foral De)",1958,2.88189079243263,NA,NA,NA,NA,NA,NA,NA,NA,NA,NA,NA,NA,NA,NA
16,"Navarra (Comunidad Foral De)",1959,2.93087690975012,NA,NA,NA,NA,NA,NA,NA,NA,NA,NA,NA,NA,NA,NA
16,"Navarra (Comunidad Foral De)",1960,3.16352462877515,NA,NA,NA,NA,NA,NA,NA,NA,NA,NA,NA,NA,NA,NA
16,"Navarra (Comunidad Foral De)",1961,3.33590405357119,29.2399997711182,3.45000004768372,24.7199993133545,6.23000001907349,29.9099998474121,6.44999980926514,NA,NA,NA,NA,NA,NA,NA,NA
16,"Navarra (Comunidad Foral De)",1962,3.62339341208037,NA,NA,NA,NA,NA,NA,NA,NA,NA,NA,NA,NA,NA,NA
16,"Navarra (Comunidad Foral De)",1963,3.89481571462283,29.7900009155273,2.79999995231628,26.0400009155273,6.46000003814697,29.5400009155273,5.36999988555908,NA,NA,NA,NA,NA,NA,NA,NA
16,"Navarra (Comunidad Foral De)",1964,3.98514722286378,NA,NA,NA,NA,NA,NA,13.3898134231567,274.247863769531,15.8491640090942,5.54356098175049,3.86828541755676,NA,19.1858196258545,4.81433145450203
16,"Navarra (Comunidad Foral De)",1965,4.07297918368189,24.3999996185303,2.6800000667572,28.8500003814697,7.34999990463257,30.5699996948242,6.15999984741211,13.4128046035767,276.363555908203,17.1040096282959,5.88534259796143,3.97963047027588,NA,21.209753036499,5.20742976577794
16,"Navarra (Comunidad Foral De)",1966,4.21001147760796,NA,NA,NA,NA,NA,NA,13.4329719543457,278.747283935547,18.5064468383789,6.27357196807861,4.09997081756592,NA,19.8447246551514,4.71369846868606
16,"Navarra (Comunidad Foral De)",1967,4.35239938421612,22.5200004577637,2.35999989509583,29.8199996948242,7.09000015258789,30.7600002288818,7.44999980926514,13.4503841400146,281.893890380859,20.1286563873291,6.71248388290405,4.24443912506104,NA,17.9839763641357,4.13196831829226
16,"Navarra (Comunidad Foral De)",1968,4.55698352716746,NA,NA,NA,NA,NA,NA,13.4651098251343,283.630767822266,23.6790332794189,7.18329238891602,4.32393074035645,NA,18.7410049438477,4.11259001313457
16,"Navarra (Comunidad Foral De)",1969,4.76570990180261,17.5699996948242,2.41000008583069,32.560001373291,7.78000020980835,31.5599994659424,8.11999988555908,13.4772138595581,285.131011962891,27.4383029937744,7.70386505126953,4.62594985961914,44.1699981689453,22.7656745910645,4.77697448232286
16,"Navarra (Comunidad Foral De)",1970,4.97943449960168,NA,NA,NA,NA,NA,NA,NA,NA,NA,NA,NA,NA,22.24440574646,4.46725541790727
16,"Navarra (Comunidad Foral De)",1971,5.19965704901836,NA,NA,NA,NA,NA,NA,NA,NA,NA,NA,NA,NA,19.5905246734619,3.76765707599127
16,"Navarra (Comunidad Foral De)",1972,5.46679525367194,NA,NA,NA,NA,NA,NA,NA,NA,NA,NA,NA,NA,20.1721096038818,3.689933254832
16,"Navarra (Comunidad Foral De)",1973,5.73050556983719,NA,NA,NA,NA,NA,NA,NA,NA,NA,NA,NA,NA,22.518383026123,3.92956306414738
16,"Navarra (Comunidad Foral De)",1974,5.98478995538105,NA,NA,NA,NA,NA,NA,NA,NA,NA,NA,NA,NA,25.0085678100586,4.17868763925004
16,"Navarra (Comunidad Foral De)",1975,6.22293646081588,NA,NA,NA,NA,NA,NA,NA,NA,NA,NA,NA,NA,27.484489440918,4.41664310956415
16,"Navarra (Comunidad Foral De)",1976,6.29777208255789,NA,NA,NA,NA,NA,NA,NA,NA,NA,NA,NA,NA,27.7473335266113,4.40589674616194
16,"Navarra (Comunidad Foral De)",1977,6.38446170444047,NA,NA,NA,NA,NA,NA,NA,NA,NA,NA,NA,NA,24.1056308746338,3.77567162128454
16,"Navarra (Comunidad Foral De)",1978,6.32419319229104,NA,NA,NA,NA,NA,NA,NA,NA,NA,NA,NA,NA,22.790994644165,3.60377900408647
16,"Navarra (Comunidad Foral De)",1979,6.23964572831312,NA,NA,NA,NA,NA,NA,NA,NA,NA,NA,NA,NA,22.8123836517334,3.65603828246523
16,"Navarra (Comunidad Foral De)",1980,6.20844039328607,NA,NA,NA,NA,NA,NA,NA,NA,NA,NA,NA,NA,19.2924785614014,3.10745973856246
16,"Navarra (Comunidad Foral De)",1981,6.17787792355086,NA,NA,NA,NA,NA,NA,NA,NA,NA,NA,NA,NA,16.8062381744385,2.72039013758607
16,"Navarra (Comunidad Foral De)",1982,6.36203943474298,NA,NA,NA,NA,NA,NA,NA,NA,NA,NA,NA,NA,15.8658895492554,2.49383703323372
16,"Navarra (Comunidad Foral De)",1983,6.54470165332227,NA,NA,NA,NA,NA,NA,NA,NA,NA,NA,NA,NA,14.9711418151855,2.287520899839
16,"Navarra (Comunidad Foral De)",1984,6.79720083463876,NA,NA,NA,NA,NA,NA,NA,NA,NA,NA,NA,NA,13.3959035873413,1.97079708445208
16,"Navarra (Comunidad Foral De)",1985,7.04777185592063,NA,NA,NA,NA,NA,NA,NA,NA,NA,NA,NA,NA,15.864387512207,2.25097915150017
16,"Navarra (Comunidad Foral De)",1986,7.44929985127017,NA,NA,NA,NA,NA,NA,NA,NA,NA,NA,NA,NA,17.9428825378418,2.40866697489461
16,"Navarra (Comunidad Foral De)",1987,7.87917755222838,NA,NA,NA,NA,NA,NA,NA,NA,NA,NA,NA,NA,19.5691547393799,2.48365449435079
16,"Navarra (Comunidad Foral De)",1988,8.34975756089778,NA,NA,NA,NA,NA,NA,NA,NA,NA,NA,NA,NA,20.5950679779053,2.46654682219191
16,"Navarra (Comunidad Foral De)",1989,8.80391334200273,NA,NA,NA,NA,NA,NA,NA,NA,NA,NA,NA,NA,22.3473205566406,2.53833945071034
16,"Navarra (Comunidad Foral De)",1990,9.19737217937732,NA,NA,NA,NA,NA,NA,NA,NA,NA,NA,NA,NA,23.6747093200684,2.57407320899253
16,"Navarra (Comunidad Foral De)",1991,9.59154492410651,NA,NA,NA,NA,NA,NA,NA,NA,NA,NA,NA,NA,23.5686073303223,2.45722743487205
16,"Navarra (Comunidad Foral De)",1992,9.34518674073033,NA,NA,NA,NA,NA,NA,NA,NA,NA,NA,NA,NA,25.5794525146484,2.73717938702736
16,"Navarra (Comunidad Foral De)",1993,9.11739537866413,NA,NA,NA,NA,NA,NA,NA,NA,NA,NA,NA,NA,23.4554958343506,2.57260926615505
16,"Navarra (Comunidad Foral De)",1994,9.36589528410409,NA,NA,NA,NA,NA,NA,NA,NA,NA,NA,NA,NA,25.159740447998,2.68631451503621
16,"Navarra (Comunidad Foral De)",1995,9.75864021412409,NA,NA,NA,NA,NA,NA,NA,NA,NA,NA,NA,NA,25.0543174743652,2.56739842074545
16,"Navarra (Comunidad Foral De)",1996,10.0606971180667,NA,NA,NA,NA,NA,NA,NA,NA,NA,NA,NA,NA,NA,NA
16,"Navarra (Comunidad Foral De)",1997,10.5227076234357,NA,NA,NA,NA,NA,NA,NA,NA,NA,NA,NA,NA,NA,NA
17,"Basque Country (Pais Vasco)",1955,3.85318463000527,NA,NA,NA,NA,NA,NA,NA,NA,NA,NA,NA,NA,NA,NA
17,"Basque Country (Pais Vasco)",1956,3.94565829615088,NA,NA,NA,NA,NA,NA,NA,NA,NA,NA,NA,NA,NA,NA
17,"Basque Country (Pais Vasco)",1957,4.03356173487263,NA,NA,NA,NA,NA,NA,NA,NA,NA,NA,NA,NA,NA,NA
17,"Basque Country (Pais Vasco)",1958,4.02342189689665,NA,NA,NA,NA,NA,NA,NA,NA,NA,NA,NA,NA,NA,NA
17,"Basque Country (Pais Vasco)",1959,4.01378196840523,NA,NA,NA,NA,NA,NA,NA,NA,NA,NA,NA,NA,NA,NA
17,"Basque Country (Pais Vasco)",1960,4.28591839622273,NA,NA,NA,NA,NA,NA,NA,NA,NA,NA,NA,NA,NA,NA
17,"Basque Country (Pais Vasco)",1961,4.57433609579741,7.96000003814697,4.73000001907349,44.2599983215332,5.53000020980835,33.5900001525879,3.94000005722046,NA,NA,NA,NA,NA,NA,NA,NA
17,"Basque Country (Pais Vasco)",1962,4.89895735356304,NA,NA,NA,NA,NA,NA,NA,NA,NA,NA,NA,NA,NA,NA
17,"Basque Country (Pais Vasco)",1963,5.19701498162913,8.10999965667725,4.25,44.4300003051758,5.92000007629395,33.8699989318848,3.4300000667572,NA,NA,NA,NA,NA,NA,NA,NA
17,"Basque Country (Pais Vasco)",1964,5.33890297875272,NA,NA,NA,NA,NA,NA,36.3632392883301,969.140014648438,67.9733352661133,21.6917819976807,12.2613000869751,NA,23.8191528320312,4.4614320445276
17,"Basque Country (Pais Vasco)",1965,5.46515300525185,6.73000001907349,4.05000019073486,46.2200012207031,6.36999988555908,33,3.64000010490417,37.8310432434082,992.827880859375,74.1777114868164,23.062183380127,12.6866369247437,NA,25.4604396820068,4.65868744343299
17,"Basque Country (Pais Vasco)",1966,5.54591562706414,NA,NA,NA,NA,NA,NA,39.2548980712891,1018.14312744141,81.1203002929688,24.6179656982422,13.1446952819824,NA,25.0173454284668,4.51094951866592
17,"Basque Country (Pais Vasco)",1967,5.61489572663949,5.8899998664856,3.75,45.1100006103516,6.48000001907349,34.2200012207031,4.55000019073486,40.6356964111328,1046.98718261719,89.1361541748047,26.3764228820801,13.684739112854,NA,23.4360332489014,4.17390355758714
17,"Basque Country (Pais Vasco)",1968,5.85218493307158,NA,NA,NA,NA,NA,NA,41.9743118286133,1070.11999511719,105.888786315918,28.264331817627,14.0191659927368,NA,23.7783908843994,4.06316463959027
17,"Basque Country (Pais Vasco)",1969,6.08140541736959,5.53000020980835,3.75,45.3899993896484,6.44999980926514,34.0900001525879,4.80000019073486,43.271598815918,1093.23559570312,123.85572052002,30.3524646759033,15.0817813873291,246.889999389648,26.3729362487793,4.33665155318431
17,"Basque Country (Pais Vasco)",1970,6.17009424134957,NA,NA,NA,NA,NA,NA,NA,NA,NA,NA,NA,NA,25.4970436096191,4.13235886070392
17,"Basque Country (Pais Vasco)",1971,6.28363340454625,NA,NA,NA,NA,NA,NA,NA,NA,NA,NA,NA,NA,22.7163124084473,3.6151555868953
17,"Basque Country (Pais Vasco)",1972,6.55555539865284,NA,NA,NA,NA,NA,NA,NA,NA,NA,NA,NA,NA,24.5688056945801,3.74778400921285
17,"Basque Country (Pais Vasco)",1973,6.81076856110308,NA,NA,NA,NA,NA,NA,NA,NA,NA,NA,NA,NA,23.0518627166748,3.38461988685478
17,"Basque Country (Pais Vasco)",1974,7.1051843028108,NA,NA,NA,NA,NA,NA,NA,NA,NA,NA,NA,NA,23.7866611480713,3.34778946390755
17,"Basque Country (Pais Vasco)",1975,7.37789168217563,NA,NA,NA,NA,NA,NA,NA,NA,NA,NA,NA,NA,19.8656044006348,2.69258553207394
17,"Basque Country (Pais Vasco)",1976,7.23293362192275,NA,NA,NA,NA,NA,NA,NA,NA,NA,NA,NA,NA,20.3656425476074,2.81568221307602
17,"Basque Country (Pais Vasco)",1977,7.08983137211913,NA,NA,NA,NA,NA,NA,NA,NA,NA,NA,NA,NA,20.0888938903809,2.83347978759844
17,"Basque Country (Pais Vasco)",1978,6.78670360714461,NA,NA,NA,NA,NA,NA,NA,NA,NA,NA,NA,NA,18.5496139526367,2.73322882895738
17,"Basque Country (Pais Vasco)",1979,6.6398173868571,NA,NA,NA,NA,NA,NA,NA,NA,NA,NA,NA,NA,16.3017597198486,2.45515181669249
17,"Basque Country (Pais Vasco)",1980,6.56283917136956,NA,NA,NA,NA,NA,NA,NA,NA,NA,NA,NA,NA,16.5340042114258,2.51933710086261
17,"Basque Country (Pais Vasco)",1981,6.50078545499277,NA,NA,NA,NA,NA,NA,NA,NA,NA,NA,NA,NA,15.7956075668335,2.42979985667764
17,"Basque Country (Pais Vasco)",1982,6.54505860699956,NA,NA,NA,NA,NA,NA,NA,NA,NA,NA,NA,NA,14.4020538330078,2.20044688638932
17,"Basque Country (Pais Vasco)",1983,6.59532980113941,NA,NA,NA,NA,NA,NA,NA,NA,NA,NA,NA,NA,15.0416736602783,2.28065526877515
17,"Basque Country (Pais Vasco)",1984,6.76149675009149,NA,NA,NA,NA,NA,NA,NA,NA,NA,NA,NA,NA,14.7125797271729,2.17593533960861
17,"Basque Country (Pais Vasco)",1985,6.93716067172772,NA,NA,NA,NA,NA,NA,NA,NA,NA,NA,NA,NA,15.6840753555298,2.26087820330441
17,"Basque Country (Pais Vasco)",1986,7.33219115130052,NA,NA,NA,NA,NA,NA,NA,NA,NA,NA,NA,NA,16.3246994018555,2.22644214600978
17,"Basque Country (Pais Vasco)",1987,7.74278812359415,NA,NA,NA,NA,NA,NA,NA,NA,NA,NA,NA,NA,15.5889568328857,2.01335185517765
17,"Basque Country (Pais Vasco)",1988,8.12053664075889,NA,NA,NA,NA,NA,NA,NA,NA,NA,NA,NA,NA,16.8475723266602,2.07468706465755
17,"Basque Country (Pais Vasco)",1989,8.50971116232416,NA,NA,NA,NA,NA,NA,NA,NA,NA,NA,NA,NA,19.7838096618652,2.32485090086911
17,"Basque Country (Pais Vasco)",1990,8.7767778890741,NA,NA,NA,NA,NA,NA,NA,NA,NA,NA,NA,NA,19.9347801208496,2.27130962783799
17,"Basque Country (Pais Vasco)",1991,9.02527866619582,NA,NA,NA,NA,NA,NA,NA,NA,NA,NA,NA,NA,20.0072422027588,2.21680049367294
17,"Basque Country (Pais Vasco)",1992,8.87389282470633,NA,NA,NA,NA,NA,NA,NA,NA,NA,NA,NA,NA,19.9394264221191,2.24697624999533
17,"Basque Country (Pais Vasco)",1993,8.71822353908928,NA,NA,NA,NA,NA,NA,NA,NA,NA,NA,NA,NA,17.9752731323242,2.06180456967291
17,"Basque Country (Pais Vasco)",1994,9.01813784928637,NA,NA,NA,NA,NA,NA,NA,NA,NA,NA,NA,NA,17.893705368042,1.98419071288182
17,"Basque Country (Pais Vasco)",1995,9.44087386165337,NA,NA,NA,NA,NA,NA,NA,NA,NA,NA,NA,NA,19.266321182251,2.04073494303385
17,"Basque Country (Pais Vasco)",1996,9.68651813767495,NA,NA,NA,NA,NA,NA,NA,NA,NA,NA,NA,NA,NA,NA
17,"Basque Country (Pais Vasco)",1997,10.1706658728087,NA,NA,NA,NA,NA,NA,NA,NA,NA,NA,NA,NA,NA,NA
18,"Rioja (La)",1955,2.39045993834351,NA,NA,NA,NA,NA,NA,NA,NA,NA,NA,NA,NA,NA,NA
18,"Rioja (La)",1956,2.53520421864679,NA,NA,NA,NA,NA,NA,NA,NA,NA,NA,NA,NA,NA,NA
18,"Rioja (La)",1957,2.68001997685371,NA,NA,NA,NA,NA,NA,NA,NA,NA,NA,NA,NA,NA,NA
18,"Rioja (La)",1958,2.72643528676517,NA,NA,NA,NA,NA,NA,NA,NA,NA,NA,NA,NA,NA,NA
18,"Rioja (La)",1959,2.77285059667662,NA,NA,NA,NA,NA,NA,NA,NA,NA,NA,NA,NA,NA,NA
18,"Rioja (La)",1960,2.96986570905801,NA,NA,NA,NA,NA,NA,NA,NA,NA,NA,NA,NA,NA,NA
18,"Rioja (La)",1961,3.1531705750087,32.7200012207031,3.08999991416931,27.5699996948242,4.34000015258789,26.2299995422363,6.05000019073486,NA,NA,NA,NA,NA,NA,NA,NA
18,"Rioja (La)",1962,3.40438446158241,NA,NA,NA,NA,NA,NA,NA,NA,NA,NA,NA,NA,NA,NA
18,"Rioja (La)",1963,3.66923755252406,34.4300003051758,2.99000000953674,25.3899993896484,4.73999977111816,27.0699996948242,5.38000011444092,NA,NA,NA,NA,NA,NA,NA,NA
18,"Rioja (La)",1964,3.80398473273819,NA,NA,NA,NA,NA,NA,10.23792552948,151.320892333984,8.60982704162598,3.06339836120605,1.81167531013489,NA,16.6301879882812,4.37178094989631
18,"Rioja (La)",1965,3.92180821174419,31.9500007629395,3.01999998092651,25.9599990844727,5.34999990463257,27.6399993896484,6.07999992370605,9.79054164886475,151.513656616211,8.87244129180908,3.16899657249451,1.77959680557251,NA,17.7282848358154,4.5204364616114
18,"Rioja (La)",1966,4.03270487171076,NA,NA,NA,NA,NA,NA,9.35300159454346,151.885833740234,9.16163349151611,3.29110646247864,1.74683582782745,NA,17.6105575561523,4.36693438185611
18,"Rioja (La)",1967,4.16031123501544,27.6000003814697,2.78999996185303,27.0300006866455,5.65000009536743,29.5100002288818,7.42999982833862,8.92512512207031,152.711868286133,9.50362682342529,3.43024039268494,1.71896767616272,NA,16.5963726043701,3.98921418779586
18,"Rioja (La)",1968,4.37303644968625,NA,NA,NA,NA,NA,NA,8.50673580169678,152.956436157227,10.6550092697144,3.57529520988464,1.66027390956879,NA,18.9667510986328,4.33720398099897
18,"Rioja (La)",1969,4.60354179288618,24.9099998474121,2.54999995231628,27.1100006103516,6.1100001335144,31.0499992370605,8.27999973297119,8.09766006469727,153.228103637695,11.7576704025269,3.73398232460022,1.67922723293304,46.5800018310547,20.8034381866455,4.51900713029105
18,"Rioja (La)",1970,4.79341630627856,NA,NA,NA,NA,NA,NA,NA,NA,NA,NA,NA,NA,21.5658359527588,4.49905340466907
18,"Rioja (La)",1971,4.9833618617337,NA,NA,NA,NA,NA,NA,NA,NA,NA,NA,NA,NA,19.5932922363281,3.93174182007157
18,"Rioja (La)",1972,5.23007699878718,NA,NA,NA,NA,NA,NA,NA,NA,NA,NA,NA,NA,20.8908863067627,3.99437452098835
18,"Rioja (La)",1973,5.47464997793599,NA,NA,NA,NA,NA,NA,NA,NA,NA,NA,NA,NA,20.7731380462646,3.79442304621936
18,"Rioja (La)",1974,5.57583566734839,NA,NA,NA,NA,NA,NA,NA,NA,NA,NA,NA,NA,23.3648471832275,4.19037586061764
18,"Rioja (La)",1975,5.67609257985442,NA,NA,NA,NA,NA,NA,NA,NA,NA,NA,NA,NA,22.5327281951904,3.96976051362579
18,"Rioja (La)",1976,5.81655232642794,NA,NA,NA,NA,NA,NA,NA,NA,NA,NA,NA,NA,31.1758613586426,5.35985229892848
18,"Rioja (La)",1977,5.9557982561623,NA,NA,NA,NA,NA,NA,NA,NA,NA,NA,NA,NA,36.6737174987793,6.15764938995944
18,"Rioja (La)",1978,6.06655239616248,NA,NA,NA,NA,NA,NA,NA,NA,NA,NA,NA,NA,39.0718536376953,6.44053674743022
18,"Rioja (La)",1979,6.10104266387059,NA,NA,NA,NA,NA,NA,NA,NA,NA,NA,NA,NA,31.2611522674561,5.12390323912659
18,"Rioja (La)",1980,6.10868339026461,NA,NA,NA,NA,NA,NA,NA,NA,NA,NA,NA,NA,25.4913959503174,4.17297710844581
18,"Rioja (La)",1981,6.13996020319529,NA,NA,NA,NA,NA,NA,NA,NA,NA,NA,NA,NA,19.7470569610596,3.21615390125542
18,"Rioja (La)",1982,6.30976860266486,NA,NA,NA,NA,NA,NA,NA,NA,NA,NA,NA,NA,19.5771312713623,3.10267024104404
18,"Rioja (La)",1983,6.5021422276392,NA,NA,NA,NA,NA,NA,NA,NA,NA,NA,NA,NA,17.3251037597656,2.66452242249029
18,"Rioja (La)",1984,6.62689252568463,NA,NA,NA,NA,NA,NA,NA,NA,NA,NA,NA,NA,17.8476257324219,2.69321188826403
18,"Rioja (La)",1985,6.7755639501995,NA,NA,NA,NA,NA,NA,NA,NA,NA,NA,NA,NA,16.5573043823242,2.44367915409266
18,"Rioja (La)",1986,7.16509586128294,NA,NA,NA,NA,NA,NA,NA,NA,NA,NA,NA,NA,16.6409587860107,2.32250330046961
18,"Rioja (La)",1987,7.58069105674049,NA,NA,NA,NA,NA,NA,NA,NA,NA,NA,NA,NA,18.5728778839111,2.45002437705159
18,"Rioja (La)",1988,8.00271316175289,NA,NA,NA,NA,NA,NA,NA,NA,NA,NA,NA,NA,21.577579498291,2.69628300579559
18,"Rioja (La)",1989,8.45329940608487,NA,NA,NA,NA,NA,NA,NA,NA,NA,NA,NA,NA,22.7909698486328,2.69610346845486
18,"Rioja (La)",1990,8.85889728353283,NA,NA,NA,NA,NA,NA,NA,NA,NA,NA,NA,NA,21.0927810668945,2.38097139991705
18,"Rioja (La)",1991,9.22950585546987,NA,NA,NA,NA,NA,NA,NA,NA,NA,NA,NA,NA,18.9119243621826,2.04907225352422
18,"Rioja (La)",1992,9.18094795181288,NA,NA,NA,NA,NA,NA,NA,NA,NA,NA,NA,NA,21.8620376586914,2.38123969043682
18,"Rioja (La)",1993,9.13239091983764,NA,NA,NA,NA,NA,NA,NA,NA,NA,NA,NA,NA,16.7657871246338,1.83585955439278
18,"Rioja (La)",1994,9.498000396929,NA,NA,NA,NA,NA,NA,NA,NA,NA,NA,NA,NA,16.4694519042969,1.73399149463312
18,"Rioja (La)",1995,9.75221330456923,NA,NA,NA,NA,NA,NA,NA,NA,NA,NA,NA,NA,20.2756500244141,2.07908188543356
18,"Rioja (La)",1996,10.0564128022574,NA,NA,NA,NA,NA,NA,NA,NA,NA,NA,NA,NA,NA,NA
18,"Rioja (La)",1997,10.4762923135243,NA,NA,NA,NA,NA,NA,NA,NA,NA,NA,NA,NA,NA,NA
