"district","panel","outcome","config","period","treat","control","difference"
"Central","Total","allcrime","A",1,431,430.999999999897,1.03170805232367e-10
"Central","Total","allcrime","A",2,354,353.999999999919,8.10018718766514e-11
"Central","Total","allcrime","A",3,454,454.000026462668,-2.64626682451308e-05
"Central","Total","allcrime","A",4,441,440.999999999893,1.06865627458319e-10
"Central","Total","allcrime","A",5,481,480.999999999879,1.2101963875466e-10
"Central","Total","allcrime","A",6,519,518.999999999879,1.20508047984913e-10
"Central","Total","allcrime","A",7,554,553.999999999866,1.33809407998342e-10
"Central","Total","allcrime","A",8,556,555.999999999874,1.25510268844664e-10
"Central","Total","allcrime","A",9,548,548.000026462655,-2.64626545458668e-05
"Central","Total","allcrime","A",10,458,457.9999999999,9.97033566818573e-11
"Central","Total","allcrime","A",11,382,381.999999999904,9.57811607804615e-11
"Central","Total","allcrime","A",12,425,424.999999999906,9.36211108637508e-11
"Central","Total","allcrime","A",13,357,356.999999999917,8.31050783745013e-11
"Central","Total","allcrime","A",14,375,374.999999999919,8.12860889709555e-11
"Central","Total","allcrime","A",15,301,300.999999999928,7.1963768277783e-11
"Central","Total","allcrime","A",16,262,261.999999999925,7.5203843152849e-11
"Central","Total","allcrime","A",17,285,284.999999999919,8.0831341620069e-11
"Central","Total","allcrime","A",18,348,347.999999999913,8.66293703438714e-11
"Central","Total","allcrime","A",19,323,322.999999999928,7.24185156286694e-11
"Central","Total","allcrime","A",20,301,300.999999999927,7.30437932361383e-11
"Central","Total","allcrime","A",21,327,326.999999999918,8.15134626463987e-11
"Central","Total","allcrime","A",22,312,311.999999999929,7.06563696439844e-11
"Central","Total","allcrime","A",23,258,257.999999999935,6.45741238258779e-11
"Central","Total","allcrime","A",24,283,282.999999999929,7.08837433194276e-11
"Central","Total","allcrime","A",25,265,264.999999999928,7.24185156286694e-11
"Central","Total","allcrime","A",26,298,297.999999999928,7.2247985372087e-11
"Central","Total","allcrime","A",27,307,306.999999999927,7.25890458852518e-11
"Central","Total","allcrime","A",28,304,312.670515957231,-8.67051595723098
"Central","Total","allcrime","A",29,348,317.648603772511,30.3513962274887
"Central","Total","allcrime","A",30,382,371.353672620048,10.6463273799524
"Central","Total","allcrime","A",31,404,366.531221969197,37.4687780308025
"Central","Total","allcrime","A",32,424,375.933045224196,48.0669547758043
"Central","Total","allcrime","A",33,495,430.21804675807,64.7819532419303
"Central","Total","allcrime","A",34,367,439.939180479867,-72.9391804798668
"Central","Total","allcrime","A",35,400,399.710606741474,0.289393258526331
"Central","Total","allcrime","A",36,407,379.512884237707,27.4871157622928
"Central","Total","allcrime","A",37,366,412.574978752657,-46.5749787526566
"Central","Total","allcrime","A",38,339,336.355751129535,2.64424887046454
"Central","Total","allcrime","A",39,360,364.846973695753,-4.84697369575315
"Central","Total","allcrime","A",40,465,406.754858787844,58.2451412121563
"Central","Total","allcrime","A",41,423,401.33108684331,21.6689131566896
"Central","Total","allcrime","A",42,439,416.94217765545,22.0578223445501
"Central","Total","allcrime","A",43,439,474.802152877369,-35.8021528773691
"Central","Total","allcrime","A",44,438,404.566558854364,33.4334411456356
"Central","Total","allcrime","A",45,470,425.566343207202,44.4336567927982
"Central","Total","allcrime","A",46,468,471.759345976291,-3.7593459762914
"Central","Total","allcrime","A",47,473,456.004959653544,16.9950403464559
"Central","Total","allcrime","A",48,408,410.339710648129,-2.33971064812948
"Central","Total","allcrime","A",49,390,380.976939064081,9.0230609359192
"Central","Total","allcrime","A",50,367,401.389341058607,-34.389341058607
"Central","Total","allcrime","A",51,388,351.676314213054,36.3236857869462
"Central","Total","allcrime","A",52,436,387.65756048701,48.34243951299
"Central","Total","allcrime","A",53,475,428.633894908273,46.3661050917268
"Central","Total","allcrime","A",54,472,508.961376559026,-36.9613765590263
"Central","Total","person","A",1,96,96.0000000292842,-2.92842372573432e-08
"Central","Total","person","A",2,76,76.0000000071362,-7.1361796472047e-09
"Central","Total","person","A",3,104,103.999999975007,2.49926728201899e-08
"Central","Total","person","A",4,111,111.000000037113,-3.71130539633668e-08
"Central","Total","person","A",5,132,131.999999998644,1.35577238324913e-09
"Central","Total","person","A",6,129,128.999999952926,4.70743657388084e-08
"Central","Total","person","A",7,134,134.000000035466,-3.54662574864051e-08
"Central","Total","person","A",8,141,140.999999972094,2.7905713295695e-08
"Central","Total","person","A",9,144,143.999999970812,2.91883281988703e-08
"Central","Total","person","A",10,112,111.999999997188,2.81166023796686e-09
"Central","Total","person","A",11,87,87.0000000152288,-1.52288208710161e-08
"Central","Total","person","A",12,99,99.000000008818,-8.81802009189414e-09
"Central","Total","person","A",13,75,74.9999999662961,3.37038557063352e-08
"Central","Total","person","A",14,73,73.0000000192283,-1.92283380329172e-08
"Central","Total","person","A",15,81,81.0000000075946,-7.59455076604354e-09
"Central","Total","person","A",16,70,69.9999999944476,5.552351467486e-09
"Central","Total","person","A",17,78,78.0000000276877,-2.76877187843638e-08
"Central","Total","person","A",18,101,101.00000006166,-6.16597901625937e-08
"Central","Total","person","A",19,75,74.9999999951363,4.86365081542317e-09
"Central","Total","person","A",20,74,74.0000000025296,-2.52961740443425e-09
"Central","Total","person","A",21,83,82.9999999850156,1.49843515373504e-08
"Central","Total","person","A",22,79,78.9999999781363,2.18637410398514e-08
"Central","Total","person","A",23,71,71.0000000124477,-1.24477139706869e-08
"Central","Total","person","A",24,61,60.9999999752691,2.4730852032917e-08
"Central","Total","person","A",25,61,61.0000000291631,-2.91630755100414e-08
"Central","Total","person","A",26,72,71.9999999732874,2.67126125663708e-08
"Central","Total","person","A",27,66,66.0000000174932,-1.74931500396269e-08
"Central","Total","person","A",28,86,67.5323626011945,18.4676373988055
"Central","Total","person","A",29,90,66.1716114278841,23.8283885721159
"Central","Total","person","A",30,114,95.7322260780264,18.2677739219736
"Central","Total","person","A",31,113,92.1978471109403,20.8021528890597
"Central","Total","person","A",32,111,85.4488648204216,25.5511351795784
"Central","Total","person","A",33,150,114.310030363207,35.689969636793
"Central","Total","person","A",34,95,124.478025830538,-29.4780258305378
"Central","Total","person","A",35,106,101.669649718519,4.33035028148089
"Central","Total","person","A",36,117,115.597946946826,1.40205305317409
"Central","Total","person","A",37,96,112.117176088955,-16.1171760889547
"Central","Total","person","A",38,104,102.164633765462,1.83536623453816
"Central","Total","person","A",39,104,106.981749142409,-2.98174914240863
"Central","Total","person","A",40,139,116.954207488856,22.0457925111439
"Central","Total","person","A",41,125,93.6418178884267,31.3581821115733
"Central","Total","person","A",42,117,92.669045712353,24.330954287647
"Central","Total","person","A",43,150,107.186189372086,42.8138106279137
"Central","Total","person","A",44,123,88.9824806285188,34.0175193714812
"Central","Total","person","A",45,100,100.763159036024,-0.763159036024064
"Central","Total","person","A",46,120,99.1609389260287,20.8390610739713
"Central","Total","person","A",47,124,124.531846165633,-0.53184616563324
"Central","Total","person","A",48,72,93.909695482105,-21.909695482105
"Central","Total","person","A",49,89,75.3793890233787,13.6206109766213
"Central","Total","person","A",50,93,101.796254453243,-8.79625445324295
"Central","Total","person","A",51,89,71.247627082973,17.752372917027
"Central","Total","person","A",52,102,98.2622999368685,3.73770006313151
"Central","Total","person","A",53,107,85.3746010973784,21.6253989026216
"Central","Total","person","A",54,113,127.696696886306,-14.6966968863062
"Central","Total","property","A",1,247,247.001715067152,-0.00171506715236092
"Central","Total","property","A",2,208,207.999999999788,2.11798578675371e-10
"Central","Total","property","A",3,236,236.001715067185,-0.0017150671849322
"Central","Total","property","A",4,222,222.00343013464,-0.00343013463961483
"Central","Total","property","A",5,257,256.999999999711,2.88991941488348e-10
"Central","Total","property","A",6,284,284.003430134587,-0.00343013458740415
"Central","Total","property","A",7,341,341.001715067029,-0.00171506702935176
"Central","Total","property","A",8,316,316.000441904755,-0.000441904754893585
"Central","Total","property","A",9,284,284.00514520204,-0.00514520203995517
"Central","Total","property","A",10,268,268.001715067155,-0.00171506715525993
"Central","Total","property","A",11,220,220.005145202088,-0.00514520208807312
"Central","Total","property","A",12,227,227.005145202118,-0.00514520211848435
"Central","Total","property","A",13,215,215.003430134648,-0.00343013464836872
"Central","Total","property","A",14,233,233.001715067195,-0.00171506719547665
"Central","Total","property","A",15,133,133.003430134765,-0.00343013476540932
"Central","Total","property","A",16,133,133.005145202158,-0.00514520215776315
"Central","Total","property","A",17,135,134.999999999822,1.77777792487177e-10
"Central","Total","property","A",18,156,156.001715067279,-0.00171506727934911
"Central","Total","property","A",19,152,152.005145202173,-0.00514520217262771
"Central","Total","property","A",20,135,135.006860269644,-0.00686026964436337
"Central","Total","property","A",21,165,165.012005471959,-0.0120054719586449
"Central","Total","property","A",22,153,153.006860269635,-0.00686026963467157
"Central","Total","property","A",23,130,130.006860269647,-0.00686026964709185
"Central","Total","property","A",24,149,149.008575337066,-0.00857533706562208
"Central","Total","property","A",25,146,146.006860269617,-0.00686026961653852
"Central","Total","property","A",26,151,151.003430134705,-0.00343013470526898
"Central","Total","property","A",27,156,155.999999999825,1.74509295902681e-10
"Central","Total","property","A",28,128,149.493701783315,-21.4937017833155
"Central","Total","property","A",29,163,166.247827550352,-3.24782755035162
"Central","Total","property","A",30,186,198.796138593907,-12.7961385939072
"Central","Total","property","A",31,187,176.804744497678,10.1952555023222
"Central","Total","property","A",32,195,184.171298699825,10.828701300175
"Central","Total","property","A",33,229,195.790796900967,33.2092030990326
"Central","Total","property","A",34,187,195.831889684731,-8.83188968473081
"Central","Total","property","A",35,200,176.932697680827,23.0673023191735
"Central","Total","property","A",36,190,169.860168447509,20.1398315524909
"Central","Total","property","A",37,195,192.109012017254,2.89098798274611
"Central","Total","property","A",38,158,142.91926165425,15.0807383457504
"Central","Total","property","A",39,165,148.242192912886,16.7578070871142
"Central","Total","property","A",40,196,162.12949554322,33.8705044567797
"Central","Total","property","A",41,184,196.989264928175,-12.9892649281753
"Central","Total","property","A",42,193,216.067787708561,-23.0677877085606
"Central","Total","property","A",43,178,245.389515683466,-67.3895156834664
"Central","Total","property","A",44,214,207.124477749139,6.87552225086111
"Central","Total","property","A",45,262,216.160603469813,45.8393965301869
"Central","Total","property","A",46,242,250.065928560034,-8.06592856003439
"Central","Total","property","A",47,235,211.943390711693,23.0566092883072
"Central","Total","property","A",48,235,217.078650119195,17.9213498808046
"Central","Total","property","A",49,192,199.359593547992,-7.35959354799184
"Central","Total","property","A",50,163,170.089578049896,-7.08957804989615
"Central","Total","property","A",51,191,202.536691316018,-11.5366913160183
"Central","Total","property","A",52,215,193.785373171197,21.2146268288034
"Central","Total","property","A",53,258,231.552618998885,26.4473810011151
"Central","Total","property","A",54,223,261.476261646603,-38.4762616466032
"Central","Total","shooting","A",1,3,2.99740134666541,0.00259865333458853
"Central","Total","shooting","A",2,6,5.99905320514337,0.00094679485662752
"Central","Total","shooting","A",3,3,2.99786185267827,0.00213814732173212
"Central","Total","shooting","A",4,11,10.9387481737804,0.0612518262196158
"Central","Total","shooting","A",5,6,5.99868045670913,0.00131954329086525
"Central","Total","shooting","A",6,8,7.99851308052876,0.00148691947123947
"Central","Total","shooting","A",7,6,5.99814457597653,0.00185542402346872
"Central","Total","shooting","A",8,11,11.0006465445543,-0.000646544554287587
"Central","Total","shooting","A",9,6,5.99999446102033,5.53897967314754e-06
"Central","Total","shooting","A",10,4,4.00475198033388,-0.00475198033388224
"Central","Total","shooting","A",11,0,0.704823174397701,-0.704823174397701
"Central","Total","shooting","A",12,16,16.0115642521723,-0.0115642521722563
"Central","Total","shooting","A",13,1,0.962352740354979,0.0376472596450207
"Central","Total","shooting","A",14,1,1.05605853397872,-0.0560585339787205
"Central","Total","shooting","A",15,9,9.00338469656034,-0.00338469656034235
"Central","Total","shooting","A",16,1,1.00086357451434,-0.000863574514338161
"Central","Total","shooting","A",17,4,3.99923296567445,0.000767034325551919
"Central","Total","shooting","A",18,4,4.00001796673804,-1.79667380386661e-05
"Central","Total","shooting","A",19,11,11.001593731521,-0.00159373152104259
"Central","Total","shooting","A",20,3,2.96952081447939,0.0304791855206106
"Central","Total","shooting","A",21,6,6.00336831441635,-0.00336831441635255
"Central","Total","shooting","A",22,6,5.99841946544505,0.00158053455494933
"Central","Total","shooting","A",23,4,3.99838468685985,0.00161531314014507
"Central","Total","shooting","A",24,7,6.93956811963166,0.0604318803683395
"Central","Total","shooting","A",25,5,5.0040111056327,-0.00401110563270457
"Central","Total","shooting","A",26,4,3.99967814681097,0.000321853189030108
"Central","Total","shooting","A",27,3,3.00119791754347,-0.00119791754346821
"Central","Total","shooting","A",28,11,7.36743388353342,3.63256611646658
"Central","Total","shooting","A",29,10,6.85639506386726,3.14360493613274
"Central","Total","shooting","A",30,7,2.41623319346418,4.58376680653582
"Central","Total","shooting","A",31,11,1.99716401197916,9.00283598802084
"Central","Total","shooting","A",32,7,6.84645033493799,0.153549665062008
"Central","Total","shooting","A",33,9,6.87893285087337,2.12106714912663
"Central","Total","shooting","A",34,2,9.93038875464808,-7.93038875464808
"Central","Total","shooting","A",35,6,3.57979188913045,2.42020811086955
"Central","Total","shooting","A",36,12,5.807812085584,6.192187914416
"Central","Total","shooting","A",37,5,11.9956751479241,-6.99567514792412
"Central","Total","shooting","A",38,7,3.04713247287189,3.95286752712811
"Central","Total","shooting","A",39,10,10.0246234439709,-0.024623443970853
"Central","Total","shooting","A",40,6,5.39371263199317,0.606287368006825
"Central","Total","shooting","A",41,8,3.44363568059295,4.55636431940705
"Central","Total","shooting","A",42,10,5.78565487263531,4.21434512736469
"Central","Total","shooting","A",43,4,8.17837810032168,-4.17837810032168
"Central","Total","shooting","A",44,3,4.50328411424518,-1.50328411424518
"Central","Total","shooting","A",45,5,3.99861370763756,1.00138629236244
"Central","Total","shooting","A",46,2,8.5698111801603,-6.5698111801603
"Central","Total","shooting","A",47,9,10.5754266516687,-1.57542665166869
"Central","Total","shooting","A",48,5,4.33496989924266,0.665030100757344
"Central","Total","shooting","A",49,2,1.0903630935641,0.909636906435898
"Central","Total","shooting","A",50,10,3.14564530034656,6.85435469965344
"Central","Total","shooting","A",51,5,1.57962076951852,3.42037923048148
"Central","Total","shooting","A",52,21,3.9155561302972,17.0844438697028
"Central","Total","shooting","A",53,7,8.83935741508009,-1.83935741508009
"Central","Total","shooting","A",54,9,4.95630355077999,4.04369644922001
"Central","Outdoor","allcrime","A",1,144,144,-5.6843418860808e-14
"Central","Outdoor","allcrime","A",2,140,140,-5.6843418860808e-14
"Central","Outdoor","allcrime","A",3,205,205,-1.13686837721616e-13
"Central","Outdoor","allcrime","A",4,173,173,1.4210854715202e-13
"Central","Outdoor","allcrime","A",5,199,199,1.98951966012828e-13
"Central","Outdoor","allcrime","A",6,221,221,-5.6843418860808e-14
"Central","Outdoor","allcrime","A",7,250,250,1.98951966012828e-13
"Central","Outdoor","allcrime","A",8,241,241.000000000001,-5.11590769747272e-13
"Central","Outdoor","allcrime","A",9,249,249,-2.27373675443232e-13
"Central","Outdoor","allcrime","A",10,180,180,2.8421709430404e-14
"Central","Outdoor","allcrime","A",11,146,146,1.13686837721616e-13
"Central","Outdoor","allcrime","A",12,156,156,2.8421709430404e-14
"Central","Outdoor","allcrime","A",13,154,154,1.13686837721616e-13
"Central","Outdoor","allcrime","A",14,128,128,0
"Central","Outdoor","allcrime","A",15,107,107,1.70530256582424e-13
"Central","Outdoor","allcrime","A",16,98,98,4.2632564145606e-14
"Central","Outdoor","allcrime","A",17,117,117,-3.26849658449646e-13
"Central","Outdoor","allcrime","A",18,145,145,-5.6843418860808e-14
"Central","Outdoor","allcrime","A",19,152,152,0
"Central","Outdoor","allcrime","A",20,125,125,9.9475983006414e-14
"Central","Outdoor","allcrime","A",21,130,130,-1.98951966012828e-13
"Central","Outdoor","allcrime","A",22,111,111,-1.4210854715202e-14
"Central","Outdoor","allcrime","A",23,87,87,-2.8421709430404e-14
"Central","Outdoor","allcrime","A",24,97,96.9999999999999,5.6843418860808e-14
"Central","Outdoor","allcrime","A",25,102,102,0
"Central","Outdoor","allcrime","A",26,111,111,1.13686837721616e-13
"Central","Outdoor","allcrime","A",27,114,114,-4.2632564145606e-14
"Central","Outdoor","allcrime","A",28,115,104.160370000469,10.8396299995312
"Central","Outdoor","allcrime","A",29,117,131.207159976192,-14.2071599761922
"Central","Outdoor","allcrime","A",30,148,132.344066628416,15.6559333715838
"Central","Outdoor","allcrime","A",31,143,135.731305867168,7.26869413283202
"Central","Outdoor","allcrime","A",32,176,120.999397005573,55.0006029944272
"Central","Outdoor","allcrime","A",33,171,172.318157277081,-1.31815727708059
"Central","Outdoor","allcrime","A",34,151,168.696654532043,-17.6966545320432
"Central","Outdoor","allcrime","A",35,141,135.067845584405,5.93215441559477
"Central","Outdoor","allcrime","A",36,134,122.346096719674,11.653903280326
"Central","Outdoor","allcrime","A",37,136,129.697368034543,6.30263196545729
"Central","Outdoor","allcrime","A",38,123,87.4784899263833,35.5215100736167
"Central","Outdoor","allcrime","A",39,124,113.604835873786,10.3951641262144
"Central","Outdoor","allcrime","A",40,164,144.526846786005,19.4731532139947
"Central","Outdoor","allcrime","A",41,180,161.712733373079,18.2872666269207
"Central","Outdoor","allcrime","A",42,159,152.619695313465,6.38030468653454
"Central","Outdoor","allcrime","A",43,207,187.464560873206,19.5354391267938
"Central","Outdoor","allcrime","A",44,190,155.464739023148,34.5352609768521
"Central","Outdoor","allcrime","A",45,174,162.908966888842,11.0910331111582
"Central","Outdoor","allcrime","A",46,177,165.675966343694,11.3240336563058
"Central","Outdoor","allcrime","A",47,163,172.357478154714,-9.35747815471416
"Central","Outdoor","allcrime","A",48,118,123.31725128061,-5.31725128061031
"Central","Outdoor","allcrime","A",49,127,113.176504716595,13.8234952834052
"Central","Outdoor","allcrime","A",50,114,113.510596623193,0.489403376807246
"Central","Outdoor","allcrime","A",51,130,99.6068025909917,30.3931974090083
"Central","Outdoor","allcrime","A",52,172,165.977249430846,6.02275056915437
"Central","Outdoor","allcrime","A",53,198,194.52120340867,3.47879659133019
"Central","Outdoor","allcrime","A",54,214,213.09454456639,0.9054554336102
"Central","Outdoor","person","A",1,47,47.000000000034,-3.39568373419752e-11
"Central","Outdoor","person","A",2,33,33.0000000000146,-1.46158640745853e-11
"Central","Outdoor","person","A",3,54,54.0000000000733,-7.32782723389391e-11
"Central","Outdoor","person","A",4,56,56.0000000000508,-5.08109110342048e-11
"Central","Outdoor","person","A",5,73,73.0000000000486,-4.86153339807061e-11
"Central","Outdoor","person","A",6,72,72.0005751880817,-0.000575188081739952
"Central","Outdoor","person","A",7,77,77.00000000017,-1.69976033248531e-10
"Central","Outdoor","person","A",8,86,85.9999999999449,5.50954837308382e-11
"Central","Outdoor","person","A",9,90,89.9999999999203,7.96802623881376e-11
"Central","Outdoor","person","A",10,50,50.0000000000555,-5.54578605260758e-11
"Central","Outdoor","person","A",11,45,45.0000000000748,-7.47633066566777e-11
"Central","Outdoor","person","A",12,52,52.0000000000423,-4.23270307692292e-11
"Central","Outdoor","person","A",13,34,33.9999999999452,5.47615286450309e-11
"Central","Outdoor","person","A",14,35,35.0000000000369,-3.69269059774524e-11
"Central","Outdoor","person","A",15,32,32.0000000001142,-1.14241061055509e-10
"Central","Outdoor","person","A",16,31,31.0000000000364,-3.64366314897779e-11
"Central","Outdoor","person","A",17,36,36.0000000000815,-8.14708300822531e-11
"Central","Outdoor","person","A",18,47,47.0003725401768,-0.000372540176797997
"Central","Outdoor","person","A",19,45,45.000000000027,-2.70361510956718e-11
"Central","Outdoor","person","A",20,47,47.0000000001046,-1.04648734122748e-10
"Central","Outdoor","person","A",21,43,42.9999999999506,4.93542984258966e-11
"Central","Outdoor","person","A",22,33,33.0000000000787,-7.86712917033583e-11
"Central","Outdoor","person","A",23,31,31.0000000000377,-3.77085029867885e-11
"Central","Outdoor","person","A",24,21,20.9999999999924,7.58149099056027e-12
"Central","Outdoor","person","A",25,20,20.0000000000254,-2.54338772265328e-11
"Central","Outdoor","person","A",26,24,24.0000000000318,-3.18003401389433e-11
"Central","Outdoor","person","A",27,32,32.0000000000353,-3.53210793946346e-11
"Central","Outdoor","person","A",28,33,29.5103619237535,3.48963807624652
"Central","Outdoor","person","A",29,42,40.7828129637212,1.21718703627875
"Central","Outdoor","person","A",30,57,39.5006994973213,17.4993005026787
"Central","Outdoor","person","A",31,56,50.4811081239611,5.51889187603891
"Central","Outdoor","person","A",32,54,36.7041376118443,17.2958623881557
"Central","Outdoor","person","A",33,63,62.3930655525985,0.606934447401478
"Central","Outdoor","person","A",34,61,53.7631320424361,7.23686795756392
"Central","Outdoor","person","A",35,53,55.5030908280449,-2.5030908280449
"Central","Outdoor","person","A",36,67,45.0186061013138,21.9813938986862
"Central","Outdoor","person","A",37,46,46.2096176335917,-0.20961763359167
"Central","Outdoor","person","A",38,49,28.7774749872151,20.2225250127849
"Central","Outdoor","person","A",39,45,38.5690766979074,6.43092330209255
"Central","Outdoor","person","A",40,67,61.6535493319916,5.34645066800839
"Central","Outdoor","person","A",41,74,48.0199871444982,25.9800128555018
"Central","Outdoor","person","A",42,54,44.9602495763792,9.03975042362081
"Central","Outdoor","person","A",43,95,48.611868028809,46.388131971191
"Central","Outdoor","person","A",44,57,44.1198680215789,12.8801319784211
"Central","Outdoor","person","A",45,49,42.2642123105067,6.73578768949326
"Central","Outdoor","person","A",46,57,44.2203058476655,12.7796941523345
"Central","Outdoor","person","A",47,52,61.5119703466539,-9.5119703466539
"Central","Outdoor","person","A",48,36,46.1667194164497,-10.1667194164497
"Central","Outdoor","person","A",49,33,33.1914103029391,-0.191410302939076
"Central","Outdoor","person","A",50,38,37.3315394544027,0.66846054559732
"Central","Outdoor","person","A",51,40,26.9545458237708,13.0454541762292
"Central","Outdoor","person","A",52,57,54.8712716903808,2.12872830961923
"Central","Outdoor","person","A",53,55,42.8205648245422,12.1794351754578
"Central","Outdoor","person","A",54,71,68.0314241128171,2.96857588718289
"Central","Outdoor","property","A",1,76,76.0000000000095,-9.53548351390054e-12
"Central","Outdoor","property","A",2,74,74.0000000000267,-2.66737743004342e-11
"Central","Outdoor","property","A",3,97,97.0000000000082,-8.17124146124115e-12
"Central","Outdoor","property","A",4,79,79.0000000000111,-1.10560449684272e-11
"Central","Outdoor","property","A",5,94,94.0000000000338,-3.376499080332e-11
"Central","Outdoor","property","A",6,112,112.000000000023,-2.27089458348928e-11
"Central","Outdoor","property","A",7,132,132.00000000002,-1.97530880541308e-11
"Central","Outdoor","property","A",8,119,119.000000000016,-1.56603618961526e-11
"Central","Outdoor","property","A",9,122,122.000000000037,-3.657874003693e-11
"Central","Outdoor","property","A",10,109,109.000000000018,-1.83462134373258e-11
"Central","Outdoor","property","A",11,79,79.000000000005,-4.9595882956055e-12
"Central","Outdoor","property","A",12,72,71.9999999999957,4.29167812399101e-12
"Central","Outdoor","property","A",13,93,92.9999999999743,2.57074361798004e-11
"Central","Outdoor","property","A",14,73,72.9999999999929,7.0770056481706e-12
"Central","Outdoor","property","A",15,44,44.0000000000008,-7.74491581978509e-13
"Central","Outdoor","property","A",16,51,51.0000000000311,-3.10791392621468e-11
"Central","Outdoor","property","A",17,50,49.9999999999964,3.5740299608733e-12
"Central","Outdoor","property","A",18,67,67.0000000000003,-2.55795384873636e-13
"Central","Outdoor","property","A",19,61,60.9999999999837,1.63211666404095e-11
"Central","Outdoor","property","A",20,46,45.9999999999984,1.56319401867222e-12
"Central","Outdoor","property","A",21,60,59.99999999998,2.00088834390044e-11
"Central","Outdoor","property","A",22,51,51.0000000000098,-9.79127889877418e-12
"Central","Outdoor","property","A",23,46,45.9999999999951,4.9453774408903e-12
"Central","Outdoor","property","A",24,54,54.0000000000159,-1.5901946426311e-11
"Central","Outdoor","property","A",25,64,64.0000000000054,-5.41433564649196e-12
"Central","Outdoor","property","A",26,65,65.0000000000063,-6.25277607468888e-12
"Central","Outdoor","property","A",27,54,53.9999999999926,7.36122274247464e-12
"Central","Outdoor","property","A",28,53,56.3872473642627,-3.38724736426272
"Central","Outdoor","property","A",29,36,59.4937390249313,-23.4937390249313
"Central","Outdoor","property","A",30,56,57.1419723738538,-1.14197237385375
"Central","Outdoor","property","A",31,44,53.6898169297501,-9.68981692975009
"Central","Outdoor","property","A",32,70,51.7421981698811,18.2578018301189
"Central","Outdoor","property","A",33,68,61.3839729212811,6.61602707871887
"Central","Outdoor","property","A",34,65,62.4472829590738,2.55271704092619
"Central","Outdoor","property","A",35,54,45.4547967098333,8.5452032901667
"Central","Outdoor","property","A",36,40,40.9847142492549,-0.984714249254864
"Central","Outdoor","property","A",37,63,54.543770925161,8.45622907483895
"Central","Outdoor","property","A",38,48,39.7309123666466,8.26908763335336
"Central","Outdoor","property","A",39,43,35.3720788545894,7.62792114541062
"Central","Outdoor","property","A",40,51,40.9091088743702,10.0908911256298
"Central","Outdoor","property","A",41,62,54.9537755797407,7.04622442025926
"Central","Outdoor","property","A",42,56,55.5700746003387,0.429925399661251
"Central","Outdoor","property","A",43,67,78.858191814662,-11.858191814662
"Central","Outdoor","property","A",44,94,69.4907265478261,24.5092734521739
"Central","Outdoor","property","A",45,85,68.9045275384688,16.0954724615312
"Central","Outdoor","property","A",46,89,74.5493671671202,14.4506328328798
"Central","Outdoor","property","A",47,71,58.3921551875655,12.6078448124345
"Central","Outdoor","property","A",48,48,41.6567761671825,6.34322383281749
"Central","Outdoor","property","A",49,53,55.3882641448522,-2.38826414485222
"Central","Outdoor","property","A",50,50,53.6949623591104,-3.69496235911036
"Central","Outdoor","property","A",51,54,51.9415109083302,2.05848909166976
"Central","Outdoor","property","A",52,64,67.917864597687,-3.91786459768704
"Central","Outdoor","property","A",53,98,93.2573244067005,4.74267559329947
"Central","Outdoor","property","A",54,83,107.400371973086,-24.400371973086
"Central","Outdoor","shooting","A",1,2,1.99823079697831,0.00176920302168693
"Central","Outdoor","shooting","A",2,5,4.99919050539078,0.000809494609220529
"Central","Outdoor","shooting","A",3,3,2.99846269300418,0.00153730699582333
"Central","Outdoor","shooting","A",4,7,6.96029334045376,0.0397066595462361
"Central","Outdoor","shooting","A",5,6,5.99960587000227,0.000394129997731696
"Central","Outdoor","shooting","A",6,8,8.00104600385061,-0.00104600385061104
"Central","Outdoor","shooting","A",7,5,4.99864555700093,0.00135444299907039
"Central","Outdoor","shooting","A",8,10,10.00142310073,-0.00142310073001539
"Central","Outdoor","shooting","A",9,5,4.99977986956528,0.000220130434717802
"Central","Outdoor","shooting","A",10,4,4.00296247268782,-0.00296247268782412
"Central","Outdoor","shooting","A",11,0,0.416894976364365,-0.416894976364365
"Central","Outdoor","shooting","A",12,14,14.0081465880529,-0.00814658805290769
"Central","Outdoor","shooting","A",13,1,0.975294268416539,0.0247057315834613
"Central","Outdoor","shooting","A",14,1,1.03459216195603,-0.0345921619560263
"Central","Outdoor","shooting","A",15,9,9.00168558136305,-0.00168558136305208
"Central","Outdoor","shooting","A",16,1,1.00033606300962,-0.000336063009618082
"Central","Outdoor","shooting","A",17,3,2.99966762800166,0.000332371998338132
"Central","Outdoor","shooting","A",18,3,2.99988131599335,0.000118684006654934
"Central","Outdoor","shooting","A",19,11,11.0012165440544,-0.0012165440544063
"Central","Outdoor","shooting","A",20,3,2.98405592323055,0.0159440767694501
"Central","Outdoor","shooting","A",21,5,5.00083056149724,-0.000830561497236815
"Central","Outdoor","shooting","A",22,6,5.99866641133827,0.00133358866172539
"Central","Outdoor","shooting","A",23,2,1.99858084860639,0.00141915139361237
"Central","Outdoor","shooting","A",24,7,6.96413172016498,0.0358682798350225
"Central","Outdoor","shooting","A",25,4,4.0027728125453,-0.00277281254529971
"Central","Outdoor","shooting","A",26,3,3.00014034839245,-0.000140348392449141
"Central","Outdoor","shooting","A",27,3,3.00078271012921,-0.000782710129208386
"Central","Outdoor","shooting","A",28,11,6.45450101574796,4.54549898425204
"Central","Outdoor","shooting","A",29,10,4.94706773346777,5.05293226653223
"Central","Outdoor","shooting","A",30,6,1.98873952268457,4.01126047731543
"Central","Outdoor","shooting","A",31,9,1.70970778133714,7.29029221866286
"Central","Outdoor","shooting","A",32,6,3.81306093516854,2.18693906483146
"Central","Outdoor","shooting","A",33,7,7.09366641680783,-0.0936664168078334
"Central","Outdoor","shooting","A",34,2,9.33852281211831,-7.33852281211831
"Central","Outdoor","shooting","A",35,6,3.15515066589645,2.84484933410355
"Central","Outdoor","shooting","A",36,12,4.79479682924715,7.20520317075285
"Central","Outdoor","shooting","A",37,5,7.69755458065477,-2.69755458065477
"Central","Outdoor","shooting","A",38,7,0.708948666948604,6.2910513330514
"Central","Outdoor","shooting","A",39,8,8.15674541559394,-0.156745415593935
"Central","Outdoor","shooting","A",40,4,3.7464323508432,0.253567649156799
"Central","Outdoor","shooting","A",41,7,2.45742135938542,4.54257864061458
"Central","Outdoor","shooting","A",42,9,5.57279747328413,3.42720252671587
"Central","Outdoor","shooting","A",43,4,6.17102991470073,-2.17102991470073
"Central","Outdoor","shooting","A",44,3,3.1473064438816,-0.147306443881602
"Central","Outdoor","shooting","A",45,4,4.10131730383574,-0.101317303835739
"Central","Outdoor","shooting","A",46,2,4.76146350963369,-2.76146350963369
"Central","Outdoor","shooting","A",47,5,9.26566435066446,-4.26566435066446
"Central","Outdoor","shooting","A",48,4,4.33146054113474,-0.331460541134735
"Central","Outdoor","shooting","A",49,2,0.872020166985131,1.12797983301487
"Central","Outdoor","shooting","A",50,3,1.23771945373837,1.76228054626163
"Central","Outdoor","shooting","A",51,1,1.08934531473485,-0.0893453147348486
"Central","Outdoor","shooting","A",52,17,3.28601168025952,13.7139883197405
"Central","Outdoor","shooting","A",53,3,6.07805046112129,-3.07805046112129
"Central","Outdoor","shooting","A",54,7,3.24065983435791,3.75934016564209
"Eastern","Total","allcrime","A",1,329,328.999999998051,1.94853555512964e-09
"Eastern","Total","allcrime","A",2,365,364.999999999405,5.94582161284052e-10
"Eastern","Total","allcrime","A",3,380,379.999999999113,8.87268924998352e-10
"Eastern","Total","allcrime","A",4,331,330.99999999944,5.60476109967567e-10
"Eastern","Total","allcrime","A",5,338,338.000000000333,-3.32704530592309e-10
"Eastern","Total","allcrime","A",6,342,342.000000001334,-1.33360344989342e-09
"Eastern","Total","allcrime","A",7,314,314.000000002215,-2.21496065933025e-09
"Eastern","Total","allcrime","A",8,273,272.999999999553,4.4673242882709e-10
"Eastern","Total","allcrime","A",9,279,279.000000000043,-4.25757207267452e-11
"Eastern","Total","allcrime","A",10,307,306.999999999388,6.11862560617737e-10
"Eastern","Total","allcrime","A",11,235,234.9999999981,1.89996285371308e-09
"Eastern","Total","allcrime","A",12,262,262.000000001472,-1.47190348798176e-09
"Eastern","Total","allcrime","A",13,297,297.000000000535,-5.3466919780476e-10
"Eastern","Total","allcrime","A",14,318,317.999999999544,4.56452653452288e-10
"Eastern","Total","allcrime","A",15,317,317.000000001032,-1.03159436548594e-09
"Eastern","Total","allcrime","A",16,320,320.000000000651,-6.51084519631695e-10
"Eastern","Total","allcrime","A",17,305,305.000000002893,-2.89253421215108e-09
"Eastern","Total","allcrime","A",18,304,304.000000000719,-7.19239778845804e-10
"Eastern","Total","allcrime","A",19,286,286.000000000904,-9.04094576981151e-10
"Eastern","Total","allcrime","A",20,249,249.000000000839,-8.38952018966665e-10
"Eastern","Total","allcrime","A",21,276,275.99999999951,4.90160800836748e-10
"Eastern","Total","allcrime","A",22,298,297.999999999912,8.77093953022268e-11
"Eastern","Total","allcrime","A",23,242,242.000000000057,-5.70707925362512e-11
"Eastern","Total","allcrime","A",24,271,270.999999999055,9.4479446488549e-10
"Eastern","Total","allcrime","A",25,294,293.999999998061,1.93881533050444e-09
"Eastern","Total","allcrime","A",26,374,374.000000000234,-2.34194885706529e-10
"Eastern","Total","allcrime","A",27,366,366.000000000568,-5.68149971513776e-10
"Eastern","Total","allcrime","A",28,385,384.999999997899,2.10093276109546e-09
"Eastern","Total","allcrime","A",29,327,327.000000001267,-1.26743771033944e-09
"Eastern","Total","allcrime","A",30,322,321.999999998778,1.2215082278999e-09
"Eastern","Total","allcrime","A",31,304,303.999999999173,8.27185431262478e-10
"Eastern","Total","allcrime","A",32,323,323.000000000626,-6.26300789008383e-10
"Eastern","Total","allcrime","A",33,342,341.99999999885,1.14965814645984e-09
"Eastern","Total","allcrime","A",34,265,265.000000001735,-1.73542957782047e-09
"Eastern","Total","allcrime","A",35,241,240.999999997112,2.88787305180449e-09
"Eastern","Total","allcrime","A",36,296,295.999999999965,3.45607986673713e-11
"Eastern","Total","allcrime","A",37,373,373.000000000515,-5.1494453146006e-10
"Eastern","Total","allcrime","A",38,360,360.000000000845,-8.45489012135658e-10
"Eastern","Total","allcrime","A",39,379,379.000000000039,-3.89377419196535e-11
"Eastern","Total","allcrime","A",40,289,288.999999998501,1.49930201587267e-09
"Eastern","Total","allcrime","A",41,341,341.000000000333,-3.32931904267753e-10
"Eastern","Total","allcrime","A",42,378,377.999999999839,1.60866875376087e-10
"Eastern","Total","allcrime","A",43,424,424.00000000002,-1.99520400201436e-11
"Eastern","Total","allcrime","A",44,389,389.00000000211,-2.11014139495092e-09
"Eastern","Total","allcrime","A",45,328,327.999999999251,7.49423634260893e-10
"Eastern","Total","allcrime","A",46,351,350.999999999175,8.25366441858932e-10
"Eastern","Total","allcrime","A",47,359,359.000000000162,-1.61719526658999e-10
"Eastern","Total","allcrime","A",48,339,338.999999999504,4.9595882956055e-10
"Eastern","Total","allcrime","A",49,386,385.999999999322,6.78255673847161e-10
"Eastern","Total","allcrime","A",50,393,392.999999998662,1.33769617605140e-09
"Eastern","Total","allcrime","A",51,447,446.999999999834,1.65641722560395e-10
"Eastern","Total","allcrime","A",52,421,420.999999999925,7.50333128962666e-11
"Eastern","Total","allcrime","A",53,410,410.000000000691,-6.91272816766286e-10
"Eastern","Total","allcrime","A",54,359,359.000000001347,-1.34656374939368e-09
"Eastern","Total","allcrime","A",55,388,387.999999998014,1.98616589841549e-09
"Eastern","Total","allcrime","A",56,348,348.000000001455,-1.45462308864808e-09
"Eastern","Total","allcrime","A",57,305,305.000000002051,-2.05136529984884e-09
"Eastern","Total","allcrime","A",58,304,303.999999999805,1.94972926692571e-10
"Eastern","Total","allcrime","A",59,305,304.999999998502,1.49822199091432e-09
"Eastern","Total","allcrime","A",60,348,348.000000000357,-3.56919827027014e-10
"Eastern","Total","allcrime","A",61,359,359.000000000431,-4.30929958383786e-10
"Eastern","Total","allcrime","A",62,353,353.000000000212,-2.1174173525651e-10
"Eastern","Total","allcrime","A",63,367,345.685842491967,21.3141575080335
"Eastern","Total","allcrime","A",64,350,316.381530086141,33.6184699138595
"Eastern","Total","allcrime","A",65,328,358.557401000856,-30.5574010008557
"Eastern","Total","allcrime","A",66,342,363.754570830181,-21.7545708301809
"Eastern","Total","allcrime","A",67,334,357.359933959825,-23.359933959825
"Eastern","Total","allcrime","A",68,342,300.790587886722,41.2094121132782
"Eastern","Total","allcrime","A",69,357,347.654526134491,9.34547386550872
"Eastern","Total","allcrime","A",70,388,313.336049690441,74.6639503095593
"Eastern","Total","allcrime","A",71,306,267.701490778212,38.298509221788
"Eastern","Total","allcrime","A",72,293,265.409493209043,27.5905067909567
"Eastern","Total","allcrime","A",73,331,284.668353351864,46.331646648136
"Eastern","Total","allcrime","A",74,369,295.750961960232,73.2490380397684
"Eastern","Total","allcrime","A",75,321,322.190079131208,-1.19007913120765
"Eastern","Total","allcrime","A",76,397,379.03876511579,17.9612348842101
"Eastern","Total","allcrime","A",77,347,360.649383632166,-13.6493836321664
"Eastern","Total","allcrime","A",78,373,334.015401614013,38.9845983859869
"Eastern","Total","allcrime","A",79,335,341.473885813352,-6.47388581335201
"Eastern","Total","allcrime","A",80,318,316.946431859722,1.053568140278
"Eastern","Total","allcrime","A",81,328,268.831086628957,59.1689133710434
"Eastern","Total","allcrime","A",82,267,278.8046745665,-11.8046745665
"Eastern","Total","allcrime","A",83,265,282.192557425936,-17.1925574259357
"Eastern","Total","allcrime","A",84,311,265.65633570509,45.34366429491
"Eastern","Total","allcrime","A",85,278,261.803136185383,16.1968638146171
"Eastern","Total","allcrime","A",86,242,218.786735699138,23.2132643008622
"Eastern","Total","allcrime","A",87,273,231.577244291118,41.4227557088815
"Eastern","Total","allcrime","A",88,315,251.870299865273,63.1297001347273
"Eastern","Total","allcrime","A",89,268,259.330493050262,8.66950694973809
"Eastern","Total","allcrime","A",90,265,257.040963752677,7.95903624732307
"Eastern","Total","allcrime","A",91,300,253.526942417538,46.4730575824616
"Eastern","Total","allcrime","A",92,298,273.78485524583,24.2151447541698
"Eastern","Total","allcrime","A",93,256,247.220348283457,8.77965171654282
"Eastern","Total","allcrime","A",94,213,245.988412434617,-32.9884124346172
"Eastern","Total","allcrime","A",95,173,203.38723148973,-30.38723148973
"Eastern","Total","allcrime","A",96,196,189.753492278278,6.24650772172183
"Eastern","Total","allcrime","A",97,246,212.966301902938,33.0336980970621
"Eastern","Total","allcrime","A",98,233,205.754682516291,27.245317483709
"Eastern","Total","allcrime","A",99,279,246.468489961316,32.5315100386843
"Eastern","Total","allcrime","A",100,295,261.317011153636,33.6829888463641
"Eastern","Total","allcrime","A",101,269,245.004453343523,23.995546656477
"Eastern","Total","allcrime","A",102,272,261.432947569303,10.5670524306973
"Eastern","Total","allcrime","A",103,311,265.50867688708,45.4913231129196
"Eastern","Total","allcrime","A",104,287,297.720728763676,-10.7207287636757
"Eastern","Total","allcrime","A",105,271,287.514310535511,-16.5143105355108
"Eastern","Total","allcrime","A",106,285,280.788901484472,4.21109851552768
"Eastern","Total","allcrime","A",107,245,242.645617861809,2.35438213819086
"Eastern","Total","allcrime","A",108,229,260.342045321322,-31.3420453213218
"Eastern","Total","allcrime","A",109,252,268.196468294191,-16.1964682941908
"Eastern","Total","allcrime","A",110,255,246.238119087132,8.76188091286826
"Eastern","Total","allcrime","A",111,283,260.410551044407,22.5894489555932
"Eastern","Total","allcrime","A",112,331,279.445493004182,51.5545069958175
"Eastern","Total","allcrime","A",113,307,303.221403963238,3.77859603676234
"Eastern","Total","allcrime","A",114,331,289.571186302781,41.4288136972195
"Eastern","Total","allcrime","A",115,331,298.674796359868,32.325203640132
"Eastern","Total","allcrime","A",116,286,323.26186960757,-37.2618696075705
"Eastern","Total","allcrime","A",117,280,310.537759100235,-30.5377591002348
"Eastern","Total","allcrime","A",118,260,284.22354944448,-24.2235494444803
"Eastern","Total","allcrime","A",119,265,248.740947874016,16.2590521259839
"Eastern","Total","allcrime","A",120,272,293.996585488953,-21.9965854889525
"Eastern","Total","allcrime","A",121,295,289.794662726761,5.20533727323942
"Eastern","Total","allcrime","A",122,290,311.846628615224,-21.8466286152244
"Eastern","Total","allcrime","A",123,300,336.15110220304,-36.1511022030403
"Eastern","Total","allcrime","A",124,335,333.845043376904,1.15495662309644
"Eastern","Total","person","A",1,71,71.0000000416274,-4.16274303915998e-08
"Eastern","Total","person","A",2,98,97.9999996784708,3.21529213920257e-07
"Eastern","Total","person","A",3,99,99.0000002193097,-2.19309683302527e-07
"Eastern","Total","person","A",4,75,75.0000001453762,-1.45376219506943e-07
"Eastern","Total","person","A",5,80,80.0002817275809,-0.000281727580855318
"Eastern","Total","person","A",6,77,76.999999914484,8.55160351420636e-08
"Eastern","Total","person","A",7,58,58.0000001672478,-1.67247762306033e-07
"Eastern","Total","person","A",8,53,53.0006229130024,-0.000622913002388259
"Eastern","Total","person","A",9,55,55.0002814940991,-0.000281494099127144
"Eastern","Total","person","A",10,54,54.0000001913753,-1.91375285396589e-07
"Eastern","Total","person","A",11,47,47.0000001012573,-1.01257292328683e-07
"Eastern","Total","person","A",12,65,65.0000001495193,-1.49519280512322e-07
"Eastern","Total","person","A",13,75,75.0006228708527,-0.000622870852652113
"Eastern","Total","person","A",14,75,75.0000001762488,-1.7624876136324e-07
"Eastern","Total","person","A",15,72,71.9999999199211,8.00789194954632e-08
"Eastern","Total","person","A",16,66,66.0000000702762,-7.02762434912074e-08
"Eastern","Total","person","A",17,72,72.0002814010002,-0.000281401000165715
"Eastern","Total","person","A",18,70,70.0000000592589,-5.92589373127339e-08
"Eastern","Total","person","A",19,58,58.000281525658,-0.00028152565799644
"Eastern","Total","person","A",20,62,62.000000042503,-4.25029895723128e-08
"Eastern","Total","person","A",21,55,55.0000000521054,-5.21053777902125e-08
"Eastern","Total","person","A",22,80,80.0000003116821,-3.11682086362453e-07
"Eastern","Total","person","A",23,41,40.9999999086701,9.13299089688735e-08
"Eastern","Total","person","A",24,51,51.0002813146102,-0.000281314610177219
"Eastern","Total","person","A",25,49,49.0000000833398,-8.3339791956405e-08
"Eastern","Total","person","A",26,102,102.000000181929,-1.81928967890599e-07
"Eastern","Total","person","A",27,101,101.000281445706,-0.000281445706306727
"Eastern","Total","person","A",28,120,120.001407266894,-0.00140726689427595
"Eastern","Total","person","A",29,80,80.0000001769207,-1.76920650574175e-07
"Eastern","Total","person","A",30,82,82.0002812416982,-0.000281241698246504
"Eastern","Total","person","A",31,80,80.0006228227536,-0.000622822753641117
"Eastern","Total","person","A",32,88,88.0002814848332,-0.000281484833237755
"Eastern","Total","person","A",33,86,86.000000151724,-1.51724037777967e-07
"Eastern","Total","person","A",34,60,60.0000000651469,-6.51468852197468e-08
"Eastern","Total","person","A",35,58,57.9999999451773,5.48226708474431e-08
"Eastern","Total","person","A",36,86,86.0002813187551,-0.000281318755142479
"Eastern","Total","person","A",37,105,105.000000190783,-1.90783126186034e-07
"Eastern","Total","person","A",38,105,105.000000786547,-7.86546678455124e-07
"Eastern","Total","person","A",39,90,90.0000000077376,-7.73755459704262e-09
"Eastern","Total","person","A",40,74,74.000000060838,-6.08379906452683e-08
"Eastern","Total","person","A",41,97,97.0000003282556,-3.28255623571749e-07
"Eastern","Total","person","A",42,93,93.0000000711069,-7.11069105818751e-08
"Eastern","Total","person","A",43,113,113.000562845696,-0.000562845696251202
"Eastern","Total","person","A",44,93,93.0000000776642,-7.76641968514014e-08
"Eastern","Total","person","A",45,65,65.0006225669597,-0.000622566959663118
"Eastern","Total","person","A",46,91,91.0006230065226,-0.000623006522573633
"Eastern","Total","person","A",47,90,90.0000001346735,-1.34673484808445e-07
"Eastern","Total","person","A",48,77,77.0000003010657,-3.01065668395495e-07
"Eastern","Total","person","A",49,94,94.0000001732403,-1.73240309209177e-07
"Eastern","Total","person","A",50,106,106.000000258754,-2.58753743764828e-07
"Eastern","Total","person","A",51,112,112.00000032043,-3.20430245892567e-07
"Eastern","Total","person","A",52,116,115.999999958642,4.13577510016694e-08
"Eastern","Total","person","A",53,99,99.000000186482,-1.86482040476221e-07
"Eastern","Total","person","A",54,139,138.999999561827,4.38173231032124e-07
"Eastern","Total","person","A",55,100,100.000000257663,-2.57663486991078e-07
"Eastern","Total","person","A",56,105,104.999999936207,6.37934078895341e-08
"Eastern","Total","person","A",57,76,76.0000001102877,-1.10287743382287e-07
"Eastern","Total","person","A",58,78,78.0000004018185,-4.0181846827636e-07
"Eastern","Total","person","A",59,69,68.999999843324,1.56675952212026e-07
"Eastern","Total","person","A",60,79,79.0000000879089,-8.79089157024282e-08
"Eastern","Total","person","A",61,106,106.000000009903,-9.90316095794697e-09
"Eastern","Total","person","A",62,121,120.999999785916,2.14084252547764e-07
"Eastern","Total","person","A",63,97,80.1805533421945,16.8194466578055
"Eastern","Total","person","A",64,91,86.8662958765077,4.13370412349234
"Eastern","Total","person","A",65,99,81.1113442556653,17.8886557443347
"Eastern","Total","person","A",66,94,83.1913890368865,10.8086109631135
"Eastern","Total","person","A",67,92,97.8407369680491,-5.84073696804906
"Eastern","Total","person","A",68,78,83.2585119386362,-5.25851193863623
"Eastern","Total","person","A",69,100,80.0260884985609,19.9739115014391
"Eastern","Total","person","A",70,100,76.9732146694379,23.0267853305621
"Eastern","Total","person","A",71,70,70.5488049945364,-0.548804994536425
"Eastern","Total","person","A",72,88,63.3304309123268,24.6695690876732
"Eastern","Total","person","A",73,103,68.6936464642067,34.3063535357933
"Eastern","Total","person","A",74,104,71.7092449631719,32.2907550368281
"Eastern","Total","person","A",75,92,83.3929103168656,8.60708968313442
"Eastern","Total","person","A",76,130,97.004295057634,32.995704942366
"Eastern","Total","person","A",77,115,98.7805661376014,16.2194338623986
"Eastern","Total","person","A",78,122,87.4019336653424,34.5980663346576
"Eastern","Total","person","A",79,118,94.5394617449385,23.4605382550615
"Eastern","Total","person","A",80,104,86.7755491835117,17.2244508164883
"Eastern","Total","person","A",81,94,60.4401640838435,33.5598359161565
"Eastern","Total","person","A",82,65,71.1816653765561,-6.18166537655608
"Eastern","Total","person","A",83,68,71.9426779362211,-3.94267793622112
"Eastern","Total","person","A",84,85,60.9257720198074,24.0742279801926
"Eastern","Total","person","A",85,92,70.1966469957903,21.8033530042097
"Eastern","Total","person","A",86,65,62.1971726411264,2.80282735887362
"Eastern","Total","person","A",87,92,65.0380273759422,26.9619726240578
"Eastern","Total","person","A",88,88,63.9285541515151,24.0714458484849
"Eastern","Total","person","A",89,92,75.0237551111138,16.9762448888862
"Eastern","Total","person","A",90,86,78.1114758174797,7.88852418252027
"Eastern","Total","person","A",91,96,72.1849662195142,23.8150337804858
"Eastern","Total","person","A",92,98,76.0967564670158,21.9032435329842
"Eastern","Total","person","A",93,81,58.3429853231284,22.6570146768716
"Eastern","Total","person","A",94,54,64.4684633679729,-10.4684633679729
"Eastern","Total","person","A",95,40,57.4615635062762,-17.4615635062762
"Eastern","Total","person","A",96,68,49.3425624193703,18.6574375806297
"Eastern","Total","person","A",97,81,61.0133200402961,19.9866799597039
"Eastern","Total","person","A",98,85,54.6027455160401,30.3972544839599
"Eastern","Total","person","A",99,96,68.3339312972925,27.6660687027075
"Eastern","Total","person","A",100,101,78.2027198540885,22.7972801459115
"Eastern","Total","person","A",101,89,86.8571629379132,2.14283706208677
"Eastern","Total","person","A",102,84,67.7836523341799,16.2163476658201
"Eastern","Total","person","A",103,112,83.241286169313,28.758713830687
"Eastern","Total","person","A",104,76,97.4153006337326,-21.4153006337326
"Eastern","Total","person","A",105,76,78.8522497564119,-2.85224975641188
"Eastern","Total","person","A",106,93,93.3601230492539,-0.360123049253914
"Eastern","Total","person","A",107,80,72.5287694518003,7.47123054819971
"Eastern","Total","person","A",108,75,81.7379281133038,-6.73792811330375
"Eastern","Total","person","A",109,84,94.6913227257992,-10.6913227257992
"Eastern","Total","person","A",110,66,93.5204018624825,-27.5204018624825
"Eastern","Total","person","A",111,91,85.0492417826105,5.95075821738953
"Eastern","Total","person","A",112,101,84.3083559515276,16.6916440484724
"Eastern","Total","person","A",113,79,89.4863098840342,-10.4863098840342
"Eastern","Total","person","A",114,101,77.201210392786,23.798789607214
"Eastern","Total","person","A",115,83,72.4701407045015,10.5298592954985
"Eastern","Total","person","A",116,82,84.37755755352,-2.37755755352003
"Eastern","Total","person","A",117,76,107.181335250579,-31.181335250579
"Eastern","Total","person","A",118,60,77.3382556953986,-17.3382556953986
"Eastern","Total","person","A",119,62,63.4521255679641,-1.4521255679641
"Eastern","Total","person","A",120,71,62.4371127748289,8.56288722517111
"Eastern","Total","person","A",121,58,71.0202219504721,-13.0202219504721
"Eastern","Total","person","A",122,74,95.2757415475267,-21.2757415475267
"Eastern","Total","person","A",123,77,97.6392261722489,-20.6392261722489
"Eastern","Total","person","A",124,76,94.6731179642641,-18.6731179642641
"Eastern","Total","property","A",1,184,184.001073483902,-0.00107348390190509
"Eastern","Total","property","A",2,162,162.003371097398,-0.00337109739788843
"Eastern","Total","property","A",3,185,185.001422117055,-0.00142211705460227
"Eastern","Total","property","A",4,172,172.003500479944,-0.00350047994399461
"Eastern","Total","property","A",5,167,167.002127210571,-0.00212721057127396
"Eastern","Total","property","A",6,173,173.000036541776,-3.65417759837783e-05
"Eastern","Total","property","A",7,181,181.005339835019,-0.0053398350194982
"Eastern","Total","property","A",8,165,165.000000000009,-9.06652530829888e-12
"Eastern","Total","property","A",9,161,161.002146967828,-0.0021469678280539
"Eastern","Total","property","A",10,174,174.003261472099,-0.00326147209906935
"Eastern","Total","property","A",11,116,116.001385575278,-0.00138557527778005
"Eastern","Total","property","A",12,118,118.003605626622,-0.00360562662207542
"Eastern","Total","property","A",13,118,118.002293134877,-0.00229313487722038
"Eastern","Total","property","A",14,145,145.000417238035,-0.000417238034714273
"Eastern","Total","property","A",15,169,169.002527664102,-0.00252766410230265
"Eastern","Total","property","A",16,180,180.001875896844,-0.00187589684358613
"Eastern","Total","property","A",17,160,160.003500479949,-0.00350047994902525
"Eastern","Total","property","A",18,151,151.003917717979,-0.00391771797885099
"Eastern","Total","property","A",19,151,151.002114904668,-0.00211490466756459
"Eastern","Total","property","A",20,125,125.000073083526,-7.30835263738072e-05
"Eastern","Total","property","A",21,167,167.000036541765,-3.65417650129984e-05
"Eastern","Total","property","A",22,170,170.002078362901,-0.00207836290130103
"Eastern","Total","property","A",23,131,131.000036541772,-3.65417716636784e-05
"Eastern","Total","property","A",24,157,157.000729329428,-0.000729329428082792
"Eastern","Total","property","A",25,173,173.002807692301,-0.0028076923006779
"Eastern","Total","property","A",26,161,161.000802412916,-0.000802412915874129
"Eastern","Total","property","A",27,182,182.003188388601,-0.00318838860115989
"Eastern","Total","property","A",28,179,179.001802813314,-0.00180281331441279
"Eastern","Total","property","A",29,169,169.004371497797,-0.00437149779671131
"Eastern","Total","property","A",30,169,169.00433943464,-0.00433943463966102
"Eastern","Total","property","A",31,155,155.002568684487,-0.00256868448744285
"Eastern","Total","property","A",32,166,166.001385575273,-0.00138557527310468
"Eastern","Total","property","A",33,194,194.00072932939,-0.000729329390082967
"Eastern","Total","property","A",34,142,142.00221557275,-0.0022155727496056
"Eastern","Total","property","A",35,129,129.003569084857,-0.00356908485727558
"Eastern","Total","property","A",36,134,134.000761392554,-0.000761392554011309
"Eastern","Total","property","A",37,182,182.003022464282,-0.00302246428191211
"Eastern","Total","property","A",38,171,171.000871017832,-0.00087101783185517
"Eastern","Total","property","A",39,210,210.00107348391,-0.00107348391040318
"Eastern","Total","property","A",40,146,146.001073483913,-0.00107348391279061
"Eastern","Total","property","A",41,175,175.001454180188,-0.0014541801884036
"Eastern","Total","property","A",42,209,209.001146567436,-0.0011465674357396
"Eastern","Total","property","A",43,236,236.003715251925,-0.00371525192539934
"Eastern","Total","property","A",44,197,197.00149072196,-0.00149072196029465
"Eastern","Total","property","A",45,202,202.00152278511,-0.0015227851100974
"Eastern","Total","property","A",46,191,191.000765871152,-0.000765871151713782
"Eastern","Total","property","A",47,191,191.002220051329,-0.00222005132869185
"Eastern","Total","property","A",48,174,174.001834876458,-0.00183487645773539
"Eastern","Total","property","A",49,191,191.000761392555,-0.000761392555148177
"Eastern","Total","property","A",50,211,211.001146567438,-0.00114656743801334
"Eastern","Total","property","A",51,240,240.001766271571,-0.00176627157051712
"Eastern","Total","property","A",52,240,240.003986322908,-0.00398632290821865
"Eastern","Total","property","A",53,212,212.002527664096,-0.00252766409568039
"Eastern","Total","property","A",54,154,154.001981043521,-0.00198104352091377
"Eastern","Total","property","A",55,181,181.000453779799,-0.000453779799499898
"Eastern","Total","property","A",56,165,165.002495600949,-0.00249560094917456
"Eastern","Total","property","A",57,165,165.00149072195,-0.0014907219501481
"Eastern","Total","property","A",58,167,167.002876297226,-0.00287629722581073
"Eastern","Total","property","A",59,167,167.000802412921,-0.000802412921245832
"Eastern","Total","property","A",60,193,193.002912838995,-0.00291283899485961
"Eastern","Total","property","A",61,167,167.001871418241,-0.00187141824110881
"Eastern","Total","property","A",62,156,156.001215172373,-0.00121517237266744
"Eastern","Total","property","A",63,165,190.037820287613,-25.0378202876128
"Eastern","Total","property","A",64,185,162.549679106319,22.4503208936813
"Eastern","Total","property","A",65,142,191.051038059808,-49.0510380598076
"Eastern","Total","property","A",66,153,210.035408382386,-57.0354083823857
"Eastern","Total","property","A",67,144,186.929714656397,-42.9297146563972
"Eastern","Total","property","A",68,188,164.905846310094,23.0941536899059
"Eastern","Total","property","A",69,171,190.042551485102,-19.0425514851022
"Eastern","Total","property","A",70,207,175.333169879158,31.6668301208419
"Eastern","Total","property","A",71,158,129.019609402065,28.980390597935
"Eastern","Total","property","A",72,135,131.294042062683,3.70595793731658
"Eastern","Total","property","A",73,119,129.032850390729,-10.0328503907295
"Eastern","Total","property","A",74,163,137.38525774537,25.6147422546298
"Eastern","Total","property","A",75,130,143.531671595438,-13.5316715954382
"Eastern","Total","property","A",76,174,191.03293170769,-17.0329317076905
"Eastern","Total","property","A",77,159,167.84920713934,-8.84920713933991
"Eastern","Total","property","A",78,149,132.284952625737,16.715047374263
"Eastern","Total","property","A",79,150,144.134241176251,5.86575882374922
"Eastern","Total","property","A",80,136,154.531858826969,-18.5318588269688
"Eastern","Total","property","A",81,143,139.197617650723,3.80238234927745
"Eastern","Total","property","A",82,139,152.477773009258,-13.4777730092581
"Eastern","Total","property","A",83,110,147.295970190239,-37.295970190239
"Eastern","Total","property","A",84,150,128.951063292799,21.0489367072009
"Eastern","Total","property","A",85,107,120.298714048116,-13.2987140481162
"Eastern","Total","property","A",86,116,99.8369524648293,16.1630475351707
"Eastern","Total","property","A",87,114,97.3037583624278,16.6962416375722
"Eastern","Total","property","A",88,126,125.219523773336,0.780476226663623
"Eastern","Total","property","A",89,102,111.077109172153,-9.07710917215309
"Eastern","Total","property","A",90,97,94.2647359758165,2.73526402418351
"Eastern","Total","property","A",91,116,117.506376625567,-1.50637662556741
"Eastern","Total","property","A",92,121,132.28602630721,-11.2860263072097
"Eastern","Total","property","A",93,104,112.249535034838,-8.24953503483782
"Eastern","Total","property","A",94,103,114.409799999231,-11.4097999992306
"Eastern","Total","property","A",95,78,90.8779877730886,-12.8779877730886
"Eastern","Total","property","A",96,77,80.8969115566035,-3.89691155660347
"Eastern","Total","property","A",97,92,100.09465621985,-8.09465621984971
"Eastern","Total","property","A",98,76,85.9363796603477,-9.9363796603477
"Eastern","Total","property","A",99,107,115.746260164462,-8.7462601644616
"Eastern","Total","property","A",100,117,123.399466077398,-6.3994660773983
"Eastern","Total","property","A",101,103,99.3256492510165,3.67435074898349
"Eastern","Total","property","A",102,117,119.248075850778,-2.24807585077782
"Eastern","Total","property","A",103,123,110.84926334343,12.1507366565696
"Eastern","Total","property","A",104,126,118.750082321578,7.24991767842171
"Eastern","Total","property","A",105,121,120.766681142456,0.233318857543651
"Eastern","Total","property","A",106,125,95.1003907349425,29.8996092650575
"Eastern","Total","property","A",107,101,111.259418336577,-10.2594183365768
"Eastern","Total","property","A",108,99,101.70344809503,-2.70344809502997
"Eastern","Total","property","A",109,95,97.9006844344535,-2.90068443445354
"Eastern","Total","property","A",110,105,92.3962956205655,12.6037043794345
"Eastern","Total","property","A",111,109,107.197339217799,1.80266078220086
"Eastern","Total","property","A",112,133,116.191258029049,16.8087419709508
"Eastern","Total","property","A",113,132,127.278482555532,4.72151744446751
"Eastern","Total","property","A",114,156,132.954595278738,23.0454047212623
"Eastern","Total","property","A",115,152,137.956550273622,14.043449726378
"Eastern","Total","property","A",116,123,147.832310303185,-24.8323103031855
"Eastern","Total","property","A",117,126,120.858708240967,5.14129175903321
"Eastern","Total","property","A",118,136,130.258806471996,5.74119352800352
"Eastern","Total","property","A",119,123,111.111229934149,11.8887700658508
"Eastern","Total","property","A",120,117,128.747122317955,-11.7471223179548
"Eastern","Total","property","A",121,158,133.911564422467,24.0884355775331
"Eastern","Total","property","A",122,132,151.433015066771,-19.4330150667712
"Eastern","Total","property","A",123,148,158.260621417578,-10.2606214175777
"Eastern","Total","property","A",124,166,153.049495632553,12.9505043674471
"Eastern","Outdoor","allcrime","A",1,150,150.00000000914,-9.13956910153502e-09
"Eastern","Outdoor","allcrime","A",2,182,182.000228100304,-0.000228100303985457
"Eastern","Outdoor","allcrime","A",3,192,192.000228103621,-0.00022810362133896
"Eastern","Outdoor","allcrime","A",4,167,167.000000013207,-1.32067157210258e-08
"Eastern","Outdoor","allcrime","A",5,160,160.000191198959,-0.000191198959072381
"Eastern","Outdoor","allcrime","A",6,160,160.000000002145,-2.14512851925974e-09
"Eastern","Outdoor","allcrime","A",7,148,148.000228117719,-0.000228117718648946
"Eastern","Outdoor","allcrime","A",8,130,130.000000009223,-9.22321419238870e-09
"Eastern","Outdoor","allcrime","A",9,114,113.999999992933,7.06653224824549e-09
"Eastern","Outdoor","allcrime","A",10,122,122.000000005635,-5.63524338303978e-09
"Eastern","Outdoor","allcrime","A",11,92,92.0000000029123,-2.91234414362407e-09
"Eastern","Outdoor","allcrime","A",12,119,119.000228110369,-0.000228110369164369
"Eastern","Outdoor","allcrime","A",13,132,132.000000011853,-1.18525349535048e-08
"Eastern","Outdoor","allcrime","A",14,150,150.000228113201,-0.000228113200620328
"Eastern","Outdoor","allcrime","A",15,167,167.000228106837,-0.000228106837482756
"Eastern","Outdoor","allcrime","A",16,159,158.999999986904,1.30960984279227e-08
"Eastern","Outdoor","allcrime","A",17,159,158.999999976361,2.36387904806179e-08
"Eastern","Outdoor","allcrime","A",18,151,150.999999994342,5.65836444366141e-09
"Eastern","Outdoor","allcrime","A",19,130,129.999999996813,3.18732418236323e-09
"Eastern","Outdoor","allcrime","A",20,120,120.000000016533,-1.65334768098546e-08
"Eastern","Outdoor","allcrime","A",21,116,115.9999999951,4.89974638639978e-09
"Eastern","Outdoor","allcrime","A",22,110,109.99999999795,2.05041317258292e-09
"Eastern","Outdoor","allcrime","A",23,92,91.9999999996068,3.93228560824355e-10
"Eastern","Outdoor","allcrime","A",24,121,121.000228102159,-0.000228102158786214
"Eastern","Outdoor","allcrime","A",25,146,146.000000013819,-1.38185782816436e-08
"Eastern","Outdoor","allcrime","A",26,229,228.999999992881,7.11938241693133e-09
"Eastern","Outdoor","allcrime","A",27,194,193.999999999892,1.07547748484649e-10
"Eastern","Outdoor","allcrime","A",28,230,230.000228085456,-0.000228085456399185
"Eastern","Outdoor","allcrime","A",29,174,174.000000011017,-1.10174198653112e-08
"Eastern","Outdoor","allcrime","A",30,181,181.000456227395,-0.000456227394806774
"Eastern","Outdoor","allcrime","A",31,150,150.000228122947,-0.000228122946651865
"Eastern","Outdoor","allcrime","A",32,176,175.999999967654,3.23457811646222e-08
"Eastern","Outdoor","allcrime","A",33,177,177.000228109697,-0.000228109696564616
"Eastern","Outdoor","allcrime","A",34,113,112.999999985267,1.47326488786348e-08
"Eastern","Outdoor","allcrime","A",35,117,117.000000007117,-7.11682446308259e-09
"Eastern","Outdoor","allcrime","A",36,139,138.99999998996,1.00401393865468e-08
"Eastern","Outdoor","allcrime","A",37,204,204.000000020868,-2.08677022328629e-08
"Eastern","Outdoor","allcrime","A",38,193,193.000000021608,-2.16083151372004e-08
"Eastern","Outdoor","allcrime","A",39,194,194.000000007637,-7.6374249147193e-09
"Eastern","Outdoor","allcrime","A",40,156,156.000000011217,-1.12168834220938e-08
"Eastern","Outdoor","allcrime","A",41,190,190.000000016268,-1.62680748871935e-08
"Eastern","Outdoor","allcrime","A",42,215,215.000000001757,-1.75722902895359e-09
"Eastern","Outdoor","allcrime","A",43,255,254.999999981798,1.82020016836759e-08
"Eastern","Outdoor","allcrime","A",44,218,218.00000001134,-1.13404610146972e-08
"Eastern","Outdoor","allcrime","A",45,141,141.000228098783,-0.000228098783395581
"Eastern","Outdoor","allcrime","A",46,93,92.999999996925,3.07501579754899e-09
"Eastern","Outdoor","allcrime","A",47,155,154.999999987442,1.25579902032769e-08
"Eastern","Outdoor","allcrime","A",48,127,126.999999993113,6.88730494857737e-09
"Eastern","Outdoor","allcrime","A",49,202,202.000228059573,-0.000228059573004202
"Eastern","Outdoor","allcrime","A",50,168,168.000000000185,-1.85394810614525e-10
"Eastern","Outdoor","allcrime","A",51,209,209.000000012565,-1.25652377391816e-08
"Eastern","Outdoor","allcrime","A",52,199,199.000000024021,-2.40208350987814e-08
"Eastern","Outdoor","allcrime","A",53,161,161.000000006354,-6.35372998658568e-09
"Eastern","Outdoor","allcrime","A",54,169,168.999999995722,4.27766622124182e-09
"Eastern","Outdoor","allcrime","A",55,170,169.999999963806,3.61939385129517e-08
"Eastern","Outdoor","allcrime","A",56,167,167.000000010615,-1.0615252676871e-08
"Eastern","Outdoor","allcrime","A",57,111,111.000000001463,-1.46258116728859e-09
"Eastern","Outdoor","allcrime","A",58,129,128.999999992152,7.84774556450429e-09
"Eastern","Outdoor","allcrime","A",59,128,128.000000004292,-4.29230340159847e-09
"Eastern","Outdoor","allcrime","A",60,136,136.000000003695,-3.6953622384317e-09
"Eastern","Outdoor","allcrime","A",61,134,134.000000005891,-5.89059823141724e-09
"Eastern","Outdoor","allcrime","A",62,146,145.999999995841,4.15886347582273e-09
"Eastern","Outdoor","allcrime","A",63,151,135.228360952575,15.7716390474246
"Eastern","Outdoor","allcrime","A",64,142,121.013392745298,20.9866072547024
"Eastern","Outdoor","allcrime","A",65,139,127.823591277705,11.1764087222946
"Eastern","Outdoor","allcrime","A",66,180,139.677715227576,40.3222847724244
"Eastern","Outdoor","allcrime","A",67,182,168.921668853147,13.0783311468529
"Eastern","Outdoor","allcrime","A",68,186,156.450405195042,29.5495948049576
"Eastern","Outdoor","allcrime","A",69,176,172.583041389792,3.41695861020833
"Eastern","Outdoor","allcrime","A",70,200,149.301915731899,50.6980842681012
"Eastern","Outdoor","allcrime","A",71,140,107.415924690036,32.5840753099644
"Eastern","Outdoor","allcrime","A",72,128,105.366660120447,22.633339879553
"Eastern","Outdoor","allcrime","A",73,139,131.576190460291,7.42380953970937
"Eastern","Outdoor","allcrime","A",74,193,132.772017768309,60.2279822316906
"Eastern","Outdoor","allcrime","A",75,151,142.496496631733,8.50350336826696
"Eastern","Outdoor","allcrime","A",76,194,153.254888380113,40.7451116198871
"Eastern","Outdoor","allcrime","A",77,160,168.106651434857,-8.10665143485733
"Eastern","Outdoor","allcrime","A",78,182,151.604753278379,30.395246721621
"Eastern","Outdoor","allcrime","A",79,148,147.522981249645,0.477018750355086
"Eastern","Outdoor","allcrime","A",80,139,139.76446428384,-0.764464283840368
"Eastern","Outdoor","allcrime","A",81,131,125.96756978187,5.0324302181303
"Eastern","Outdoor","allcrime","A",82,110,113.094263815861,-3.09426381586134
"Eastern","Outdoor","allcrime","A",83,100,127.695145430751,-27.6951454307512
"Eastern","Outdoor","allcrime","A",84,127,120.361695194806,6.63830480519374
"Eastern","Outdoor","allcrime","A",85,121,113.861326859097,7.13867314090318
"Eastern","Outdoor","allcrime","A",86,117,87.3478884177702,29.6521115822298
"Eastern","Outdoor","allcrime","A",87,112,97.9306295375595,14.0693704624405
"Eastern","Outdoor","allcrime","A",88,136,121.719717787954,14.2802822120458
"Eastern","Outdoor","allcrime","A",89,107,145.367366863827,-38.3673668638268
"Eastern","Outdoor","allcrime","A",90,124,118.963027336725,5.0369726632749
"Eastern","Outdoor","allcrime","A",91,146,122.515957194514,23.484042805486
"Eastern","Outdoor","allcrime","A",92,130,126.162925245554,3.83707475444641
"Eastern","Outdoor","allcrime","A",93,107,107.85657600894,-0.856576008939868
"Eastern","Outdoor","allcrime","A",94,103,103.145625264412,-0.145625264411578
"Eastern","Outdoor","allcrime","A",95,70,83.1754619298699,-13.1754619298699
"Eastern","Outdoor","allcrime","A",96,83,77.7179192183935,5.2820807816065
"Eastern","Outdoor","allcrime","A",97,114,92.2728240238887,21.7271759761113
"Eastern","Outdoor","allcrime","A",98,112,90.1517139035098,21.8482860964902
"Eastern","Outdoor","allcrime","A",99,114,110.768932540938,3.2310674590619
"Eastern","Outdoor","allcrime","A",100,142,117.939150715954,24.0608492840459
"Eastern","Outdoor","allcrime","A",101,107,94.1652887061868,12.8347112938132
"Eastern","Outdoor","allcrime","A",102,117,96.9210634059047,20.0789365940953
"Eastern","Outdoor","allcrime","A",103,123,108.938091559232,14.0619084407678
"Eastern","Outdoor","allcrime","A",104,107,109.705401691064,-2.70540169106424
"Eastern","Outdoor","allcrime","A",105,100,102.173979675546,-2.17397967554584
"Eastern","Outdoor","allcrime","A",106,125,106.930120466519,18.0698795334808
"Eastern","Outdoor","allcrime","A",107,91,89.7124699228345,1.28753007716551
"Eastern","Outdoor","allcrime","A",108,85,80.7083244956483,4.29167550435167
"Eastern","Outdoor","allcrime","A",109,86,103.200871353862,-17.2008713538617
"Eastern","Outdoor","allcrime","A",110,100,106.778400144932,-6.77840014493223
"Eastern","Outdoor","allcrime","A",111,119,122.393687358391,-3.39368735839146
"Eastern","Outdoor","allcrime","A",112,133,126.022288684321,6.97771131567941
"Eastern","Outdoor","allcrime","A",113,131,124.62851334492,6.37148665508015
"Eastern","Outdoor","allcrime","A",114,160,123.843745081132,36.1562549188676
"Eastern","Outdoor","allcrime","A",115,133,112.844123751215,20.1558762487845
"Eastern","Outdoor","allcrime","A",116,113,115.885999947591,-2.88599994759132
"Eastern","Outdoor","allcrime","A",117,112,129.45167301283,-17.4516730128301
"Eastern","Outdoor","allcrime","A",118,117,103.930762349631,13.0692376503692
"Eastern","Outdoor","allcrime","A",119,93,78.7509225874431,14.2490774125569
"Eastern","Outdoor","allcrime","A",120,113,97.7724129253114,15.2275870746886
"Eastern","Outdoor","allcrime","A",121,123,104.269000501433,18.7309994985675
"Eastern","Outdoor","allcrime","A",122,118,132.667148179246,-14.6671481792465
"Eastern","Outdoor","allcrime","A",123,138,143.142016184281,-5.14201618428055
"Eastern","Outdoor","allcrime","A",124,172,170.399496987267,1.60050301273264
"Eastern","Outdoor","person","A",1,36,36.0000000048519,-4.85185580600955e-09
"Eastern","Outdoor","person","A",2,56,55.9999999921215,7.87851206496271e-09
"Eastern","Outdoor","person","A",3,50,50.0000000004875,-4.87538898141793e-10
"Eastern","Outdoor","person","A",4,49,48.999999999831,1.6900258970054e-10
"Eastern","Outdoor","person","A",5,40,40.0000000002193,-2.19280593682925e-10
"Eastern","Outdoor","person","A",6,48,47.9999999984336,1.56639146098314e-09
"Eastern","Outdoor","person","A",7,31,30.9999999992717,7.28302751440424e-10
"Eastern","Outdoor","person","A",8,25,24.9999999998244,1.75585768147357e-10
"Eastern","Outdoor","person","A",9,29,29.0000000076974,-7.69741248518585e-09
"Eastern","Outdoor","person","A",10,28,27.9999999963491,3.65088936860047e-09
"Eastern","Outdoor","person","A",11,23,23.0000000077204,-7.72038433183297e-09
"Eastern","Outdoor","person","A",12,33,32.9999999975252,2.47483455950714e-09
"Eastern","Outdoor","person","A",13,41,40.9999999929387,7.06130975913766e-09
"Eastern","Outdoor","person","A",14,43,42.9999999968539,3.14608428197971e-09
"Eastern","Outdoor","person","A",15,50,49.999999996542,3.45802675383311e-09
"Eastern","Outdoor","person","A",16,40,39.9999999991251,8.74898375968769e-10
"Eastern","Outdoor","person","A",17,49,49.0000000018321,-1.83211312787535e-09
"Eastern","Outdoor","person","A",18,36,35.9999999993659,6.34095442819671e-10
"Eastern","Outdoor","person","A",19,27,27.0000000034628,-3.46277317930799e-09
"Eastern","Outdoor","person","A",20,29,29.0000000042464,-4.24643786800516e-09
"Eastern","Outdoor","person","A",21,29,28.9999999897587,1.02413473257457e-08
"Eastern","Outdoor","person","A",22,33,33.0000000017608,-1.76077463720503e-09
"Eastern","Outdoor","person","A",23,20,19.9999999996047,3.95296240185417e-10
"Eastern","Outdoor","person","A",24,26,26.0000000046158,-4.61580285104901e-09
"Eastern","Outdoor","person","A",25,35,34.9999999999087,9.12692144083849e-11
"Eastern","Outdoor","person","A",26,73,72.9999999845754,1.54246038164274e-08
"Eastern","Outdoor","person","A",27,58,58.0000000036488,-3.64879326752998e-09
"Eastern","Outdoor","person","A",28,85,84.9999999972046,2.79541723102739e-09
"Eastern","Outdoor","person","A",29,47,47.0000000040357,-4.03566247086928e-09
"Eastern","Outdoor","person","A",30,52,52.0000000040188,-4.01882260803177e-09
"Eastern","Outdoor","person","A",31,43,42.9999999978885,2.11151984785829e-09
"Eastern","Outdoor","person","A",32,52,51.999999990767,9.23301968214219e-09
"Eastern","Outdoor","person","A",33,47,47.0000000019072,-1.90718907333576e-09
"Eastern","Outdoor","person","A",34,30,30.000000001323,-1.32297373056645e-09
"Eastern","Outdoor","person","A",35,30,30.0000000015129,-1.51291601468984e-09
"Eastern","Outdoor","person","A",36,45,44.9999999994606,5.39401412424922e-10
"Eastern","Outdoor","person","A",37,60,59.9999999913273,8.67270699700384e-09
"Eastern","Outdoor","person","A",38,70,69.9999999985602,1.43984379974427e-09
"Eastern","Outdoor","person","A",39,55,54.9999999948202,5.17982101655434e-09
"Eastern","Outdoor","person","A",40,56,55.9999999907875,9.21253473507022e-09
"Eastern","Outdoor","person","A",41,64,63.9999999986376,1.36244437953792e-09
"Eastern","Outdoor","person","A",42,68,67.9999999999196,8.04192268333281e-11
"Eastern","Outdoor","person","A",43,69,68.999999988594,1.14060156874984e-08
"Eastern","Outdoor","person","A",44,63,63.0000000033986,-3.39858274855942e-09
"Eastern","Outdoor","person","A",45,36,35.9999999989282,1.07182529518468e-09
"Eastern","Outdoor","person","A",46,27,26.9999999943675,5.63254332064389e-09
"Eastern","Outdoor","person","A",47,50,50.0000000019116,-1.91159443829747e-09
"Eastern","Outdoor","person","A",48,33,32.999999993223,6.77700739970533e-09
"Eastern","Outdoor","person","A",49,62,62.0000000008584,-8.58364046507631e-10
"Eastern","Outdoor","person","A",50,48,47.9999999992179,7.82080178396427e-10
"Eastern","Outdoor","person","A",51,52,51.9999999939697,6.03032646040447e-09
"Eastern","Outdoor","person","A",52,61,60.9999999927075,7.29250615449928e-09
"Eastern","Outdoor","person","A",53,39,38.9999999929169,7.08310921027078e-09
"Eastern","Outdoor","person","A",54,72,71.9999999996819,3.18109982799797e-10
"Eastern","Outdoor","person","A",55,56,55.9999999951609,4.83908735304794e-09
"Eastern","Outdoor","person","A",56,59,58.9999999938666,6.13338357879911e-09
"Eastern","Outdoor","person","A",57,33,32.9999999987281,1.27192123500208e-09
"Eastern","Outdoor","person","A",58,44,43.9999999980941,1.90594562354818e-09
"Eastern","Outdoor","person","A",59,33,33.0000000017043,-1.70425096257532e-09
"Eastern","Outdoor","person","A",60,29,29.0000000029642,-2.96422086876191e-09
"Eastern","Outdoor","person","A",61,47,47.0000000023333,-2.33325181397959e-09
"Eastern","Outdoor","person","A",62,57,56.9999999988352,1.16475717959474e-09
"Eastern","Outdoor","person","A",63,50,35.4601379677868,14.5398620322132
"Eastern","Outdoor","person","A",64,44,44.0503614428084,-0.0503614428084092
"Eastern","Outdoor","person","A",65,52,36.3812440511533,15.6187559488467
"Eastern","Outdoor","person","A",66,50,34.5629694165744,15.4370305834256
"Eastern","Outdoor","person","A",67,56,55.5525563553225,0.447443644677534
"Eastern","Outdoor","person","A",68,47,47.937518526938,-0.93751852693795
"Eastern","Outdoor","person","A",69,59,44.7486420316846,14.2513579683154
"Eastern","Outdoor","person","A",70,56,36.6506199395397,19.3493800604603
"Eastern","Outdoor","person","A",71,40,32.1190842982579,7.88091570174213
"Eastern","Outdoor","person","A",72,50,26.3705261601851,23.6294738398149
"Eastern","Outdoor","person","A",73,48,30.9972579628132,17.0027420371868
"Eastern","Outdoor","person","A",74,63,39.2412105718059,23.7587894281941
"Eastern","Outdoor","person","A",75,53,43.6399881774149,9.36001182258507
"Eastern","Outdoor","person","A",76,75,52.4467094664249,22.5532905335751
"Eastern","Outdoor","person","A",77,63,50.7428869199985,12.2571130800015
"Eastern","Outdoor","person","A",78,76,44.8646908339976,31.1353091660024
"Eastern","Outdoor","person","A",79,53,49.2790150747432,3.72098492525677
"Eastern","Outdoor","person","A",80,55,44.2672767155834,10.7327232844166
"Eastern","Outdoor","person","A",81,41,28.5593672590638,12.4406327409362
"Eastern","Outdoor","person","A",82,26,31.6826039823725,-5.68260398237248
"Eastern","Outdoor","person","A",83,23,36.3846281455056,-13.3846281455056
"Eastern","Outdoor","person","A",84,35,28.8079817041208,6.19201829587922
"Eastern","Outdoor","person","A",85,44,27.2475718219607,16.7524281780393
"Eastern","Outdoor","person","A",86,35,24.9638520928019,10.0361479071981
"Eastern","Outdoor","person","A",87,40,26.4454785949972,13.5545214050028
"Eastern","Outdoor","person","A",88,46,37.4506397527204,8.54936024727962
"Eastern","Outdoor","person","A",89,39,45.825102159373,-6.82510215937297
"Eastern","Outdoor","person","A",90,54,40.5027973301811,13.4972026698189
"Eastern","Outdoor","person","A",91,51,35.9262508742206,15.0737491257794
"Eastern","Outdoor","person","A",92,47,40.7473946636064,6.25260533639361
"Eastern","Outdoor","person","A",93,37,27.4338690975488,9.56613090245115
"Eastern","Outdoor","person","A",94,22,28.5013048894438,-6.50130488944376
"Eastern","Outdoor","person","A",95,19,26.138901413982,-7.13890141398203
"Eastern","Outdoor","person","A",96,32,24.0958784224032,7.90412157759679
"Eastern","Outdoor","person","A",97,43,22.3649071881004,20.6350928118996
"Eastern","Outdoor","person","A",98,49,23.8741119921336,25.1258880078664
"Eastern","Outdoor","person","A",99,42,33.5639746193189,8.43602538068112
"Eastern","Outdoor","person","A",100,57,37.5620291756417,19.4379708243583
"Eastern","Outdoor","person","A",101,53,40.8155846854725,12.1844153145275
"Eastern","Outdoor","person","A",102,43,37.166649022519,5.83335097748099
"Eastern","Outdoor","person","A",103,50,42.156634807575,7.84336519242499
"Eastern","Outdoor","person","A",104,36,47.2730801682857,-11.2730801682857
"Eastern","Outdoor","person","A",105,44,34.7092611943258,9.29073880567424
"Eastern","Outdoor","person","A",106,54,44.5489845590955,9.45101544090449
"Eastern","Outdoor","person","A",107,37,34.8396523781228,2.16034762187724
"Eastern","Outdoor","person","A",108,32,31.8025926846205,0.197407315379461
"Eastern","Outdoor","person","A",109,28,39.4325844116933,-11.4325844116933
"Eastern","Outdoor","person","A",110,38,41.867123029309,-3.86712302930898
"Eastern","Outdoor","person","A",111,48,39.3957649586287,8.60423504137125
"Eastern","Outdoor","person","A",112,50,42.6628220278895,7.33717797211045
"Eastern","Outdoor","person","A",113,47,42.7078365602532,4.29216343974677
"Eastern","Outdoor","person","A",114,52,40.784481087738,11.215518912262
"Eastern","Outdoor","person","A",115,34,33.4683008626432,0.531699137356775
"Eastern","Outdoor","person","A",116,39,33.5424214988766,5.45757850112335
"Eastern","Outdoor","person","A",117,43,53.2158455644258,-10.2158455644258
"Eastern","Outdoor","person","A",118,26,30.1702518154822,-4.17025181548222
"Eastern","Outdoor","person","A",119,24,21.7988909715232,2.20110902847676
"Eastern","Outdoor","person","A",120,38,21.6065615330235,16.3934384669765
"Eastern","Outdoor","person","A",121,30,23.6193276330415,6.38067236695854
"Eastern","Outdoor","person","A",122,36,49.5460743502378,-13.5460743502378
"Eastern","Outdoor","person","A",123,33,47.0343436253899,-14.0343436253899
"Eastern","Outdoor","person","A",124,37,55.8519698458584,-18.8519698458584
