"outcome","time","estimate"
"retail",-56,-0.8117446246092
"retail",-55,0.565049574448954
"retail",-54,0.00399803581561302
"retail",-53,-0.0909821007487896
"retail",-52,0.161455275510975
"retail",-51,-0.957253995733375
"retail",-50,-0.110127787087226
"retail",-49,1.0559331171752
"retail",-48,-0.68668769683304
"retail",-47,-0.47860805272655
"retail",-46,-0.161292368467511
"retail",-45,-0.33762778703528
"retail",-44,-0.128206720033207
"retail",-43,1.00551735299003
"retail",-42,0.39710152968248
"retail",-41,0.528101241024491
"retail",-40,-0.0573264662540634
"retail",-39,1.55282073545658
"retail",-38,0.609430059446164
"retail",-37,-0.5610714683723
"retail",-36,1.09727124907887
"retail",-35,0.22089835045899
"retail",-34,-0.0753018371167743
"retail",-33,0.268620722887873
"retail",-32,0.632542737577819
"retail",-31,-0.396246347450858
"retail",-30,-1.23598195413663
"retail",-29,-2.24802092842119
"retail",-28,-1.28026373568789
"retail",-27,0.116198130550928
"retail",-26,-0.597969260782885
"retail",-25,0.574930116866128
"retail",-24,0.445978358331674
"retail",-23,0.26029986393736
"retail",-22,0.485444598469516
"retail",-21,-0.414368153592725
"retail",-20,-1.47828242025441
"retail",-19,-0.496342989169657
"retail",-18,-0.929259517188173
"retail",-17,-0.186987164991681
"retail",-16,-0.934792489508416
"retail",-15,-0.346645601815573
"retail",-14,-0.0603147627109049
"retail",-13,-0.253429649020884
"retail",-12,-0.301679013564215
"retail",-11,-0.631879188197518
"retail",-10,-0.0753131102933245
"retail",-9,-0.526701210005408
"retail",-8,0.141413194397279
"retail",-7,0.181921126951987
"retail",-6,0.522378656494554
"retail",-5,0.231647496119555
"retail",-4,0.289573533689671
"retail",-3,0.465756456394481
"retail",-2,1.0624741425406
"retail",-1,3.9739527455119
"retail",0,-27.6294285521249
"retail",1,-20.0355135816265
"retail",2,-30.2734372890565
"retail",3,-22.8163348360421
"retail",4,-35.4487490005329
"retail",5,-26.4150922652953
"retail",6,-26.8015237663034
"retail",7,-21.3350377914397
"retail",8,-29.2260796945378
"retail",9,-30.0727507142324
"retail",10,-22.5416609194662
"retail",11,-29.7012822155787
"retail",12,-27.0527922124063
"retail",13,-20.5224560783945
"retail",14,-17.1317108581788
"retail",15,-20.4228740436908
"retail",16,-18.9647146306881
"grocery",-56,-0.773700294362739
"grocery",-55,1.336389306496
"grocery",-54,-0.748185945578643
"grocery",-53,-0.764363185278646
"grocery",-52,0.44843485567125
"grocery",-51,-0.401224961524407
"grocery",-50,-1.45232973802344
"grocery",-49,1.55337068855009
"grocery",-48,0.0596868351426585
"grocery",-47,-0.35780984124244
"grocery",-46,-0.289627645014804
"grocery",-45,1.41544380115328
"grocery",-44,0.52384384994829
"grocery",-43,-0.686519120468175
"grocery",-42,0.18072278635062
"grocery",-41,-0.449463705662683
"grocery",-40,-0.707387723254292
"grocery",-39,-0.569940686944428
"grocery",-38,0.311640077386654
"grocery",-37,-0.297420968123948
"grocery",-36,0.305595418994628
"grocery",-35,-1.37472315028023
"grocery",-34,0.455643530785016
"grocery",-33,-0.540225006399976
"grocery",-32,1.10753352801101
"grocery",-31,0.911055970328789
"grocery",-30,-0.385358210457814
"grocery",-29,-2.42587782206463
"grocery",-28,-1.07058305551004
"grocery",-27,-0.0989551829012543
"grocery",-26,0.497381582530973
"grocery",-25,0.187947595565628
"grocery",-24,2.01271388563514
"grocery",-23,1.46411215877628
"grocery",-22,-0.0415220793521933
"grocery",-21,-0.96988846135722
"grocery",-20,-0.891402783541861
"grocery",-19,0.522322190593617
"grocery",-18,-0.783108092817288
"grocery",-17,-1.1625498498343
"grocery",-16,-0.638399021574
"grocery",-15,-2.04337330660925
"grocery",-14,-0.157676000799016
"grocery",-13,-0.764192191883729
"grocery",-12,-0.315524037795738
"grocery",-11,-0.481484238011515
"grocery",-10,1.05386071930134
"grocery",-9,0.27356706119114
"grocery",-8,-0.338589466307763
"grocery",-7,1.37977252996115
"grocery",-6,0.640162408517483
"grocery",-5,0.129786430937384
"grocery",-4,-0.956635373957056
"grocery",-3,0.302156139970539
"grocery",-2,1.00752638238609
"grocery",-1,4.85737141274846
"grocery",0,-58.5916093407698
"grocery",1,-50.7021966521988
"grocery",2,-60.8840573901617
"grocery",3,-55.2998005736459
"grocery",4,-63.8225275817875
"grocery",5,-49.8036516267502
"grocery",6,-59.2156876769971
"grocery",7,-55.0236606171019
"grocery",8,-52.4650315657598
"grocery",9,-63.7980340879744
"grocery",10,-57.5743870372547
"grocery",11,-61.1338819104088
"grocery",12,-64.4525437270996
"grocery",13,-43.6894009354457
"grocery",14,-45.159436772446
"grocery",15,-29.6336897879587
"grocery",16,-31.457023403007
"park",-56,-3.34388003378953
"park",-55,1.88953226290524
"park",-54,0.350216824777148
"park",-53,2.70962185184386
"park",-52,0.824964720207664
"park",-51,1.90963361662688
"park",-50,-0.260141141173107
"park",-49,0.705117609771915
"park",-48,-1.9270712641021
"park",-47,1.43065026365523
"park",-46,3.47753940198393
"park",-45,-1.17634398646308
"park",-44,-0.908936684473592
"park",-43,-0.724029672105462
"park",-42,-0.240642726988052
"park",-41,-0.115991268845155
"park",-40,0.100668741044414
"park",-39,0.741162627068844
"park",-38,2.58194755627585
"park",-37,-0.623439457353162
"park",-36,1.86878720593041
"park",-35,-0.256738789407746
"park",-34,0.828163315604519
"park",-33,-0.30539128123426
"park",-32,2.0310890212659
"park",-31,-0.955529314866254
"park",-30,-0.217880319924726
"park",-29,-5.00215549069933
"park",-28,-2.2164564859655
"park",-27,0.887695489125513
"park",-26,1.36532238844374
"park",-25,0.132890176440118
"park",-24,-0.0309182832341924
"park",-23,0.847999641175449
"park",-22,1.51358850654867
"park",-21,-0.436071917857617
"park",-20,-3.55399446013846
"park",-19,-1.37454838015608
"park",-18,2.6148343579857
"park",-17,0.322734072563838
"park",-16,1.25323826870192
"park",-15,0.0980775851501128
"park",-14,-0.477721055247636
"park",-13,-1.89592760457951
"park",-12,-0.541774189957797
"park",-11,-0.0725519259387316
"park",-10,-0.852786563132933
"park",-9,0.793200771541784
"park",-8,0.412452103289698
"park",-7,-1.65109751209157
"park",-6,-2.17107856599887
"park",-5,-0.159664586196884
"park",-4,-1.27970757303868
"park",-3,-0.332050272454392
"park",-2,-1.14181236956599
"park",-1,2.55520479705207
"park",0,-35.213633691329
"park",1,-33.183856493051
"park",2,-38.0831167232724
"park",3,-38.1056481401575
"park",4,-41.3280749056327
"park",5,-31.1537658986626
"park",6,-33.1196012858653
"park",7,-36.2716375700023
"park",8,-36.5661614336977
"park",9,-37.4783620531232
"park",10,-33.9589592048031
"park",11,-37.8369998947268
"park",12,-42.9210492224416
"park",13,-25.8742111113823
"park",14,-26.6833192422481
"park",15,-23.8925368198793
"park",16,-16.9849336947433
"transit",-56,-0.224557848946265
"transit",-55,0.442055694353669
"transit",-54,-0.121887815956786
"transit",-53,-0.454498109439263
"transit",-52,1.26656071339558
"transit",-51,-0.830287407868174
"transit",-50,-0.82706222857963
"transit",-49,0.915287152734735
"transit",-48,-0.502799619963972
"transit",-47,2.47989760203331
"transit",-46,1.152095559558
"transit",-45,-0.177413557323575
"transit",-44,2.78219941420751
"transit",-43,0.697734024399397
"transit",-42,-0.593877442733515
"transit",-41,-2.06728360093587
"transit",-40,-0.613865299510331
"transit",-39,-0.107218522422795
"transit",-38,1.01078067113257
"transit",-37,0.555740003807298
"transit",-36,0.516223839564431
"transit",-35,0.454646821957794
"transit",-34,-0.900815882640937
"transit",-33,0.388288614097558
"transit",-32,1.91495121736456
"transit",-31,-0.100715098712201
"transit",-30,-0.730786073048442
"transit",-29,-1.52566424357533
"transit",-28,-0.929883675558318
"transit",-27,3.22058993556951
"transit",-26,-2.11204144634262
"transit",-25,-0.565674990549948
"transit",-24,0.464275485257146
"transit",-23,-1.4564690276822
"transit",-22,1.36714563733124
"transit",-21,1.17768322469433
"transit",-20,-1.49953015574428
"transit",-19,-0.339100635769801
"transit",-18,-0.26354665738801
"transit",-17,-0.821976903120528
"transit",-16,-1.0907619416984
"transit",-15,-1.12413646020504
"transit",-14,-2.31526905276667
"transit",-13,-2.16607046861171
"transit",-12,-0.0273307031983589
"transit",-11,0.194212538539262
"transit",-10,0.959663614243092
"transit",-9,-0.0235505070978388
"transit",-8,0.50103148155543
"transit",-7,-0.62054653289485
"transit",-6,-0.0776668271805294
"transit",-5,0.981067281898848
"transit",-4,0.0520857128149943
"transit",-3,0.834098022470954
"transit",-2,-1.41315932260709
"transit",-1,2.29713379709206
"transit",0,-17.8765789352905
"transit",1,-15.5362197913257
"transit",2,-19.9754772551306
"transit",3,-17.5861246402423
"transit",4,-24.5961357425072
"transit",5,-17.512768238881
"transit",6,-18.1774801925688
"transit",7,-15.0995351094094
"transit",8,-19.5804041633326
"transit",9,-19.4607274347101
"transit",10,-14.6548342198868
"transit",11,-18.5981099410898
"transit",12,-17.323842075123
"transit",13,-12.1738568961566
"transit",14,-11.3903627973721
"transit",15,-12.7054159728292
"transit",16,-12.7101802077344
"workplace",-56,-0.583716945079615
"workplace",-55,-0.273044665055403
"workplace",-54,0.47925415674025
"workplace",-53,-0.538146107403586
"workplace",-52,-0.203501849444996
"workplace",-51,-0.0827758353734404
"workplace",-50,0.425591303976719
"workplace",-49,-0.199635864779972
"workplace",-48,-0.912228537259225
"workplace",-47,0.21231095959345
"workplace",-46,-0.239237514345809
"workplace",-45,-0.498575036840558
"workplace",-44,-0.0583465222113318
"workplace",-43,0.481693752750788
"workplace",-42,0.0364627266714717
"workplace",-41,0.565412037522415
"workplace",-40,0.473523319897419
"workplace",-39,-0.49582644213604
"workplace",-38,0.291177071935213
"workplace",-37,-0.0472204486339538
"workplace",-36,0.000201493922411461
"workplace",-35,-0.00156789190845553
"workplace",-34,0.417454510565307
"workplace",-33,0.49060178628916
"workplace",-32,-0.371194164071958
"workplace",-31,-0.0736011517490025
"workplace",-30,-0.541617025986127
"workplace",-29,0.29936076413365
"workplace",-28,0.84637755133397
"workplace",-27,0.385240715315516
"workplace",-26,0.75363391121922
"workplace",-25,0.771626643934552
"workplace",-24,1.09761947032507
"workplace",-23,0.400788404024314
"workplace",-22,-0.0377765209283349
"workplace",-21,0.00890863632203916
"workplace",-20,-0.526725861235366
"workplace",-19,0.466527969773197
"workplace",-18,0.17840811819358
"workplace",-17,0.385633459784309
"workplace",-16,0.102620912002816
"workplace",-15,-0.195235691672443
"workplace",-14,0.119211418916157
"workplace",-13,-0.0352326665750576
"workplace",-12,-0.155868154006828
"workplace",-11,-0.707448585511547
"workplace",-10,-0.358150851046862
"workplace",-9,-0.282147741845836
"workplace",-8,-0.402656852224199
"workplace",-7,0.249214487212902
"workplace",-6,0.837513845833675
"workplace",-5,-0.201352511792469
"workplace",-4,-0.662745168341186
"workplace",-3,-0.421366901832151
"workplace",-2,-0.905870771516328
"workplace",-1,-0.76355514738151
"workplace",0,-39.6874060540167
"workplace",1,-27.9596793963167
"workplace",2,-40.9826389261083
"workplace",3,-29.4330984145327
"workplace",4,-25.9987101589537
"workplace",5,-28.3369442190448
"workplace",6,-36.7911329660717
"workplace",7,-25.9649977396918
"workplace",8,-24.4890664689441
"workplace",9,-38.5640108884624
"workplace",10,-26.9004440740762
"workplace",11,-32.9967568126028
"workplace",12,-26.0835049305063
"workplace",13,-21.6618495070964
"workplace",14,-16.1695230767297
"workplace",15,-14.8083293248881
"workplace",16,-12.5687927266495
"residential",-56,-0.440128009287962
"residential",-55,0.506554934242937
"residential",-54,-0.546024480018496
"residential",-53,0.0180443118720536
"residential",-52,-0.29830446992769
"residential",-51,-0.224982830915835
"residential",-50,-0.00337461148271837
"residential",-49,-0.974687563448575
"residential",-48,0.337552411337835
"residential",-47,-0.254512589142119
"residential",-46,-0.440127631936745
"residential",-45,-0.448674624674382
"residential",-44,-0.694723914152742
"residential",-43,-0.439438006147183
"residential",-42,-0.888387323866971
"residential",-41,-0.772588061645777
"residential",-40,-0.00107536005378005
"residential",-39,-0.286488160708004
"residential",-38,0.0931259199350101
"residential",-37,0.121544473149568
"residential",-36,-0.120532966895196
"residential",-35,-0.815345198642385
"residential",-34,-0.317111654139965
"residential",-33,-0.312189212214369
"residential",-32,-0.12201503056914
"residential",-31,-0.0387927619342008
"residential",-30,0.345317313368438
"residential",-29,0.675386135837334
"residential",-28,0.412894437134979
"residential",-27,-0.288643995761186
"residential",-26,-0.235259116890078
"residential",-25,-0.348406379229812
"residential",-24,0.176352679428262
"residential",-23,0.673640272536952
"residential",-22,-0.193185867924807
"residential",-21,0.90561845944811
"residential",-20,1.37870003249725
"residential",-19,0.266783760647631
"residential",-18,-0.448858344570151
"residential",-17,0.341865586934259
"residential",-16,0.237942153195229
"residential",-15,0.169868637020105
"residential",-14,0.990120443729015
"residential",-13,0.146652919815583
"residential",-12,0.7065584475436
"residential",-11,0.828524723721669
"residential",-10,0.276316647138552
"residential",-9,0.084702549272289
"residential",-8,-0.352485541311346
"residential",-7,-0.172983938228311
"residential",-6,-0.569932525597891
"residential",-5,-0.158655795176503
"residential",-4,0.352155901937267
"residential",-3,1.0652557936075
"residential",-2,1.094555058006
"residential",-1,-0.998118036863104
"residential",0,16.8076314487362
"residential",1,11.9944203198812
"residential",2,17.3827232213566
"residential",3,11.8645551756608
"residential",4,15.1897614636955
"residential",5,13.3132362804729
"residential",6,14.3016540275473
"residential",7,8.66914269135408
"residential",8,14.3050128356099
"residential",9,15.5289432603781
"residential",10,7.92427066030385
"residential",11,12.7823570261521
"residential",12,9.78521004546412
"residential",13,9.48459380465592
"residential",14,8.06549418140563
"residential",15,9.18440932821189
"residential",16,7.73966592119544
